run,run_key,condition,modality,steps,norm_od_mae,norm_od_rmse,norm_od_r2,growth_rate_mae,growth_rate_rmse,growth_rate_r2,co2_ppm_mae,co2_ppm_rmse,co2_ppm_r2,od_45_mae,od_45_rmse,od_45_r2,od_90_mae,od_90_rmse,od_90_r2,od_135_mae,od_135_rmse,od_135_r2,nm_415_mae,nm_415_rmse,nm_415_r2,nm_445_mae,nm_445_rmse,nm_445_r2,nm_480_mae,nm_480_rmse,nm_480_r2,nm_515_mae,nm_515_rmse,nm_515_r2,nm_555_mae,nm_555_rmse,nm_555_r2,nm_590_mae,nm_590_rmse,nm_590_r2,nm_630_mae,nm_630_rmse,nm_630_r2,nm_680_mae,nm_680_rmse,nm_680_r2
mackey_glass__glucose__20260901143358,mackey_glass:glucose:20260901143358,glucose,mackey_glass,94,0.5241722739032979,0.5346480033731478,-238.99334059767085,0.048628161400470354,0.058937493552214226,-2.3127535826034014,175.30653023668512,201.15225298576033,-2.2066125584597356,0.2652888173529203,0.28592938238713717,-7.080205620825055,0.049536844005848485,0.05297680139006682,-103.11820510011755,0.09861755031280164,0.1041642323251491,-34.47682630724129,0.012916971460999597,0.013918279656222488,-94.98842160309795,0.09993384744445913,0.10703948561839208,-97.71592978672146,0.12313734441247895,0.1312361149632605,-95.70729003468321,0.15202625584089632,0.1658674339422435,-99.37530689205286,0.15216606893419796,0.1620033589678028,-69.679197345394,0.15500541353652988,0.1664289986028656,-69.98867766186882,0.139394943798742,0.14835800382441763,-58.08381466819805,0.0939749374658831,0.10083352989277691,-70.26020155785072
mackey_glass__nitro__20260901224037,mackey_glass:nitro:20260901224037,nitro,mackey_glass,85,0.9818466219549745,1.2262710333636397,-1.0697557373032245,0.03926922271533692,0.04815723538046442,0.021585134189518573,122.12774275814193,144.0211012823068,0.01875828718259187,0.22932858349594062,0.26294578172792393,-4.228120055980965,0.04916532854442819,0.05234837234303463,-48.542943418410196,0.10365349738732206,0.11084097362393243,-25.67700946228379,0.015151547115037797,0.016325313728441284,-46.04802451233845,0.12512979372853392,0.13391835156531487,-40.43408960785332,0.14909100091782357,0.15918723514566488,-41.48866477487264,0.1752956464169889,0.19063301984393594,-51.846633355430626,0.17731692115063355,0.18899506162072086,-40.59951345048507,0.1760122672906975,0.18930111335599087,-41.26572116335022,0.15690494239308278,0.16751194884690904,-34.95235466738564,0.10475383782942373,0.11284709133352042,-40.355909302259455
mackey_glass__salt__20260901143936,mackey_glass:salt:20260901143936,salt,mackey_glass,91,0.16427130082821356,0.18307344761213712,-5.918981426688066,0.04867892275661086,0.058186107503428605,-1.8785785552950158,97.57267740885416,110.64082683596904,-0.5743263569823809,0.04334510520532166,0.05382189270463866,-7.206442140449042,0.033242976064988765,0.037356509863872095,-7.054708167092615,0.029791683726379827,0.038645882808359316,-10.07914069819313,0.002679316790121462,0.0028498390083134674,-21.796168855875077,0.02778700233998802,0.028633526961386817,-33.31388592599235,0.02675441267903003,0.02724731271666491,-24.493505790240334,0.026467930418683335,0.027698429970479794,-19.430015956712793,0.02518306038739969,0.027321054431454318,-14.058040239086429,0.018762545666425903,0.0202453118658357,-8.005796640022393,0.014532228774085517,0.016835583904800853,-5.987882730925928,0.010617329293516506,0.012355770888173639,-8.95932362341963
mackey_glass__sulfur__20260902080307,mackey_glass:sulfur:20260902080307,sulfur,mackey_glass,85,2.544347007751078,2.691896676658042,-8.631612088759757,0.032134026619074545,0.052029444680114494,-0.2792160011958431,85.2198113496972,123.60483675909634,-0.4239481483397629,0.07958175789188518,0.10391867391889016,-0.8833825502135391,0.04425123416051455,0.05696503560649429,-7.667020110512681,0.057816604654841376,0.07368559492938925,-6.5883331978931725,0.011519400830610847,0.013592169792834265,-17.202044862689377,0.09748053642560027,0.1131076979693031,-15.723316177669048,0.11400892493973518,0.13249270971240126,-15.123849752868342,0.1393443901295565,0.1651123379835339,-20.176203921785966,0.132826613877636,0.15456603341914354,-13.959663985166396,0.13134075804646056,0.1557328935261161,-14.527477202479103,0.11175941938215915,0.1334120338281758,-11.552196915599897,0.0759669066565513,0.09086357566090093,-14.101314904142333
pulse__control__20260705115653,pulse:control:20260705115653,control,pulse,124,0.18945184644502497,0.205392423955462,-30.11121199501397,0.02257959848012528,0.02477644190116646,0.0842884626296383,112.01801485424198,123.81524529174276,-1.5993797532451572,0.08336969041942371,0.0851061203593528,-127.14207721606095,0.03905610983054651,0.03965464404356166,-33.043662642063026,0.05025800078722967,0.050914917663160746,-54.007878957371005,0.006491117374845278,0.006606293974713892,-35.670390042353745,0.05494978100045261,0.05582618767896307,-39.09501074586893,0.05999157877666192,0.0612024089941585,-31.564431135981245,0.07385039299354965,0.07498508974648936,-36.11461003719202,0.08842182438095735,0.08962329040166853,-41.23949969589619,0.08339219990590724,0.08450754249883452,-37.26574009763925,0.08103128478520608,0.08235167971778576,-37.70439286355555,0.05011447457149421,0.051046246405353914,-36.953373712946586
pulse__glucose__20260709215429,pulse:glucose:20260709215429,glucose,pulse,173,0.20977583463478044,0.2407528452934974,-35.514057064904556,0.032901079606892314,0.03611475761082115,-1.685051224236536,178.93467210873152,208.16673067863985,-0.7266060853397831,0.032331120005975385,0.03816632694156557,-2.693726869012319,0.01507243974489692,0.01743925174995328,-17.86146389190624,0.014162311296357923,0.016291405019458367,-3.428167680054215,0.0022672567297484436,0.0026026499736899055,-8.886926378907104,0.022310384144831597,0.025068449225236558,-11.58104426464354,0.022696210487516803,0.025657028504117496,-8.712692828258962,0.03239679443507359,0.03629120259070752,-13.835768925793996,0.04329740386823564,0.050052880275573135,-22.42193467738262,0.035207807478374514,0.03974981796482593,-15.645791703195314,0.03941283018771028,0.04569487330964663,-24.769592340283207,0.022026461261669555,0.024447913861882355,-18.98436866113474
pulse__nitrogen__20260703122850,pulse:nitrogen:20260703122850,nitrogen,pulse,162,0.3356036230786844,0.35022049471780325,-54.82238110219262,0.03491100061895502,0.03821876141820199,-3.3381022626720407,259.7910807650961,264.89689325167114,-23.43837153514664,0.1698709463002864,0.17019860480242305,-604.8778476557309,0.007204623869542061,0.010226608229342524,-0.49974148464546,0.08643359665337076,0.08677642295244666,-110.10001082239432,0.0021436303232485747,0.002486808065950647,-0.685588404269635,0.03915169936964907,0.04389668132861785,-7.391699456747418,0.05714019639343022,0.06135741448820123,-10.01250079260069,0.051990224749843286,0.05834657453787525,-6.232527063256672,0.060191236850122606,0.06450969442155008,-5.831559312127507,0.054282759532332414,0.05942769669361549,-4.798502096366143,0.02662041009565195,0.02954461389671856,-0.5330948081337024,0.010591182376941044,0.014914603085738101,0.015201561324085011
pulse__nitrogen__20260804092944,pulse:nitrogen:20260804092944,nitrogen,pulse,137,0.31877814040382063,0.3283993710103183,-549.2003536743031,0.030582045481850954,0.03579908974231403,-2.4029073487321995,202.20436575464151,216.08900312834712,-6.584916222995471,0.0706971364313406,0.07300672557044807,-65.52727379490989,0.03771671130465636,0.038095141621730624,-42.9040131148799,0.04018062105286371,0.04093861173710038,-180.09775613689587,0.004843828027861025,0.0049947819530655,-140.5976341214948,0.038152661915698105,0.039816040408703186,-119.07189114581365,0.05544225303351492,0.056220605794847146,-176.3560094305539,0.05258828291374876,0.05522344565117771,-143.62876702594306,0.05372058408965475,0.05794232769843662,-131.19649992447992,0.05807932159966894,0.06065698818018162,-158.85149204209262,0.05439088819813887,0.05736876668749815,-147.3325335843154,0.033615288372133324,0.03592962860095647,-147.6350399509898
pulse__nitrogen__20260805104326,pulse:nitrogen:20260805104326,nitrogen,pulse,139,0.1142048046917893,0.15268704390941612,-39.02442692509504,0.015758211401957746,0.018818053414908036,0.3155714913316472,259.1732731178763,268.414802274008,-15.537457192142892,0.015754776017230767,0.01987122591119995,-4.870190898600034,0.010564243380482863,0.011726120891074736,-3.362482790496162,0.0054472486087001806,0.006762550263203497,-0.9510983242296798,0.002984339720745056,0.0031861114132622397,-6.781219555391033,0.026820982786768324,0.02869250921428452,-6.926462832783925,0.03292551984879133,0.034785490057520956,-7.647564961887072,0.02720259510606962,0.0298886388142844,-4.89711587748428,0.02491936726846559,0.028835398498068456,-3.431396816062552,0.02994757544936768,0.03258010476816143,-4.761537310001452,0.028120675797623736,0.031154451966549104,-4.764100716491696,0.01662538049819967,0.018573243773682375,-4.088318034378883
pulse__nitrogen__20260805225017,pulse:nitrogen:20260805225017,nitrogen,pulse,132,0.05407547434658756,0.07018816082925189,-17.25030207613412,0.016836774283659508,0.02040425635686225,-0.8613409566260477,134.37728942405178,151.31601324974025,-3.2382504158652017,0.03384169075056967,0.03959166187754216,-78.52964676982029,0.004325096740908874,0.005339080111982984,-1.929950058429125,0.014308680097487056,0.0169757909834805,-28.293170347933355,0.0014056863110888257,0.001865887550668056,-7.7626277255399,0.01438170835909142,0.018334868985862195,-9.22132455562572,0.010834744896900854,0.0146066285559847,-3.7518455206460795,0.01840851542947652,0.023961293777332714,-10.777503965843524,0.0249388615929342,0.031784569511631326,-15.196014486764213,0.019322839552108447,0.025345878509007675,-8.875109559292305,0.01884963471147343,0.02503970377061762,-8.966057714569317,0.011974822249121329,0.015911746800113192,-8.911849853471233
pulse__nitrogen__20260806102506,pulse:nitrogen:20260806102506,nitrogen,pulse,136,0.07866902793735987,0.09216104117423207,-10.839925038398297,0.014163177723606422,0.020657120425015777,0.26333585052550923,192.46716200086806,201.26635607599005,-10.995461163233765,0.0520933479838864,0.055025826203645295,-60.21001446955722,0.01318521912451335,0.014474303567670611,-4.634901732945452,0.020571451142781094,0.02173057279438064,-19.68261720620987,0.0027257184271458823,0.003103191978453255,-3.071988317385224,0.02759755876800158,0.03051120931689397,-3.3729692319491065,0.026115144562426886,0.030742310382574016,-2.3562948230340766,0.03500875458540737,0.038086167986508775,-4.395727579719072,0.04407304678022125,0.04720774660116296,-5.794500073434576,0.03716990770175132,0.04053322416317902,-3.992304240589508,0.035818207223327056,0.03947156443433584,-4.040633395826687,0.022215698352566447,0.024750044235246533,-4.050786986116306
pulse__salt__20260715130728,pulse:salt:20260715130728,salt,pulse,163,0.09429537945298848,0.10505033547869745,-6.8425024349467405,0.015397693992266124,0.017408633864013607,0.34544495391457997,103.28017804181133,109.08937627004396,-9.68761966924185,0.06115839109262555,0.06457134103027264,-41.90232817351338,0.02384832865438034,0.0245378431941109,-18.840705541718002,0.026570744838887345,0.028319307536424847,-14.211006422707463,0.0017392503646788456,0.002080339353566136,-5.66958736101745,0.013076334841947977,0.016685949396462,-5.908909504520214,0.008432465040634678,0.010449663485047958,-0.8300629242554436,0.024463747247746925,0.030266249418922975,-9.486810767515413,0.03503425075733119,0.04333772478428523,-15.568701747608326,0.027005297071649195,0.033005584622215325,-9.571300600801871,0.027298858200571645,0.03404710707058892,-11.74202344191654,0.01781867306320754,0.02204565472694802,-13.014361963190913
pulse__salt__20260814171607,pulse:salt:20260814171607,salt,pulse,144,0.3478981889241251,0.4240680108324033,-134.46040456945653,0.0391533936824085,0.05230304128535152,-0.025867550944753237,123.22036713286714,160.42140536064107,-0.10185425139416915,0.08593905532641789,0.09043435644741754,-11.322726925966151,0.031288167075329464,0.03408098681816837,-4.5358675454539705,0.03639741956083634,0.037777130988941116,-25.07647912168847,0.004123628824582103,0.004355965634206501,-22.58005971432126,0.03846197705073555,0.04203155626122228,-40.52455349213894,0.04668143095527141,0.04823550008586726,-29.7801814302583,0.04503662729517369,0.0490702790078561,-25.17723070388266,0.04512580283649597,0.05195458705066843,-21.263612816804923,0.04634591964384418,0.050423980335956096,-20.868429752710323,0.04471907100290846,0.05226548975834661,-23.28034376074166,0.025583173625000025,0.030144607462321983,-17.769981114870507
pulse__salt__20260818140329,pulse:salt:20260818140329,salt,pulse,155,0.2940394573232154,0.3308063816540823,-31.47775809485497,0.03649541840458205,0.04300307266707038,0.11201547875837137,122.09497553076449,156.9407988537601,-1.3788580177110208,0.06582617830761597,0.0715628838466816,-4.470525758491781,0.034157610102488356,0.034677312175819944,-33.060728630771294,0.028227464467784874,0.02978402662444705,-5.902865591401682,0.0051478380072487945,0.005271800565248864,-14.386430563316917,0.03871621615152259,0.039881871215196825,-12.402927835365471,0.053953519383604556,0.05500537963697231,-16.250509063121306,0.05240129510580641,0.05408861385363747,-12.297271848698928,0.05406078696815865,0.05667491616871172,-10.60214589433138,0.05759452170344091,0.05936845437817825,-12.092386759832268,0.05433848656087567,0.05631582219064768,-11.535874036689316,0.031016294626623097,0.03252164526059639,-9.306137763396285
pulse__salt__20260818140611,pulse:salt:20260818140611,salt,pulse,163,0.50662179467741,0.5187354666016571,-1703.6461860725856,0.018034415542572926,0.023411939460679987,0.010276592060844747,76.74468212153849,104.24881460493482,0.005405005768080229,0.1831684946526503,0.1867058226064351,-37.40959959514216,0.04854729834067002,0.0496313597473502,-19.07030285667189,0.06258172352319083,0.06360729718550237,-316.23493335459034,0.007966059536600347,0.008266000133949191,-102.35852295404976,0.06721475163948393,0.06886726359270444,-120.24818863187794,0.081962990688689,0.08383760830121495,-110.93313307084365,0.09341209342940848,0.09706471819131698,-131.38239225582774,0.09693342449488467,0.1000647671410583,-102.97863337526363,0.09772827886995467,0.10108596419732506,-104.7022717496663,0.08672801365136124,0.08926664388809008,-80.88722963367574,0.056000966355879166,0.0586116631206799,-74.21373382403615
pulse__salt__20260818141033,pulse:salt:20260818141033,salt,pulse,130,0.1670859874702275,0.19128866513396311,-7.247440736199287,0.03473186718606876,0.04022094131781484,-3.3626701905720395,79.73065370597477,109.66654185878517,-0.4000102777183485,0.043806491072924274,0.05027847482715527,-1.119677006727878,0.020745975837733684,0.023703610899562737,-3.2927623826016275,0.01623995504243303,0.018296362424163715,-1.2839716573512945,0.0014724220876230962,0.00211723495115042,-0.22347297988320758,0.015913510460784454,0.0223536190566687,-0.8313440506792793,0.0174152702337583,0.023250688939822253,-0.3915108290573026,0.01847844162055867,0.026882292648459243,-0.45280570587961533,0.02300972551971921,0.03108464564548646,-0.6686911336858812,0.018837062350040994,0.02835317446303642,-0.4338460827010262,0.019519271440842256,0.028053790424963945,-0.6010538353218053,0.012809985585358525,0.018023452968398912,-0.8067144795584253
pulse__sulfur__20260703114147,pulse:sulfur:20260703114147,sulfur,pulse,147,0.2852856917947312,0.30656215133411285,-24.49439140537889,0.023555318620365927,0.027824873372498657,-0.41636880976967094,51.799357320851286,67.69795459926935,0.43078514612601315,0.013948276967500258,0.016667917341646733,0.3605742973119307,0.03484340120200577,0.03598193612707346,-10.680504570914012,0.02329316463216176,0.025153430857083294,-4.582366630472829,0.006061816342821442,0.006406702330684847,-14.133319745313003,0.04797708352080221,0.04965253408003425,-10.957629837479079,0.05841103748153881,0.05992998998313614,-11.376572073456211,0.07456478378652984,0.07990918139976493,-18.47584548356893,0.06261222545686924,0.06569684894010584,-9.430414982692698,0.06571191811234986,0.06978180306198238,-10.9686894708081,0.04811239112893199,0.050300269111872985,-5.942411891793305,0.03791617243420591,0.04076044885249682,-10.777484829022791
pulse__sulfur__20260812151220,pulse:sulfur:20260812151220,sulfur,pulse,151,0.2624485422049014,0.2913576798063322,-13.221624146072193,0.026504604654992502,0.030360101521659116,-1.9506701488021867,67.93299471028645,75.50535968810746,-0.29058150099598135,0.13292436868980892,0.13547283026418036,-115.71736726748587,0.08356943036785335,0.08444363828771476,-26.022685816477843,0.06984036382484102,0.07053962667700633,-35.79410961984793,0.015679414325952493,0.016062698266570093,-12.949945713681394,0.13236840010484058,0.13588597605722577,-12.807504626931232,0.14868901166968876,0.15313781582642283,-11.564190591830389,0.17058859912819332,0.17466377562488652,-12.276008084700894,0.20000944679260252,0.20497568049436335,-13.25860685776578,0.19533035154766504,0.20076639579744135,-12.234369884464467,0.19197591213650175,0.1977468013735417,-12.938050887273041,0.11553744133684368,0.1188233547199644,-11.874600708175207
pulse__sulfur__20260813211237,pulse:sulfur:20260813211237,sulfur,pulse,135,0.11244881515489102,0.14359295035378158,-6.144484840004686,0.02967899180600797,0.03348602504194042,0.1386833759974907,137.1963089824316,158.70755323661237,-0.027645095016047838,0.024717758056591592,0.028361108857993263,-0.4358027817196506,0.005065089578384984,0.00649673721039151,0.15616533282576028,0.007519224855581306,0.009406741900047547,0.06281621803113202,0.0012170857271893408,0.00138147750077003,-0.913116344199556,0.00895098695351712,0.010718901601977906,-0.7095680248286118,0.0171785546517491,0.018601555966755275,-2.588931069732603,0.009309918317628748,0.012458233167753383,-0.20677842306000604,0.011280279310781564,0.014264722893079817,-0.27177770895893705,0.010760709849163093,0.013788655551321872,-0.2596542838407918,0.010877204728363774,0.013561210656078165,-0.40140433555480204,0.0072354451325995425,0.00942468947891101,-0.8300550041054509
pulse__sulfur__20260813212104,pulse:sulfur:20260813212104,sulfur,pulse,133,0.47170893213605836,0.4760115378149292,-413.59323844590295,0.04397962344609671,0.053995212452701356,-0.23027357387917236,174.7590637207031,234.09934731265196,-1.222967525198464,0.27424509662233404,0.28931120513311426,-10.71058234458766,0.022690867335377382,0.02518754125239736,-3.428686975128665,0.07751640612219196,0.0790671553748835,-51.99490121886737,0.011098282464683315,0.011281052306706766,-106.85344059909119,0.09607717181669674,0.09777681797328094,-112.35029253987314,0.12027632254318323,0.1213749810955465,-121.87845845099973,0.12360228995460237,0.12619569644818654,-117.47994833942359,0.13259160599087885,0.1363901315163185,-112.37254859634778,0.1326944788484206,0.1354491815449759,-114.96299187569399,0.12636647332305753,0.1291260850395828,-108.20941855356871,0.07624385021852728,0.07839861523662502,-101.41401918537339
pulse__sulfur__20260814100658,pulse:sulfur:20260814100658,sulfur,pulse,134,0.3500997932117311,0.3544427514208098,-50.342476730106355,0.06498872303665656,0.07800661592503748,-0.19971762708283447,142.02275959674577,156.560931878693,-2.952459093083546,0.13840189493295335,0.14567320216059826,-21.15758745649031,0.026425910880645637,0.027706094064098002,-11.256392545188364,0.04587801011199479,0.04787188960155047,-30.996932993892752,0.006423081721105307,0.006691005552581075,-28.479000689879474,0.048216680678110295,0.051151693870564216,-18.706034195955205,0.06939464540330194,0.07175067519398128,-28.491589616202543,0.07050572525150299,0.07391214010125673,-26.403551356721344,0.07525500740224159,0.0796456628230031,-25.388260403783484,0.07809353908640004,0.08164406318761518,-27.462199652086106,0.07486755192030842,0.07864086622636887,-27.627502532058216,0.045268484172765314,0.04800433257539402,-26.59281554112001
pulse__uracil__20260715124827,pulse:uracil:20260715124827,uracil,pulse,146,0.24054906804262743,0.2625733980614999,-7.106618605346222,0.015668385513351996,0.018348897906723782,-1.4467491679969329,135.007890167988,141.75528905466376,-10.990580679989483,0.09603196732916962,0.09905137937999592,-33.645694724965296,0.06149243490637096,0.06416801837222587,-12.628037818132434,0.058639410104547915,0.06124766696225734,-14.811630310330047,0.010407783821894013,0.011073892602601814,-10.932005461736896,0.08235903183994187,0.08822643860733707,-11.256080314667692,0.09560126800467875,0.10101920189314746,-10.201028486732003,0.12068017303241214,0.12987968131450106,-10.608403207778057,0.1403582683722755,0.15172890245812534,-11.739390103358982,0.13423118902960476,0.1436258485652004,-11.402557859468292,0.1258628376319779,0.13482181040471752,-11.422722785510683,0.07951022870523308,0.08531071961178077,-12.649391058650286
sine__glucose__20260823121413,sine:glucose:20260823121413,glucose,sine,169,0.26088536116227534,0.2749247219540745,-204.5914525747865,0.02028197966880455,0.02100008775251771,-9.305671819496029,138.91482129778183,163.68540228180834,-0.5944887866471504,0.08810441248481195,0.08848379382363539,-745.8340726282005,0.058607734235615036,0.05868335796711073,-172.12059475310286,0.058671982830809356,0.058783278519059796,-330.96706457827014,0.011631508544737818,0.011642546731076273,-200.86890934677697,0.10298888562548726,0.10320211892610381,-298.6445087019603,0.11327827146412832,0.1134079571124373,-201.33875134801912,0.14078558800144803,0.14097632176728045,-221.1805402303203,0.160262483876849,0.16048531967508112,-222.75821919833024,0.14898148582047885,0.1491249974402433,-159.9709351495913,0.13758873453215947,0.13782309355601038,-125.24284822996042,0.08653686246938173,0.08672118407779407,-113.18971425398009
sine__nitro__20260823121923,sine:nitro:20260823121923,nitro,sine,168,0.18990159508816326,0.1990792446703576,-24.55586065721195,0.03605342926680549,0.05376099590194388,0.009029651135545436,59.813369688032786,93.14006353940991,-0.10833116465994452,0.045123325978845226,0.05094885620864576,-4.096981649695602,0.02417951940949572,0.024535356609781317,-39.78954267636865,0.03286517695998969,0.03359020484480535,-24.22898835331085,0.005846017380662584,0.005868837124405909,-87.32782500363997,0.04750498751394766,0.04774602124891247,-66.89468241706744,0.06160101821646246,0.06190469064777971,-89.66869805408162,0.06201397843408491,0.06229504995432813,-79.47910332213887,0.06558912598529978,0.0659924308589622,-80.3002346827586,0.07100636414920027,0.07124280715406776,-97.05130561373939,0.0712567171254796,0.07146981902873781,-112.688838707964,0.04454957479735814,0.04473626726651029,-114.4531668201406
sine__salt__20260715130728,sine:salt:20260715130728,salt,sine,163,0.09429537945298848,0.10505033547869745,-6.8425024349467405,0.015397693992266124,0.017408633864013607,0.34544495391457997,103.28017804181133,109.08937627004396,-9.68761966924185,0.06115839109262555,0.06457134103027264,-41.90232817351338,0.02384832865438034,0.0245378431941109,-18.840705541718002,0.026570744838887345,0.028319307536424847,-14.211006422707463,0.0017392503646788456,0.002080339353566136,-5.66958736101745,0.013076334841947977,0.016685949396462,-5.908909504520214,0.008432465040634678,0.010449663485047958,-0.8300629242554436,0.024463747247746925,0.030266249418922975,-9.486810767515413,0.03503425075733119,0.04333772478428523,-15.568701747608326,0.027005297071649195,0.033005584622215325,-9.571300600801871,0.027298858200571645,0.03404710707058892,-11.74202344191654,0.01781867306320754,0.02204565472694802,-13.014361963190913
sine__salt__20260823123217,sine:salt:20260823123217,salt,sine,199,0.448446367760064,0.6505966049710838,-136.7032565297144,0.021523866829917835,0.027876606514391476,-0.2436622302172391,63.572932930705356,95.16970531578822,-0.45081256784458223,0.0688583120866551,0.07485617420460829,-6.4479105514933215,0.038280015314896075,0.04026145473170196,-89.90625939818094,0.03646035698152008,0.04119097513955461,-13.760535488102395,0.0027711219983269585,0.003075972788479595,-5.189052513098338,0.03880183533165191,0.05836893354918404,-19.09882973534478,0.02529234568960339,0.027715270884501264,-3.268627321859147,0.03896406911158,0.05632250001897917,-16.117077358959214,0.04151397124484733,0.05951000464589502,-16.325432500157902,0.03507987314823903,0.051833762635694315,-15.300481986382987,0.047761675011027946,0.0787649718167026,-39.175168000849624,0.029145116344445495,0.04380724122817611,-30.348191118821227
sine__sulfur__20260824230954,sine:sulfur:20260824230954,sulfur,sine,169,0.26727698531309385,0.28087194539427607,-15.736012346498775,0.05276474242954404,0.07039732075574272,-0.057766753379119296,83.81782764253164,110.72651535148324,-0.3406755577533471,0.08071037954743832,0.09039468074382111,-3.777542590334831,0.046898072145995104,0.04712876717559892,-93.31851634358199,0.04637152980596737,0.047793376854694654,-15.319255530407954,0.007726227785445905,0.007771743970173712,-76.26307583102061,0.06147147226428232,0.06189838288740067,-57.439367226093665,0.0784297159233737,0.07887353706940446,-71.45499529494668,0.08198259437935695,0.08248031768355012,-74.08716280052192,0.08906000359380058,0.08975422464755758,-76.19565648723501,0.09280510183695766,0.0933215989199688,-83.34007908254641,0.093464280953483,0.0939280439373993,-84.07594427165188,0.05681511987769418,0.05714467757590268,-81.71275754367649
