timestamp,run_key,time_min,biomass_gdw_per_l,volume_ml,growth_rate_damn,pred_norm_od,norm_od,pred_growth_rate,growth_rate,pred_co2_ppm,co2_ppm,pred_od_45,od_45,pred_od_90,od_90,pred_od_135,od_135,pred_nm_415,nm_415,pred_nm_445,nm_445,pred_nm_480,nm_480,pred_nm_515,nm_515,pred_nm_555,nm_555,pred_nm_590,nm_590,pred_nm_630,nm_630,pred_nm_680,nm_680
2026-08-20 22:45:00+00:00,sine:salt:20260823123217,0.0,0.07473819,13.5,4.613206e-14,0.9944966,0.4982545897396551,0.036898896,0.0473809760443448,739.96625,737.6,0.23132393,0.30852133851785,0.31805936,0.3645488446170166,0.20148067,0.1618674872439166,0.040678293,0.0366175130208333,0.33508673,0.3063610026041666,0.3785818,0.3442858072916666,0.42840797,0.3918079427083333,0.47863072,0.4384573567708333,0.4713881,0.43335546875,0.45765415,0.4267392578125,0.26990575,0.2426751302083333
2026-08-20 22:50:00+00:00,sine:salt:20260823123217,5.0,0.07688223,13.40255,5.5640686e-14,0.84607893,0.4996624712191356,0.032758337,0.046789625423322,745.01996,736.5,0.23575097,0.30957644326595,0.3173578,0.3652591269316,0.20509988,0.1617782809335833,0.040921114,0.0366097005208333,0.33973357,0.3063069661458333,0.3769574,0.3441022135416666,0.42577597,0.3917083333333334,0.47985262,0.4384274088541666,0.4697602,0.433341796875,0.46767882,0.4266233723958333,0.2750129,0.2426630859375
2026-08-20 22:55:00+00:00,sine:salt:20260823123217,10.0,0.0791041,13.3050995,6.462822e-14,0.84412557,0.4995795622564107,0.031841137,0.0377126186558035,747.4574,738.4,0.22551322,0.3097467686774667,0.31519574,0.3650731720963666,0.20708938,0.1615740819685833,0.04146764,0.03661328125,0.34395513,0.3064446614583333,0.38132328,0.34436328125,0.4339288,0.39173828125,0.48804784,0.4383118489583333,0.4771293,0.4334339192708333,0.47038984,0.4266588541666666,0.27743676,0.2426363932291666
2026-08-20 23:00:00+00:00,sine:salt:20260823123217,15.0,0.081407234,13.207649,7.268314e-14,0.86875296,0.4997551959122931,0.031916335,0.0310465766791206,741.11237,737.6,0.23288135,0.3092796856669834,0.31812897,0.36459060937755,0.20158146,0.1621254904660166,0.040597107,0.0366731770833333,0.33775082,0.3068092447916666,0.3743525,0.3448277994791667,0.4252472,0.392255859375,0.4802935,0.4393727213541666,0.46960378,0.4343053385416667,0.46284348,0.427478515625,0.26935384,0.2431897786458333
2026-08-20 23:05:00+00:00,sine:salt:20260823123217,20.0,0.08379523,13.110199,7.993469e-14,0.8659304,0.501607478433,0.032074444,0.0343935663058333,732.83325,730.9,0.2390393,0.3081075447287333,0.3215369,0.3652907514381667,0.19818911,0.1627184467789666,0.039784715,0.0367724609375,0.33287472,0.3077727864583333,0.36988723,0.3459736328125,0.41803694,0.3933479817708333,0.4720433,0.4400569661458333,0.461649,0.4350807291666667,0.45783544,0.428171875,0.26224667,0.2435768229166666
2026-08-20 23:10:00+00:00,sine:salt:20260823123217,25.0,0.08627188,13.012749,8.6673005e-14,0.83350885,0.5025024220632203,0.03159374,0.031777851607305,730.45483,732.5,0.23491277,0.3089137637666666,0.32170814,0.3652415107293333,0.20031868,0.1625044909274833,0.039836675,0.0367600911458333,0.33404332,0.3076145833333333,0.3725453,0.3457444661458334,0.42066932,0.3930439453125,0.47313383,0.4397607421875,0.46387383,0.4346536458333333,0.45991713,0.4276217447916667,0.26298726,0.243251953125
2026-08-20 23:15:00+00:00,sine:salt:20260823123217,30.0,0.088841185,12.915298,9.303766e-14,0.797486,0.5026756769196606,0.030777594,0.0257343645868571,731.34753,729.5,0.22725451,0.3097053795289333,0.32043293,0.3650358969562833,0.20391108,0.1624453756586166,0.040229652,0.0367366536458333,0.33732623,0.3073684895833333,0.37706068,0.3454794921874999,0.42607525,0.3927008463541667,0.47779173,0.4395673828125,0.46969727,0.43448046875,0.46434927,0.4275393880208333,0.2667225,0.2432112630208333
2026-08-20 23:20:00+00:00,sine:salt:20260823123217,35.0,0.09150734,12.817848,9.9012764e-14,0.7704022,0.5020572341229825,0.029974664,0.0164846395022982,732.92,726.0,0.2209633,0.3108510607023166,0.31920215,0.36519259788755,0.20664698,0.1620840603621166,0.040578637,0.036693359375,0.34007996,0.3069739583333333,0.3804136,0.3450146484375,0.43010807,0.3922194010416666,0.4815726,0.4390107421874999,0.4743208,0.4339254557291667,0.46797135,0.4270026041666667,0.2700228,0.2429114583333333
2026-08-20 23:25:00+00:00,sine:salt:20260823123217,40.0,0.09427478,12.720398,1.0452567e-13,0.75308806,0.5004955749305763,0.029321065,0.0040107229740169,734.3761,730.3,0.21693978,0.3103152563257667,0.31835416,0.3653845052708667,0.20829485,0.1620061929972166,0.0408041,0.0367447916666666,0.34183654,0.3074485677083333,0.38235548,0.34561328125,0.43235573,0.3928681640624999,0.48366144,0.4396129557291666,0.47699037,0.434431640625,0.47019273,0.4275071614583333,0.27221167,0.2432379557291666
2026-08-20 23:30:00+00:00,sine:salt:20260823123217,45.0,0.09714817,12.622948,1.0951167e-13,0.742925,0.4992824938307413,0.028823469,-0.0041830594072758,735.5612,726.6,0.21470267,0.3107208443191167,0.31783772,0.3654553027185666,0.20917128,0.16196619106975,0.040927697,0.0367298177083333,0.3428088,0.307373046875,0.38334402,0.3454762369791667,0.43334165,0.3927854817708333,0.48443365,0.4395436197916667,0.47819355,0.4343678385416666,0.47130507,0.4274384765625,0.27347785,0.2431637369791666
2026-08-20 23:35:00+00:00,sine:salt:20260823123217,50.0,0.10013244,12.525497,1.1393734e-13,0.73730385,0.4991892478080345,0.028447594,-0.0046830004087931,736.48395,727.0,0.21361797,0.3098411981477833,0.3175465,0.3648392570268,0.20958184,0.16227150435125,0.04098428,0.0367757161458333,0.34327337,0.307900390625,0.38379326,0.346037109375,0.433574,0.393388671875,0.48438448,0.4401559244791667,0.47849718,0.4348854166666667,0.47170618,0.4280130208333333,0.27411777,0.2434879557291666
2026-08-20 23:40:00+00:00,sine:salt:20260823123217,55.0,0.10323278,12.428047,1.1780819e-13,0.73439014,0.4995573745374915,0.02815755,-0.0024351120644067,737.18884,729.1,0.21321236,0.3105991344597,0.31739685,0.3648957928867666,0.20972924,0.1623547649264666,0.041000627,0.0367522786458333,0.34343362,0.3076985677083333,0.3839631,0.3459026692708333,0.43339333,0.3931705729166667,0.48387858,0.4397884114583333,0.47830185,0.4347532552083333,0.4716962,0.4278170572916667,0.2743628,0.2433798828125
2026-08-20 23:45:00+00:00,sine:salt:20260823123217,60.0,0.106454656,12.330597,1.2116313e-13,0.7330429,0.4996471843465,0.027926238,-0.0018778616893103,737.72253,736.1,0.21318592,0.3110421590795666,0.3173339,0.3650732635221833,0.20973356,0.1622293971741666,0.040994033,0.0367581380208333,0.34341866,0.307736328125,0.38399762,0.3457874348958333,0.43300253,0.3931106770833333,0.48314393,0.4399729817708333,0.4778517,0.4347132161458333,0.4714657,0.4276979166666666,0.2743672,0.2433343098958333
2026-08-20 23:50:00+00:00,sine:salt:20260823123217,65.0,0.10980386,12.233147,1.240582e-13,0.73258764,0.4995404137515085,0.027735295,-0.0022798790959661,738.1246,730.7,0.21336141,0.3109856751964333,0.31732333,0.3652573949198833,0.20966293,0.1622502538756166,0.04097493,0.0367705078125,0.34330598,0.3077646484375,0.38397205,0.345904296875,0.43251616,0.3931360677083333,0.48231283,0.4400745442708333,0.47728586,0.4348092447916666,0.4711266,0.4278017578125,0.27422842,0.243376953125
2026-08-20 23:55:00+00:00,sine:salt:20260823123217,70.0,0.1132865,12.135696,1.2656198e-13,0.7326344,0.499067665007322,0.027572708,-0.0045530792721694,738.42615,722.2,0.21363765,0.31144279929905,0.3173441,0.3653163112238333,0.2095553,0.16193728576155,0.040949404,0.0367819010416666,0.343141,0.30786328125,0.38392416,0.346009765625,0.43199673,0.3932727864583333,0.48145854,0.4401588541666666,0.47668055,0.4348551432291667,0.47074178,0.4278349609375,0.27400658,0.2434078776041666
2026-08-21 00:00:00+00:00,sine:salt:20260823123217,75.0,0.11690903,12.038246,1.2873907e-13,0.7329595,0.4980688246668448,0.027430607,-0.009072571451862,738.6512,730.3,0.21395816,0.3114904236387333,0.31738332,0.3652585683392333,0.20943156,0.1619453233260167,0.040920965,0.0367802734375,0.34295002,0.3077874348958333,0.38387194,0.34593359375,0.4314772,0.3932958984374999,0.48061967,0.4401806640625,0.4760758,0.4347610677083333,0.47034538,0.4278232421875,0.27373853,0.2433984374999999
2026-08-21 00:05:00+00:00,sine:salt:20260823123217,80.0,0.12067826,11.940796,1.3065e-13,0.7334354,0.4980070368741071,0.027303739,-0.0077385938307499,738.8175,727.9,0.21429212,0.3115779043701667,0.317433,0.3654534397573333,0.209303,0.16203596305345,0.040891573,0.0367766927083333,0.34274817,0.3079547526041667,0.38382348,0.3460608723958333,0.43097386,0.39348046875,0.47981504,0.4403108723958333,0.47549137,0.43490625,0.46995503,0.4279322916666667,0.27344665,0.2434736328125
2026-08-21 00:10:00+00:00,sine:salt:20260823123217,85.0,0.12460141,11.843346,1.3234722e-13,0.73398966,0.497522437945431,0.027188469,-0.008819257433362,738.9386,725.0,0.21462338,0.3120984964416166,0.31748828,0.3657347169253667,0.20917559,0.1618955110762999,0.040862303,0.0367711588541666,0.34254384,0.3078844401041666,0.38378167,0.3458593749999999,0.4304939,0.3933098958333333,0.4790523,0.4402005208333334,0.47493595,0.4348297526041666,0.46957904,0.4277926432291667,0.27314445,0.2434150390625
2026-08-21 00:15:00+00:00,sine:salt:20260823123217,90.0,0.12868612,11.745895,1.3387666e-13,0.7345824,0.4975288881613684,0.027082196,-0.0069628884839473,739.02435,722.6,0.21494403,0.3124703860125833,0.31754616,0.3658837262474,0.20905216,0.1620291986266,0.04083371,0.03679296875,0.34234148,0.3080055338541667,0.38374704,0.3460944010416666,0.43003935,0.3935657552083333,0.47833297,0.4403408203125,0.47441196,0.4349208984375,0.46922064,0.4278916015625,0.2728398,0.2434658203125
2026-08-21 00:20:00+00:00,sine:salt:20260823123217,95.0,0.13294044,11.648445,1.3527427e-13,0.7351921,0.4973716469338983,0.02698297,-0.0063499105755254,739.08215,724.4,0.21525085,0.3126757106541166,0.3176049,0.3660249114451333,0.20893389,0.1619740418647333,0.040806044,0.036798828125,0.34214327,0.3080319010416666,0.383719,0.3461783854166667,0.42960966,0.393517578125,0.47765514,0.4405192057291666,0.47391877,0.4350494791666666,0.4688802,0.4280771484375,0.2725371,0.2435354817708333
2026-08-21 00:25:00+00:00,sine:salt:20260823123217,100.0,0.13737294,11.550995,1.3657077e-13,0.7358087,0.4967937300584643,0.026889304,-0.0080347406100178,739.11755,728.8,0.21554323,0.3128495718029166,0.31766337,0.3658819284042833,0.20882094,0.16171055475565,0.04077937,0.0367985026041666,0.34194994,0.3081090494791667,0.3836965,0.3461959635416666,0.42920282,0.3935498046875,0.4770154,0.4404345703125,0.47345397,0.435115234375,0.46855658,0.4281136067708333,0.27223867,0.2435478515625
2026-08-21 00:30:00+00:00,sine:salt:20260823123217,105.0,0.14199269,11.453545,1.3779216e-13,0.73642796,0.4962497511980508,0.026799988,-0.0092589944495932,739.13464,724.8,0.21582192,0.3131229180977167,0.31772113,0.36595565090895,0.208713,0.1617615164070333,0.040753663,0.0367981770833333,0.34176144,0.3080846354166667,0.38367838,0.3462418619791666,0.42881617,0.3935432942708333,0.47640952,0.4404166666666667,0.47301453,0.4350169270833333,0.468248,0.4280081380208333,0.2719454,0.2434934895833333
2026-08-21 00:35:00+00:00,sine:salt:20260823123217,110.0,0.14680928,11.356094,1.3895927e-13,0.73704976,0.4963346731170509,0.026714047,-0.0067507806643728,739.1364,726.1,0.21608837,0.3133540882948166,0.3177778,0.3657096230011,0.20860943,0.16201861017355,0.040728845,0.0368232421875,0.34157723,0.308240234375,0.3836635,0.3463971354166666,0.42844695,0.3937408854166666,0.47583306,0.4407574869791666,0.4725972,0.4351845703125,0.4679523,0.4281279296875,0.27165735,0.2436184895833333
2026-08-21 00:40:00+00:00,sine:salt:20260823123217,115.0,0.1518329,11.258644,1.4008974e-13,0.7376761,0.4969750733511404,0.026630662,-0.001866580595421,739.1251,730.8,0.21634437,0.3129510953703167,0.3178334,0.3659601653480333,0.20850953,0.1620170048966,0.0407048,0.0368382161458333,0.34139657,0.3084759114583333,0.38365078,0.34662890625,0.4280923,0.3939697265625,0.47528177,0.4409755859375,0.4721988,0.4355436197916666,0.4676673,0.4284488932291667,0.2713742,0.2437789713541666
2026-08-21 00:45:00+00:00,sine:salt:20260823123217,120.0,0.15707435,11.161194,1.4119817e-13,0.7383099,0.4974471720049,0.026549142,0.0013154153792,739.1024,723.1,0.21659176,0.3129921592414666,0.31788793,0.36581417537905,0.20841253,0.1620912647611833,0.04068142,0.03686328125,0.34121856,0.3085862630208333,0.3836393,0.3467893880208333,0.42774963,0.3941764322916666,0.47475168,0.4412496744791667,0.4718163,0.4356861979166667,0.46739095,0.4286520182291667,0.27109525,0.243927734375
2026-08-21 00:50:00+00:00,sine:salt:20260823123217,125.0,0.16254511,11.063744,1.4229693e-13,0.73895484,0.49787875351925,0.02646889,0.0036003696761666,739.0695,725.3,0.21683237,0.3130923267695333,0.3179415,0.3659360791418833,0.20831768,0.1620695298743833,0.040658586,0.0368629557291666,0.34104234,0.3086591796875,0.38362822,0.3468199869791666,0.42741647,0.3942024739583333,0.47423908,0.441302734375,0.47144693,0.435705078125,0.46712124,0.4286715494791667,0.27081975,0.2439182942708333
2026-08-21 00:55:00+00:00,sine:salt:20260823123217,130.0,0.16825739,10.966293,1.4339902e-13,0.7396147,0.4982735967794333,0.0263894,0.0052489056179333,739.02734,734.2,0.21706788,0.3131145634321333,0.31799424,0.3656223000333833,0.20822425,0.1622231404341,0.040636186,0.0368828125,0.340867,0.308912109375,0.3836168,0.3470706380208333,0.42709067,0.3945084635416666,0.47374067,0.44143359375,0.47108826,0.43582421875,0.46685642,0.4287955729166667,0.27054688,0.2440185546875
2026-08-21 01:00:00+00:00,sine:salt:20260823123217,135.0,0.17422411,10.868843,1.4451296e-13,0.7402935,0.4987548877126667,0.026310215,0.0069029481848,738.9765,731.0,0.2172999,0.3131953549962166,0.3180463,0.3660182888343666,0.20813161,0.16230000539845,0.040614117,0.0368795572916666,0.34069172,0.3089827473958333,0.38360444,0.3471442057291666,0.4267702,0.3946305338541666,0.47325355,0.4416507161458333,0.47073808,0.4361295572916666,0.46659482,0.4290872395833333,0.27027574,0.2441630859375
2026-08-21 01:05:00+00:00,sine:salt:20260823123217,140.0,0.18045905,10.771393,1.4564749e-13,0.7409948,0.4987936859369999,0.026230954,0.0058095101115438,738.9174,738.7,0.21752979,0.3129920180591166,0.3180979,0.3655364254415,0.2080391,0.1621289587894333,0.040592283,0.0368987630208333,0.3405156,0.3091227213541667,0.3835905,0.3472998046875,0.42645335,0.3947805989583333,0.47277507,0.441796875,0.4703945,0.4361416015625,0.466335,0.429142578125,0.2700056,0.2442265625
2026-08-21 01:10:00+00:00,sine:salt:20260823123217,145.0,0.18697686,10.673943,1.4681222e-13,0.7417224,0.4989260695468276,0.026151258,0.0053808116840517,738.8504,737.7,0.2177589,0.3130450368308833,0.3181491,0.3659189501652333,0.20794623,0.1622245477735166,0.040570598,0.0369182942708333,0.34033802,0.3092132161458333,0.38357452,0.3475247395833333,0.42613855,0.3949807942708333,0.472303,0.4418811848958333,0.4700558,0.4363307291666666,0.4660757,0.4292939453125,0.26973572,0.2443125
2026-08-21 01:15:00+00:00,sine:salt:20260823123217,150.0,0.19379313,10.576492,1.4801336e-13,0.74247956,0.4992474707093965,0.026070824,0.0060690605133965,738.7756,737.3,0.21798834,0.3131006342313833,0.3182001,0.3653887070555167,0.20785244,0.1624384578695167,0.040548984,0.0369235026041666,0.34015822,0.3093430989583333,0.383556,0.3477255859374999,0.42582437,0.39507421875,0.4718353,0.4420927734375,0.46972042,0.436525390625,0.46581563,0.4294993489583333,0.2694654,0.2444449869791666
2026-08-21 01:20:00+00:00,sine:salt:20260823123217,155.0,0.20092449,10.479042,1.492602e-13,0.7432697,0.4998940781036035,0.025989385,0.0081943457451379,738.6932,741.7,0.21821915,0.3129798039927166,0.31825104,0.3655469763981,0.20775731,0.1624802236812833,0.040527377,0.0369482421875,0.33997563,0.3095485026041666,0.38353452,0.3479645182291666,0.4255097,0.3953489583333333,0.47137022,0.4420921223958333,0.46938714,0.4365940755208333,0.4655539,0.4295813802083333,0.26919398,0.2445113932291666
2026-08-21 01:25:00+00:00,sine:salt:20260823123217,160.0,0.20838861,10.381592,1.5055889e-13,0.7440958,0.5003358363253221,0.025906686,0.0088780729662033,738.60315,745.9,0.21845223,0.31278942852165,0.31830204,0.36533757090845,0.20766044,0.1625346316793666,0.04050571,0.036986328125,0.33978963,0.3098505859375,0.3835097,0.3482591145833333,0.4251934,0.395708984375,0.4709062,0.4425921223958333,0.46905482,0.4370631510416666,0.4652895,0.4299768880208333,0.26892093,0.2447633463541666
2026-08-21 01:30:00+00:00,sine:salt:20260823123217,165.0,0.21620438,10.284142,1.5191754e-13,0.7449608,0.5008773734672068,0.025822511,0.0098990455201034,738.5055,753.1,0.21868843,0.3123955125627333,0.31835318,0.3654129740055999,0.20756143,0.1626509502351333,0.040483937,0.0370260416666666,0.3395997,0.3101080729166667,0.38348114,0.3486526692708333,0.42487454,0.3960966796875,0.47044194,0.4431608072916667,0.46872243,0.4374222005208333,0.46502158,0.4303404947916666,0.26864576,0.2449934895833333
2026-08-21 01:35:00+00:00,sine:salt:20260823123217,170.0,0.22439192,10.186691,1.5334344e-13,0.7458675,0.5016596095033636,0.02573666,0.0120471227672181,738.4002,743.2,0.21892847,0.3118422467955333,0.3184046,0.3652048060575,0.20745996,0.1629533533141333,0.040462006,0.037060546875,0.33940542,0.3104853515625,0.3834485,0.3490426432291666,0.42455226,0.396537109375,0.46997625,0.4437236328125,0.46838915,0.4378372395833333,0.46474946,0.4307568359375,0.26836804,0.2452353515625
2026-08-21 01:40:00+00:00,sine:salt:20260823123217,175.0,0.23297276,10.089241,1.5484471e-13,0.7468184,0.5030141881508621,0.02564894,0.0168032413456379,738.2872,735.4,0.21917303,0.31064621719995,0.31845635,0.3653891864394833,0.20735574,0.1632391602490333,0.040439874,0.0371233723958333,0.33920625,0.3110016276041666,0.38341147,0.3496477864583333,0.42422587,0.3970947265625,0.46950808,0.4444410807291666,0.46805412,0.438576171875,0.46447238,0.4313512369791666,0.2680873,0.245634765625
2026-08-21 01:45:00+00:00,sine:salt:20260823123217,180.0,0.24196984,9.991791,1.564293e-13,0.7478162,0.5049285678749833,0.025559196,0.02356639117185,738.16626,740.5,0.21942267,0.3095081100557666,0.31850857,0.3648899102758,0.20724848,0.16364934838415,0.040417507,0.0371770833333333,0.33900186,0.3116474609375,0.38336968,0.3502174479166667,0.42389464,0.3978697916666666,0.46903658,0.4451201171875,0.46771672,0.4392486979166666,0.46418977,0.4320218098958333,0.26780325,0.2460162760416666
2026-08-21 01:50:00+00:00,sine:salt:20260823123217,185.0,0.25140774,9.8943405,1.581061e-13,0.7488632,0.5076180555602069,0.025467264,0.0331217717557931,738.0374,741.7,0.21967798,0.3074736749244,0.31856132,0.3643709171121333,0.20713793,0.1643418344630666,0.040394865,0.0372721354166666,0.33879185,0.3124404296875,0.38332283,0.3512477213541666,0.423558,0.3990279947916667,0.46856087,0.4465276692708333,0.46737635,0.4404671223958333,0.46390098,0.4332141927083333,0.2675155,0.2467604166666666
2026-08-21 01:55:00+00:00,sine:salt:20260823123217,190.0,0.2613127,9.79689,1.5988438e-13,0.74996185,0.5105580152097069,0.025372997,0.0416185869024137,737.9005,735.5,0.21993944,0.3066566518013667,0.31861463,0.3637028720818333,0.20702384,0.1644340681934666,0.040371917,0.0373460286458333,0.33857587,0.3130859375,0.38327062,0.3520328776041667,0.4232154,0.3998434244791667,0.46808025,0.4473235677083333,0.46703243,0.44126171875,0.46360555,0.4339560546875,0.26722383,0.2472760416666666
2026-08-21 02:00:00+00:00,sine:salt:20260823123217,195.0,0.27171284,9.69944,1.61774e-13,0.7511143,0.5106532155967627,0.025276264,0.0454578985412372,737.7554,737.5,0.22020751,0.3075625449700333,0.3186686,0.3638854717805,0.20690604,0.16440941959495,0.040348645,0.0373307291666666,0.33835354,0.3129384765624999,0.38321275,0.351875,0.42286634,0.3996705729166666,0.46759415,0.4470094401041666,0.4666845,0.4411510416666667,0.46330294,0.4337425130208333,0.26692796,0.2471715494791666
2026-08-21 02:05:00+00:00,sine:salt:20260823123217,200.0,0.2719381,9.478063,1.6276317e-13,0.75346166,0.5106011451888793,0.025058642,0.0437878708485344,737.44073,752.6,0.22077465,0.3080716343619333,0.3187741,0.3641430472302333,0.20665658,0.1641194702974666,0.040298447,0.0373385416666666,0.33788612,0.3129355468749999,0.38307965,0.3519557291666667,0.42213407,0.3996048177083333,0.46657354,0.4470006510416667,0.46595457,0.4409619140625,0.46265882,0.4337373046875,0.26630628,0.2471712239583333
2026-08-21 02:10:00+00:00,sine:salt:20260823123217,205.0,0.2831345,9.380612,1.6483386e-13,0.7547787,0.5117091971116786,0.024953611,0.0396561392973571,737.27094,752.9,0.22106469,0.3082122201811167,0.3188301,0.3639752793619833,0.2065266,0.1643097261701166,0.040274046,0.0373733723958333,0.33764383,0.3131914062499999,0.383003,0.352248046875,0.42176384,0.4000611979166666,0.4660681,0.447416015625,0.46559218,0.441396484375,0.4623323,0.4341650390625,0.26599714,0.2474755859375
2026-08-21 02:15:00+00:00,sine:salt:20260823123217,210.0,0.29491612,9.283162,1.6704684e-13,0.75615615,0.5118691796534482,0.024845723,0.0283253274707068,737.0925,746.9,0.22136258,0.3082741637929333,0.31888694,0.3642939645998667,0.20639233,0.16432731837745,0.040249243,0.0373955078125,0.33739433,0.3133076171875,0.3829196,0.3524114583333333,0.42138594,0.4002294921875,0.4655556,0.4476695963541666,0.46522453,0.4416461588541667,0.46199715,0.4343782552083333,0.26568326,0.2476119791666667
2026-08-21 02:20:00+00:00,sine:salt:20260823123217,215.0,0.3073202,9.185712,1.6941551e-13,0.7575962,0.5117305797624833,0.024734851,0.01891880190155,736.9054,745.0,0.22166865,0.3084527076999833,0.31894463,0.3644022660778166,0.2062536,0.16442691524295,0.040224027,0.0374130859375,0.33713734,0.3135198567708333,0.38282913,0.3527552083333333,0.421,0.4005240885416666,0.46503568,0.4479772135416667,0.46485126,0.4420094401041667,0.461653,0.4348225911458333,0.2653644,0.2478896484375
2026-08-21 02:25:00+00:00,sine:salt:20260823123217,220.0,0.32038677,9.088262,1.7195479e-13,0.7591009,0.5115084112456207,0.024620902,0.0123434304956551,736.7095,752.7,0.22198325,0.3089403826456667,0.31900328,0.36490280389015,0.20611024,0.1643883086881,0.04019837,0.0374381510416666,0.3368726,0.3136565755208333,0.38273132,0.3529501953125,0.42060566,0.4007633463541667,0.46450788,0.448234375,0.4644721,0.4421604817708333,0.46129936,0.4350693359375,0.2650404,0.2480289713541666
2026-08-21 02:30:00+00:00,sine:salt:20260823123217,225.0,0.33415884,8.990811,1.7468336e-13,0.7606725,0.5111260901473036,0.024503745,0.0068844781938928,736.5045,759.9,0.22230676,0.3087900620707666,0.31906292,0.3648998925825166,0.20596209,0.1644762418079833,0.040172257,0.0374798177083333,0.3365998,0.3138564453125,0.3826258,0.3532731119791666,0.42020255,0.4011754557291667,0.46397173,0.448798828125,0.46408662,0.4426643880208333,0.46093583,0.4355218098958333,0.26471102,0.24833203125
2026-08-21 02:35:00+00:00,sine:salt:20260823123217,230.0,0.34868282,8.893361,1.7761977e-13,0.7623132,0.5119487999272069,0.02438329,0.0094994056125517,736.2904,756.0,0.22263947,0.308586044233,0.31912363,0.3644003430139667,0.205809,0.16486314953175,0.040145665,0.0375169270833333,0.33631867,0.3142574869791666,0.38251227,0.3537161458333333,0.41979036,0.4016666666666666,0.46342692,0.44925390625,0.4636946,0.443173828125,0.46056196,0.435931640625,0.26437613,0.2486484374999999
2026-08-21 02:40:00+00:00,sine:salt:20260823123217,235.0,0.36400867,8.795911,1.8078407e-13,0.7640252,0.5099792851794068,0.024259409,0.0117476942128644,736.067,764.1,0.22298178,0.3097062341281333,0.31918547,0.3648297023902666,0.20565078,0.1644463254959833,0.04011858,0.0374749348958333,0.33602893,0.3138886718749999,0.3823904,0.353205078125,0.4193687,0.4011455078125,0.462873,0.4486780598958333,0.4632957,0.442673828125,0.46017736,0.4354547526041666,0.26403552,0.2483587239583333
2026-08-21 02:45:00+00:00,sine:salt:20260823123217,240.0,0.34935322,8.947037,1.7962507e-13,0.7616063,0.5093919660136103,0.024443658,0.0104449706181864,736.38855,764.0,0.22248545,0.3105895700550833,0.31909782,0.3650498197508166,0.20587872,0.1641368038719666,0.040158525,0.0374749348958333,0.33644703,0.3138066406249999,0.3825651,0.353166015625,0.41998118,0.4010006510416666,0.46368176,0.4485696614583333,0.4638789,0.4425667317708333,0.46073756,0.4354469401041667,0.26453298,0.2483655598958333
2026-08-21 02:50:00+00:00,sine:salt:20260823123217,245.0,0.36461392,8.8495865,1.8290011e-13,0.76328754,0.5095344082566834,0.024321541,0.0087976615790499,736.16925,760.4,0.2228229,0.3106764264759,0.31915912,0.3650292512363333,0.20572303,0.16444185777305,0.040131707,0.0375126953125,0.33616135,0.3140120442708333,0.38244712,0.3534046223958333,0.41956425,0.4014674479166666,0.46313292,0.4489098307291667,0.46348384,0.4430003255208333,0.46035832,0.4358356119791667,0.2641952,0.2486565755208333
2026-08-21 02:55:00+00:00,sine:salt:20260823123217,250.0,0.38072145,8.752136,1.8643636e-13,0.76504236,0.5104024972313104,0.024195883,0.0128471456677586,735.9405,765.9,0.22317034,0.3107189289580166,0.31922162,0.3652625637858666,0.20556206,0.1644687236812499,0.040104367,0.0375286458333333,0.33586675,0.3143102213541667,0.38232055,0.3536966145833333,0.41913745,0.4017939453125,0.46257442,0.4492695312499999,0.4630815,0.4433118489583333,0.45996788,0.4361617838541666,0.26385143,0.2488929036458333
2026-08-21 03:00:00+00:00,sine:salt:20260823123217,255.0,0.39773303,8.654686,1.9026329e-13,0.7668735,0.5104346775141052,0.024066579,0.0090709054413859,735.702,761.2,0.22352809,0.3110541054548166,0.3192854,0.3653296660137999,0.2053956,0.16439374310805,0.040076483,0.0375172526041666,0.33556286,0.3142418619791666,0.38218507,0.3537864583333333,0.41870043,0.4016240234375,0.46200585,0.4490403645833333,0.4626716,0.4433183593749999,0.45956582,0.4361722005208333,0.26350144,0.2488880208333333
2026-08-21 03:05:00+00:00,sine:salt:20260823123217,260.0,0.41571045,8.557236,1.9441152e-13,0.76878303,0.5095773680887966,0.023933513,0.0010668284422372,735.4537,759.5,0.22389649,0.3113896478558,0.3193505,0.3657843880034166,0.2052235,0.1641731192186333,0.040048044,0.0375237630208333,0.33524945,0.3142919921875,0.3820403,0.3538551432291666,0.41825286,0.4017529296875,0.46142694,0.4491383463541666,0.46225387,0.4433173828125,0.45915166,0.4362376302083333,0.2631451,0.2489329427083333
2026-08-21 03:10:00+00:00,sine:salt:20260823123217,265.0,0.43472052,8.459785,1.9891864e-13,0.7707738,0.5096690743476315,0.02379657,0.0011900613374736,735.1953,757.9,0.22427589,0.3114505035238,0.31941706,0.3650638633863333,0.20504564,0.1645170468860333,0.04001902,0.037546875,0.3349262,0.3144498697916666,0.38188592,0.3540885416666667,0.41779438,0.4020895182291666,0.46083724,0.4494866536458333,0.461828,0.4435100911458333,0.4587249,0.4364931640625,0.26278216,0.2491178385416666
2026-08-21 03:15:00+00:00,sine:salt:20260823123217,270.0,0.45483547,8.362335,2.0382547e-13,0.7728485,0.5099209599822373,0.023655627,0.0021387761697288,734.9267,756.1,0.22466666,0.3119627238270333,0.3194851,0.3651631862668167,0.20486182,0.1644416747500666,0.039989397,0.0375546875,0.3345927,0.3144990234374999,0.3817215,0.3541663411458333,0.4173246,0.4021018880208333,0.46023634,0.4495979817708333,0.46139365,0.4434908854166667,0.4582851,0.4365403645833333,0.26241243,0.2491070963541666
2026-08-21 03:20:00+00:00,sine:salt:20260823123217,275.0,0.47613356,8.264885,2.0917948e-13,0.7750099,0.5045792446545833,0.023510551,0.0016446389460333,734.6477,764.3,0.22506917,0.3145752797788833,0.31955478,0.3656583029506667,0.20467184,0.1634789658728,0.03995915,0.037427734375,0.3342487,0.313392578125,0.38154665,0.3528818359375,0.41684318,0.4006578776041666,0.4596238,0.4479384765625,0.46095052,0.4419339192708333,0.45783168,0.4349895833333333,0.26203567,0.2481868489583333
2026-08-21 03:25:00+00:00,sine:salt:20260823123217,280.0,0.41915458,9.1610155,1.9953421e-13,0.76018524,0.5015665508501035,0.024649272,0.000661704630931,736.63605,764.9,0.22204852,0.31610580685515,0.3190426,0.3657900070294666,0.2060685,0.1627429718987666,0.04020006,0.0373616536458333,0.33678976,0.3128157552083334,0.38269553,0.3522952473958333,0.420523,0.3998994140625,0.46445024,0.4470143229166667,0.46443355,0.4411116536458334,0.4612468,0.4343001302083333,0.26499268,0.2477327473958333
2026-08-21 03:30:00+00:00,sine:salt:20260823123217,285.0,0.4370254,9.063565,2.0421228e-13,0.7618425,0.5013276386461725,0.024530582,-0.0003074610958448,736.4225,757.4,0.22237988,0.3163329930868667,0.31910437,0.3659639665318833,0.20591585,0.16298451687425,0.040173527,0.0373727213541666,0.3365079,0.3129964192708333,0.38258538,0.3524586588541666,0.42010954,0.400189453125,0.46390426,0.4472936197916667,0.46404248,0.4414225260416666,0.46087512,0.4345397135416666,0.26465535,0.2479319661458333
2026-08-21 03:35:00+00:00,sine:salt:20260823123217,290.0,0.45586383,8.966115,2.0928643e-13,0.76357925,0.5019831650510878,0.024408145,0.0048536942902456,736.19867,756.1,0.22272202,0.3163231087111667,0.31916746,0.3661019685295,0.2057574,0.1631788525064666,0.040146418,0.0374036458333333,0.33621627,0.3131793619791667,0.38246638,0.352810546875,0.4196852,0.4005332031249999,0.46334743,0.4474684244791666,0.4636435,0.4417229817708333,0.4604916,0.4348444010416666,0.2643112,0.2480979817708333
2026-08-21 03:40:00+00:00,sine:salt:20260823123217,295.0,0.47573367,8.868665,2.1480028e-13,0.76539826,0.5023276865716206,0.024281835,0.005848670260931,735.9643,738.6,0.22307533,0.3163719207287166,0.319232,0.3662182019439333,0.20559298,0.1631533957255333,0.040118717,0.0374212239583333,0.3359146,0.3133414713541667,0.3823382,0.35309765625,0.41924965,0.4009075520833333,0.46277943,0.4479313151041666,0.4632363,0.4420110677083333,0.46009567,0.4352236328125,0.26396003,0.2483404947916666
2026-08-21 03:45:00+00:00,sine:salt:20260823123217,300.0,0.49670368,8.7712145,2.2080613e-13,0.76730245,0.5026097204776315,0.024151534,0.0061373882377017,735.7192,741.0,0.22344016,0.3163398871343833,0.31929797,0.3660782497163333,0.2054224,0.1631710924151833,0.0400904,0.037462890625,0.33560255,0.3135107421874999,0.38220042,0.353533203125,0.41880247,0.4011845703125,0.46219987,0.4482320963541666,0.46282062,0.4422099609375,0.45968696,0.4354361979166666,0.2636017,0.2485166015625
2026-08-21 03:50:00+00:00,sine:salt:20260823123217,305.0,0.518848,8.673764,2.2736294e-13,0.7692947,0.5034862018223684,0.024017107,0.0098349177103333,735.4631,729.6,0.22381687,0.3163369563521333,0.31936553,0.36545407874685,0.20524551,0.16355013839005,0.040061444,0.0374807942708333,0.33527976,0.3136796874999999,0.38205263,0.3538688151041667,0.4183433,0.401486328125,0.46160835,0.4484169921875,0.46239617,0.4423512369791667,0.4592649,0.4356569010416666,0.26323593,0.2486598307291666
2026-08-21 03:55:00+00:00,sine:salt:20260823123217,310.0,0.54224676,8.576314,2.345404e-13,0.77137846,0.5040310440558333,0.023878418,0.0106876906182222,735.1957,720.3,0.22420593,0.3163334684081167,0.31943473,0.3660171691327333,0.20506208,0.16340014046585,0.04003183,0.0375029296875,0.33494586,0.3138821614583333,0.38189435,0.3542906901041666,0.4178717,0.4018597005208333,0.46100447,0.4486764322916666,0.4619626,0.4426608072916666,0.458829,0.4360384114583333,0.26286253,0.2488893229166666
2026-08-21 04:00:00+00:00,sine:salt:20260823123217,315.0,0.5669865,8.478864,2.4241928e-13,0.7735568,0.4986606785158571,0.023735313,0.0118648188968392,734.9169,713.2,0.22460774,0.3195449802888,0.31950566,0.3660227554737,0.20487191,0.1624786849826,0.040001534,0.0373089192708333,0.33460042,0.3123671875,0.38172516,0.3524576822916667,0.4173873,0.39985546875,0.46038774,0.4465638020833333,0.46151963,0.4405657552083333,0.45837858,0.4341022135416666,0.26248124,0.2476927083333333
2026-08-21 04:05:00+00:00,sine:salt:20260823123217,320.0,0.48175892,9.747498,2.2337183e-13,0.7543886,0.4949566038344333,0.025236014,0.0111690983336833,737.4647,710.5,0.22061476,0.3213335262859166,0.31880608,0.3666837190294833,0.20670438,0.1617615722436,0.040328335,0.0372347005208333,0.33796504,0.3116650390625,0.38308322,0.3518362630208333,0.42234123,0.3989169921875,0.4669744,0.4453512369791667,0.4662341,0.4394182942708333,0.4628834,0.4331585286458333,0.2665276,0.2470478515624999
2026-08-21 04:10:00+00:00,sine:salt:20260823123217,325.0,0.5010323,9.650047,2.2964231e-13,0.7558,0.4959430288443859,0.025131969,0.0164898666695614,737.28845,697.5,0.22090931,0.3207730563525333,0.31886536,0.3667105379252666,0.2065714,0.1622102431260667,0.040303696,0.0372822265625,0.33771414,0.3120520833333333,0.38300616,0.3523811848958333,0.42196107,0.399498046875,0.46645972,0.4457652994791666,0.4658682,0.4398831380208333,0.46255252,0.4335498046875,0.26620904,0.2474007161458333
2026-08-21 04:15:00+00:00,sine:salt:20260823123217,330.0,0.5212842,9.552597,2.3644888e-13,0.7572907,0.4969133294529833,0.025024282,0.0188036046196,737.10156,686.2,0.22121459,0.3203510613962333,0.31892598,0.36646942395845,0.20643254,0.1621024235892166,0.04027847,0.0373089192708333,0.33745342,0.3123958333333333,0.38292113,0.3529866536458333,0.42156973,0.3999602864583333,0.4659338,0.4461142578124999,0.46549445,0.4403489583333334,0.4622102,0.4340611979166667,0.26588318,0.2476240234375
2026-08-21 04:20:00+00:00,sine:salt:20260823123217,335.0,0.5425752,9.455147,2.4385832e-13,0.75886345,0.4982810724632333,0.024912825,0.02336522032935,736.9037,681.2,0.221531,0.3184744758738,0.31898803,0.3657930175281333,0.20628761,0.1628823759790833,0.040252633,0.0373990885416666,0.33718258,0.3132470703125,0.38282773,0.3540791015625,0.42116696,0.4010065104166667,0.4653963,0.4472659505208333,0.46511263,0.4414420572916667,0.461856,0.4352317708333333,0.26554984,0.2483414713541666
2026-08-21 04:25:00+00:00,sine:salt:20260823123217,340.0,0.56496996,9.357697,2.51944e-13,0.7605215,0.502849849894695,0.02479747,0.0471419588317288,736.69464,680.7,0.22185889,0.3163835560898499,0.31905156,0.3651409212903166,0.20613642,0.1638577377487499,0.040226173,0.0374993489583333,0.33690122,0.3142164713541666,0.3827255,0.3553694661458333,0.4207523,0.4023597005208333,0.4648469,0.4486591796874999,0.46472242,0.4426279296875,0.46148953,0.4363427734375,0.2652088,0.2490810546875
2026-08-21 04:30:00+00:00,sine:salt:20260823123217,345.0,0.5885382,9.260246,2.6078778e-13,0.762268,0.5072679044883729,0.024678076,0.0619753466950678,736.47406,667.4,0.22219867,0.3155157826614333,0.3191166,0.3647213936607833,0.20597877,0.1641609188485333,0.040199064,0.0375419921875,0.33660904,0.3145836588541666,0.38261405,0.3558502604166666,0.42032537,0.4027522786458333,0.46428525,0.4491070963541667,0.46432358,0.4430921223958333,0.46111023,0.4367825520833334,0.2648599,0.24934765625
2026-08-21 04:35:00+00:00,sine:salt:20260823123217,350.0,0.6133548,9.162796,2.7049088e-13,0.76410645,0.5098862168536666,0.024554487,0.0627430640385666,736.24164,627.5,0.22255075,0.3152464178318,0.31918323,0.365122881149,0.20581442,0.1644742174180666,0.040171288,0.0375605468749999,0.3363056,0.3148167317708333,0.38249287,0.3561279296875,0.41988575,0.4031614583333333,0.4637109,0.4494368489583333,0.46391574,0.4434381510416667,0.4607176,0.4371468098958333,0.26450288,0.2495693359375
2026-08-21 04:40:00+00:00,sine:salt:20260823123217,355.0,0.6395002,9.065346,2.8116891e-13,0.76604044,0.5074560135554166,0.024426557,0.0605863933663166,735.997,593.7,0.22291563,0.3165635035087167,0.31925157,0.36506938772985,0.20564316,0.1638728233049667,0.040142816,0.0374580078125,0.3359905,0.3139469401041667,0.38236147,0.35498046875,0.41943303,0.4020794270833333,0.4631234,0.4482473958333333,0.46349865,0.4421809895833333,0.46031108,0.4359720052083333,0.26413748,0.2488219401041666
2026-08-21 04:45:00+00:00,sine:salt:20260823123217,360.0,0.56905055,9.961476,2.6154743e-13,0.7536493,0.5051314037290526,0.02541158,0.0565512526282456,737.6181,561.1,0.22027878,0.31762107085135,0.31877002,0.3652868494155499,0.20684335,0.1634032573650333,0.040364537,0.0374062499999999,0.33821946,0.3136139322916666,0.3831427,0.3545895182291667,0.4227732,0.4015680338541667,0.46762726,0.4475048828125,0.4666941,0.4415475260416667,0.46328092,0.4354036458333333,0.26691136,0.2485094401041666
2026-08-21 04:50:00+00:00,sine:salt:20260823123217,365.0,0.5913152,9.864026,2.7076908e-13,0.7550482,0.506152020275983,0.02531029,0.0480557367717966,737.4472,580.3,0.2205693,0.31708193696055,0.31883034,0.36504417874835,0.20671237,0.1636237964268833,0.040340044,0.0374231770833333,0.33797047,0.3138929036458334,0.3830715,0.3551048177083333,0.42239395,0.4018828125,0.4671119,0.4477275390625,0.46632966,0.4417955729166666,0.46295482,0.435716796875,0.26659182,0.2486842447916666
2026-08-21 04:55:00+00:00,sine:salt:20260823123217,370.0,0.6146852,9.766576,2.808527e-13,0.75653124,0.5068594176150357,0.025205223,0.0378945407096785,737.265,620.7,0.22087112,0.3161027547057333,0.31889218,0.3651512745355167,0.20657514,0.16372875220375,0.040314917,0.0374833984375,0.33771107,0.31433984375,0.3829922,0.3556839192708333,0.42200276,0.4022477213541666,0.46658447,0.4480807291666667,0.46595702,0.442142578125,0.46261686,0.436095703125,0.2662643,0.2489501953125
2026-08-21 05:00:00+00:00,sine:salt:20260823123217,375.0,0.6392272,9.669126,2.9190973e-13,0.75810164,0.5076076859970333,0.025096223,0.0316482545697166,737.0711,623.4,0.22118469,0.3157682754701333,0.31895554,0.3649500231562833,0.20643146,0.1640873906062333,0.040289138,0.037505859375,0.33744082,0.3146038411458333,0.38290435,0.3559296875,0.4215993,0.4027330729166666,0.4660446,0.4486715494791667,0.46557587,0.4425856119791666,0.46226653,0.4365052083333333,0.2659286,0.2492063802083333
2026-08-21 05:05:00+00:00,sine:salt:20260823123217,380.0,0.6650128,9.571675,3.040764e-13,0.7597631,0.5092270131119818,0.024983143,0.0331902426127636,736.8651,618.9,0.22151041,0.3150697022875667,0.31902048,0.3648417721438666,0.20628108,0.1643389853814333,0.040262688,0.03753125,0.33715937,0.3148704427083333,0.38280743,0.3562604166666666,0.4211831,0.40302734375,0.46549192,0.44894921875,0.46518594,0.4429847005208333,0.46190333,0.4367591145833333,0.2655845,0.2494095052083333
2026-08-21 05:10:00+00:00,sine:salt:20260823123217,385.0,0.6921185,9.474225,3.1750327e-13,0.76151943,0.5101874553960667,0.024865817,0.0304147977657333,736.6468,607.6,0.22184879,0.3144302917323333,0.31908712,0.3646067110856833,0.20612375,0.16457013109225,0.04023554,0.0375582682291666,0.33686626,0.3151399739583333,0.38270095,0.3565865885416667,0.4207537,0.4034342447916667,0.46492592,0.4493837890625,0.4647869,0.4432893880208333,0.46152672,0.4371770833333333,0.26523173,0.2496484375
2026-08-21 05:15:00+00:00,sine:salt:20260823123217,390.0,0.7206267,9.376775,3.323733e-13,0.7633746,0.5115715441888474,0.02474408,0.0306514765538813,736.41565,586.3,0.22220029,0.3140564056357666,0.31915545,0.3643074302568166,0.20595923,0.1646682378596,0.040207677,0.037587890625,0.33656105,0.3154860026041666,0.3825844,0.3570338541666666,0.42031056,0.4037467447916666,0.4643462,0.4496578776041666,0.46437836,0.4435390625,0.46113613,0.4374195963541666,0.26487002,0.2497610677083333
2026-08-21 05:20:00+00:00,sine:salt:20260823123217,395.0,0.7506256,9.279325,3.4890737e-13,0.76533276,0.5098547498527017,0.024617756,0.027328917413807,736.1713,576.8,0.22256544,0.3145785889842999,0.3192256,0.3643495762865834,0.20578724,0.1644246832387833,0.04017906,0.0375582682291666,0.33624327,0.3150654296875,0.38245723,0.3565169270833334,0.41985324,0.4033460286458333,0.46375224,0.4492737630208333,0.46396005,0.4431002604166666,0.4607309,0.43701171875,0.26449913,0.2495260416666666
2026-08-21 05:25:00+00:00,sine:salt:20260823123217,400.0,0.721936,9.43045,3.4034944e-13,0.762684,0.5100068390508947,0.024803413,0.0277506422723333,736.50977,569.1,0.22204873,0.3145348258990833,0.31913012,0.36449112985295,0.2060283,0.1645364444194833,0.040220544,0.0375625,0.33668786,0.315146484375,0.38263226,0.3565472005208333,0.42049977,0.40331640625,0.46460155,0.4492630208333333,0.4645596,0.4430546875,0.4613074,0.4366458333333333,0.26502645,0.2494544270833333
2026-08-21 05:30:00+00:00,sine:salt:20260823123217,405.0,0.75181395,9.333,3.5758432e-13,0.7646099,0.51194338330825,0.024678797,0.0328488718616785,736.26996,558.1111111111111,0.2224093,0.3135292869217166,0.31919986,0.3642611462814999,0.20585875,0.1650341857953166,0.04019217,0.037609375,0.33637404,0.3155289713541666,0.3825091,0.3570719401041666,0.42004678,0.4037727864583333,0.46401173,0.4497679036458333,0.4641445,0.4435380859375,0.46090725,0.4371832682291667,0.2646581,0.2498011067708333
2026-08-21 05:35:00+00:00,sine:salt:20260823123217,410.0,0.7832618,9.23555,3.7683813e-13,0.7666425,0.513898853160638,0.024549432,0.0372471897018103,736.01654,561.9,0.22278397,0.3127232292437666,0.31927148,0.3643444269071166,0.20568147,0.16537160021495,0.040163014,0.0376539713541666,0.3360472,0.3159677734375,0.38237488,0.3576917317708333,0.4195791,0.4043124999999999,0.46340722,0.450240234375,0.46371925,0.4439674479166667,0.46049196,0.43777734375,0.2642802,0.2500550130208333
2026-08-21 05:40:00+00:00,sine:salt:20260823123217,415.0,0.81637985,9.1381,3.9843888e-13,0.76878685,0.5159567259221864,0.02441513,0.0403793166879661,735.74915,577.8,0.22317335,0.3120532059803,0.3193451,0.36407164065215,0.20549618,0.1655582048075833,0.040133055,0.0376858723958333,0.33570683,0.3162223307291666,0.38222897,0.3580201822916666,0.41909608,0.4046188151041666,0.46278742,0.45066015625,0.46328354,0.4443349609374999,0.46006086,0.4380706380208333,0.26389247,0.2502607421875
2026-08-21 05:45:00+00:00,sine:salt:20260823123217,420.0,0.8512761,9.040649,4.2278797e-13,0.7710477,0.5173287942258304,0.024275681,0.0380920146742881,735.4673,595.0,0.22357804,0.31088888909125,0.31942078,0.3637380998259999,0.20530252,0.1657326736603166,0.040102255,0.0377262369791666,0.3353523,0.3165511067708333,0.38207078,0.3585227864583333,0.41859716,0.4049075520833333,0.46215174,0.4509892578125,0.4628369,0.4445592447916667,0.4596132,0.43841796875,0.2634945,0.2504166666666667
2026-08-21 05:50:00+00:00,sine:salt:20260823123217,425.0,0.88806677,8.943199,4.5037143e-13,0.7734305,0.5188935820379152,0.02413086,0.0376811283835423,735.1705,599.4,0.22399873,0.3104464428282666,0.31949872,0.3637021365496666,0.20510018,0.1661527832980166,0.040070575,0.0377506510416666,0.334983,0.3169280598958333,0.3818996,0.3588951822916666,0.4180816,0.4053457031249999,0.46149945,0.4513548177083333,0.4623789,0.4449430338541666,0.45914817,0.438755859375,0.26308587,0.2506448567708333
2026-08-21 05:55:00+00:00,sine:salt:20260823123217,430.0,0.926877,8.845749,4.8178383e-13,0.77594113,0.5204954287272241,0.023980433,0.0374898338182069,734.85815,608.9,0.22443612,0.3094299468771,0.31957904,0.3636429388110166,0.20488878,0.1663813304791,0.04003798,0.0378011067708333,0.33459827,0.3173343098958333,0.38171473,0.3593912760416666,0.41754875,0.4057548828125,0.46082985,0.4517727864583333,0.46190903,0.4453658854166666,0.4586649,0.4390901692708333,0.26266614,0.2508567708333333
2026-08-21 06:00:00+00:00,sine:salt:20260823123217,435.0,0.96784186,8.748299,5.177577e-13,0.77858526,0.5209406921555273,0.023824153,0.0364387857780909,734.52985,657.8,0.22489093,0.3089023955429166,0.31966186,0.3635581617303833,0.20466793,0.1665524988718,0.040004417,0.0378206380208333,0.3341974,0.3175074869791666,0.3815154,0.3596070963541666,0.41699776,0.4059651692708333,0.4601422,0.4521591796875,0.46142682,0.4457259114583333,0.4581625,0.4394368489583333,0.2622348,0.2509915364583333
2026-08-21 06:05:00+00:00,sine:salt:20260823123217,440.0,0.9687326,8.526921,5.263608e-13,0.78254175,0.5221834336345439,0.023521272,0.0366356052786842,733.9967,647.9,0.22567286,0.3082440424091166,0.31978282,0.3632714355364166,0.20430107,0.1667585047792333,0.039943222,0.0378297526041666,0.33353907,0.3175930989583333,0.3811751,0.3596868489583333,0.41607,0.4061910807291667,0.45894694,0.4521500651041666,0.46056786,0.4456728515624999,0.4572774,0.4394788411458333,0.26150447,0.2511279296875
2026-08-21 06:10:00+00:00,sine:salt:20260823123217,445.0,1.0131938,8.429471,5.698965e-13,0.78548557,0.5246079951541017,0.023350552,0.0418670642334067,733.6325,592.3,0.22616833,0.3070244995156666,0.31987104,0.3630405217048833,0.20405892,0.1673079398297166,0.03990748,0.0378769531249999,0.33310196,0.3180198567708333,0.38093904,0.3603125,0.41547927,0.40660546875,0.4582201,0.4527154947916667,0.46005675,0.4461673177083333,0.4567283,0.4399609375,0.26104918,0.2513922526041667
2026-08-21 06:15:00+00:00,sine:salt:20260823123217,450.0,1.0602487,8.332021,6.2059277e-13,0.788581,0.5266304050527119,0.02317322,0.0432193988191355,733.25104,557.2,0.22668357,0.3061624447238833,0.31996232,0.3632360503923,0.20380622,0.1675356475717666,0.039870635,0.0379287109375,0.33264658,0.3185651041666666,0.38068616,0.3609993489583333,0.41486812,0.4070579427083333,0.4574727,0.4530937499999999,0.45953166,0.4468294270833333,0.45615706,0.440439453125,0.26058084,0.2516848958333333
2026-08-21 06:20:00+00:00,sine:salt:20260823123217,455.0,1.1100817,8.2345705,6.8002955e-13,0.79183584,0.5289649486693051,0.02298896,0.046326028933,732.85156,532.2,0.2272195,0.3053542129416,0.32005695,0.3626892514914833,0.20354249,0.1680757589537999,0.03983263,0.0379720052083333,0.33217198,0.3189365234375,0.38041547,0.3614300130208333,0.4142356,0.4075016276041667,0.45670375,0.4535970052083333,0.45899197,0.4472239583333333,0.4555624,0.4407457682291667,0.26009876,0.251900390625
2026-08-21 06:25:00+00:00,sine:salt:20260823123217,460.0,1.1628926,8.13712,7.5022437e-13,0.7952583,0.5308081400600351,0.02279743,0.0449869839131578,732.4335,508.7,0.22777718,0.30428754558875,0.3201551,0.36311981744085,0.20326719,0.16823053211045,0.03979339,0.0380237630208333,0.3316772,0.3194189453125,0.38012603,0.3620094401041667,0.41358054,0.40798828125,0.45591202,0.4539560546875,0.45843694,0.4475553385416667,0.45494306,0.4410595703125,0.25960216,0.2521162109375
2026-08-21 06:30:00+00:00,sine:salt:20260823123217,465.0,1.2188983,8.03967,8.3375873e-13,0.7988575,0.5322311917318621,0.022598268,0.0419050528232069,731.996,493.9,0.22835775,0.30330564825005,0.3202572,0.3628869736357666,0.20297976,0.1684354290491833,0.039752845,0.03805859375,0.3311611,0.3197360026041667,0.37981674,0.3622386067708333,0.4129018,0.4083359375,0.45509624,0.454462890625,0.45786583,0.448015625,0.4542976,0.4414580078125,0.25909024,0.2524375
2026-08-21 06:35:00+00:00,sine:salt:20260823123217,470.0,1.2783343,7.9422197,9.339508e-13,0.8026433,0.5334712255423221,0.022391085,0.038602165563322,731.53827,503.1,0.22896242,0.3022389370761166,0.32036343,0.3627450183893833,0.20267957,0.1687691077984833,0.03971092,0.038099609375,0.33062252,0.3200569661458333,0.37948647,0.3626139322916666,0.4121981,0.40880078125,0.4542551,0.4548968098958333,0.45727786,0.4484475911458333,0.45362446,0.4417669270833333,0.2585621,0.2527392578125
2026-08-21 06:40:00+00:00,sine:salt:20260823123217,475.0,1.3414568,7.8447695,1.0551123e-12,0.80662614,0.5337880838348448,0.022175454,0.0370247384318103,731.0596,524.3,0.22959252,0.3021409608181999,0.32047424,0.36252818705545,0.20236598,0.1686496572176166,0.039667517,0.0380849609375,0.33006018,0.3198326822916666,0.379134,0.362435546875,0.41146803,0.4086184895833333,0.45338702,0.4546930338541666,0.45667216,0.448134765625,0.45292196,0.4415367838541666,0.25801668,0.2525856119791667
2026-08-21 06:45:00+00:00,sine:salt:20260823123217,480.0,1.2811098,7.995895,9.780647e-13,0.8015706,0.533647206327772,0.022473771,0.0360975027244385,731.6816,520.4,0.22875403,0.3013236316518333,0.3203332,0.3625946569510166,0.20277707,0.1689336572748,0.03972664,0.0380973307291666,0.33079606,0.3199371744791666,0.37959507,0.3625940755208333,0.41243514,0.4088798828125,0.45455474,0.454966796875,0.457498,0.4484700520833333,0.4538657,0.4418824869791666,0.25874224,0.2527001953125
2026-08-21 06:50:00+00:00,sine:salt:20260823123217,485.0,1.3439318,7.8984447,1.1070311e-12,0.8055178,0.5361062354319824,0.022260126,0.0412479420488421,731.20654,504.3,0.22937894,0.3002488459652334,0.3204432,0.3624052597171667,0.20246592,0.1694652050268666,0.03968352,0.0381494140625,0.3302381,0.32038671875,0.37924808,0.3629951171875,0.4117097,0.4094049479166666,0.45369133,0.4557229817708333,0.45689625,0.4489847005208333,0.4531701,0.4424641927083333,0.25819936,0.2530061848958333
2026-08-21 06:55:00+00:00,sine:salt:20260823123217,490.0,1.4106725,7.8009944,1.2644501e-12,0.80967236,0.5391385598316428,0.022037635,0.0499569054098392,730.7096,506.8,0.23003054,0.2990336972387,0.32055807,0.3620167641661833,0.2021407,0.1700182289310666,0.039638843,0.03817578125,0.32965517,0.3205944010416666,0.3788778,0.3633512369791666,0.41095653,0.40986328125,0.45279962,0.4561546223958333,0.45627597,0.4495517578125,0.4524436,0.4429739583333333,0.25763825,0.2533483072916666
2026-08-21 07:00:00+00:00,sine:salt:20260823123217,495.0,1.4816301,7.703544,1.4583047e-12,0.8140467,0.5413811976595254,0.02180582,0.0499726579896271,730.1898,527.2,0.23071033,0.2983058691685833,0.32067823,0.36194130048645,0.20180063,0.1700893679198333,0.0395925,0.0381852213541666,0.3290457,0.3208079427083333,0.37848273,0.3636341145833333,0.41017404,0.4102161458333333,0.4518778,0.4564899088541667,0.4556362,0.4499134114583333,0.45168433,0.4433557942708333,0.2570577,0.253537109375
2026-08-21 07:05:00+00:00,sine:salt:20260823123217,500.0,1.5571295,7.606094,1.6992076e-12,0.8186538,0.5432736872351579,0.02156416,0.0477346938090877,729.64606,588.1,0.23142,0.2972125896779333,0.32080418,0.3618601390449167,0.20144486,0.1705992160049833,0.039544385,0.0382389322916666,0.32840818,0.3210400390625,0.37806147,0.3638984374999999,0.4093605,0.4104899088541666,0.450924,0.4569423828125,0.45497593,0.4502578125,0.45089012,0.44357421875,0.2564564,0.2537060546875
2026-08-21 07:10:00+00:00,sine:salt:20260823123217,505.0,1.6375252,7.5086436,2.0014266e-12,0.82350844,0.5450690507177819,0.021312099,0.0458804482317818,729.07733,594.5,0.23216127,0.2966134605137833,0.32093647,0.3618574171754666,0.20107254,0.1707507702567166,0.03949437,0.0382705078125,0.32774076,0.3212662760416666,0.37761238,0.3642457682291666,0.40851402,0.4108020833333333,0.44993615,0.4573759765625,0.454294,0.4504921875,0.45005873,0.4438662109375,0.255833,0.2538707682291666
2026-08-21 07:15:00+00:00,sine:salt:20260823123217,510.0,1.7232047,7.4111934,2.3843538e-12,0.8286262,0.5461737834706102,0.021049041,0.0407545292354915,728.4825,604.8,0.23293611,0.2956117384621,0.3210757,0.3615858805282,0.20068265,0.1709583522078167,0.03944231,0.0382932942708333,0.32704154,0.3215501302083333,0.37713376,0.3644664713541666,0.40763253,0.4111357421875,0.44891194,0.457677734375,0.4535892,0.4508473307291666,0.44918758,0.4440514322916666,0.2551858,0.2540680338541666
2026-08-21 07:20:00+00:00,sine:salt:20260823123217,515.0,1.8145918,7.313743,2.8746755e-12,0.8340242,0.5430644589203834,0.020774342,0.0390346332115,727.8602,611.1,0.2337466,0.2967396582657,0.32122254,0.36208510320435,0.20027418,0.1704743805713,0.039388057,0.0382044270833333,0.32630846,0.3205817057291666,0.37662375,0.3632545572916666,0.40671384,0.4100690104166666,0.44784895,0.4565019531249999,0.45286027,0.4496044921875,0.44827393,0.4428837890625,0.25451314,0.2533111979166667
2026-08-21 07:25:00+00:00,sine:salt:20260823123217,520.0,1.5726312,8.209874,1.9364334e-12,0.8054548,0.540563225154,0.02254554,0.0385602849151016,731.3708,628.7,0.22892767,0.2974949285074167,0.32044026,0.3618805536284666,0.2026155,0.1700997540962,0.039729387,0.03813671875,0.33049157,0.3198727213541666,0.379422,0.362435546875,0.41216555,0.4094547526041667,0.45443222,0.4560019531249999,0.45754945,0.448982421875,0.45378503,0.4423919270833333,0.25856733,0.2529567057291667
2026-08-21 07:30:00+00:00,sine:salt:20260823123217,525.0,1.6476791,8.112424,2.2714244e-12,0.8098369,0.5431848161840878,0.02231858,0.0442123323767543,730.8482,648.3,0.22960149,0.2963818218738,0.32056046,0.3617077995425333,0.20227495,0.17076754589825,0.03968313,0.0381832682291666,0.32988223,0.3204606119791666,0.37904286,0.3631409505208333,0.41138014,0.4099697265625,0.4535077,0.4564827473958333,0.4569183,0.4495006510416666,0.45304343,0.442900390625,0.25797918,0.253267578125
2026-08-21 07:35:00+00:00,sine:salt:20260823123217,530.0,1.7272812,8.014974,2.6912418e-12,0.8144624,0.5455220946257018,0.02208144,0.0462836301119122,730.2999,665.7,0.23030628,0.2951374611932833,0.32068637,0.3618616534085833,0.20191787,0.1708735551521833,0.039635036,0.0382239583333333,0.32924372,0.3208981119791667,0.37863684,0.3636520182291666,0.41056243,0.4104388020833333,0.45255038,0.4569602864583333,0.45626646,0.4500439453125,0.45226654,0.4432955729166667,0.25736946,0.2535595703125
2026-08-21 07:40:00+00:00,sine:salt:20260823123217,535.0,1.8117745,7.9175234,3.2223224e-12,0.8193457,0.54724336975155,0.021833569,0.0436946302686166,729.72473,683.0,0.23104383,0.2941575170371167,0.3208185,0.3616909994982,0.20154336,0.17134200888335,0.03958499,0.0382548828125,0.32857424,0.3211259765624999,0.37820232,0.3640123697916666,0.40971053,0.4107109375,0.45155826,0.4571995442708333,0.4555929,0.4502021484374999,0.4514521,0.44359375,0.2567367,0.2536979166666666
2026-08-21 07:45:00+00:00,sine:salt:20260823123217,540.0,1.9015253,7.820073,3.9011745e-12,0.82450193,0.5493484164342204,0.021574385,0.0442512469635084,729.12164,689.5,0.23181602,0.29339709489555,0.3209575,0.3615566793015666,0.2011505,0.1717561606064333,0.039532848,0.0382945963541666,0.327872,0.3214934895833333,0.3777376,0.3644482421875,0.4088225,0.4111136067708333,0.4505292,0.4576171875,0.45489642,0.450619140625,0.45059767,0.444,0.25607944,0.2539475911458333
2026-08-21 07:50:00+00:00,sine:salt:20260823123217,545.0,1.9969324,7.722623,4.7793904e-12,0.8299478,0.551271368731931,0.021303259,0.0438186972981724,728.48944,696.1,0.2326249,0.2924216471556333,0.321104,0.3610004496121999,0.20073827,0.1719583066547333,0.039478466,0.0383326822916666,0.327135,0.3217998046875,0.3772409,0.3648349609375,0.4078962,0.4114453125,0.4494608,0.4579794921874999,0.45417583,0.4509625651041666,0.44970056,0.4442581380208333,0.25539598,0.2541650390625
2026-08-21 07:55:00+00:00,sine:salt:20260823123217,550.0,2.0984306,7.6251726,5.9313036e-12,0.8357013,0.5530017866506207,0.021019537,0.0421834749435172,727.82684,649.3,0.23347266,0.2915600867711667,0.32125875,0.3611213956761333,0.20030555,0.1723755607974833,0.03942168,0.0383512369791666,0.326361,0.3220524088541667,0.37671024,0.3652581380208333,0.40692934,0.4117073567708333,0.4483506,0.4581712239583334,0.4534298,0.4512796223958333,0.4487578,0.4446832682291666,0.2546845,0.2543089192708333
2026-08-21 08:00:00+00:00,sine:salt:20260823123217,555.0,2.2064943,7.5277224,7.466118e-12,0.84178156,0.5504879803276896,0.020722521,0.0412606064440517,727.1327,598.4,0.23436162,0.2928684857791166,0.32142258,0.3614909486529,0.1998512,0.1717169503183,0.03936231,0.03824609375,0.32554772,0.32103515625,0.37614363,0.36390625,0.4059195,0.4105992838541666,0.44719586,0.4571097005208333,0.45265692,0.4500299479166667,0.44776624,0.4434440104166667,0.253943,0.2535895182291666
2026-08-21 08:05:00+00:00,sine:salt:20260823123217,560.0,1.8394353,8.796356,3.9322595e-12,0.8006812,0.5477137750705088,0.023210034,0.0391966826262456,732.1665,582.7777777777778,0.22753464,0.2934115316437333,0.3203142,0.3618510047318667,0.20319916,0.1712853619901333,0.03984749,0.0381787109375,0.33151197,0.3202109374999999,0.3800392,0.3629612630208333,0.4136833,0.4097796223958333,0.45653087,0.4563209635416667,0.45919147,0.4492041015624999,0.4554795,0.4426640624999999,0.25975275,0.2530934244791666
2026-08-21 08:10:00+00:00,sine:salt:20260823123217,565.0,1.9212012,8.698906,4.7202958e-12,0.8050943,0.5495934212814311,0.022988945,0.0402976650063275,731.6394,582.7777777777778,0.22820167,0.2924554024454,0.3204355,0.3613940579955333,0.20285676,0.1717772785249,0.0398011,0.0382083333333333,0.33089954,0.3205852864583333,0.37967956,0.3633896484375,0.41289064,0.4101503906249999,0.45559832,0.4566692708333333,0.45857063,0.4495677083333333,0.45475942,0.4429361979166666,0.25915143,0.2533518880208333
2026-08-21 08:15:00+00:00,sine:salt:20260823123217,570.0,2.0075853,8.601456,5.724013e-12,0.8097683,0.551141576787,0.022757085,0.0378386038469491,731.0837,582.7777777777778,0.22890162,0.2916318241060999,0.32056248,0.3614312743041666,0.20249645,0.1720399323149833,0.03975277,0.0382727864583333,0.33025607,0.3210152994791667,0.37929195,0.364021484375,0.41206354,0.4105380859374999,0.45463148,0.4571386718749999,0.4579287,0.4500045572916666,0.45400319,0.4433984375,0.25852698,0.2536741536458333
2026-08-21 08:20:00+00:00,sine:salt:20260823123217,575.0,2.098905,8.504005,7.018078e-12,0.8147176,0.5535442904421864,0.022513898,0.0421308139018813,730.4981,,0.22963625,0.2901177107575166,0.3206956,0.3615204088221166,0.20211735,0.1724818537086833,0.039702382,0.0383297526041666,0.3295798,0.3215869140625,0.3788747,0.3647418619791667,0.41120023,0.4110234375,0.45362842,0.4575986328125,0.45726466,0.4505110677083334,0.45320857,0.443865234375,0.25787807,0.2539567057291667
2026-08-21 08:25:00+00:00,sine:salt:20260823123217,580.0,2.195504,8.406555,8.70917e-12,0.8199574,0.55502959235585,0.022258809,0.03946858081945,729.8817,,0.23040745,0.2892616689100666,0.3208355,0.3612131382272167,0.20171851,0.1726665022142333,0.039649803,0.0383619791666666,0.32886893,0.3220188802083333,0.37842605,0.3652467447916666,0.41029873,0.4114036458333333,0.45258713,0.4577307942708333,0.45657745,0.4509420572916667,0.45237312,0.4442490234375,0.2572032,0.2541832682291666
2026-08-21 08:30:00+00:00,sine:salt:20260823123217,585.0,2.2977538,8.309105,1.0951346e-11,0.8255039,0.556777752793,0.0219912,0.0389458951382413,729.2333,,0.23121725,0.2883078283809,0.3209828,0.36103368453095,0.20129895,0.1728730243729166,0.03959488,0.038380859375,0.3281215,0.3222516276041666,0.37794423,0.3654759114583333,0.40935707,0.4117115885416667,0.4515054,0.4581246744791666,0.45586586,0.4512581380208333,0.45149416,0.4445908203125,0.25650075,0.2544449869791667
2026-08-21 08:35:00+00:00,sine:salt:20260823123217,590.0,2.4060576,8.211655,1.39705105e-11,0.8313743,0.5580568029304833,0.021710467,0.0363139528392166,728.5517,,0.23206773,0.2872867675974666,0.32113826,0.3608552672906166,0.20085765,0.1734308352635166,0.039537463,0.0384130859375,0.32733554,0.3224798177083333,0.3774274,0.3658229166666666,0.4083731,0.4120345052083333,0.45038092,0.4586569010416667,0.45512867,0.4516171875,0.45056885,0.4449931640625,0.25576904,0.2546318359375
2026-08-21 08:40:00+00:00,sine:salt:20260823123217,595.0,2.520852,8.114204,1.810358e-11,0.83758694,0.5565811269453333,0.021415932,0.0387424179553333,727.83594,,0.23296118,0.2884201061810833,0.32130268,0.3615260493268167,0.2003935,0.1730992303700166,0.03947737,0.0383486328125,0.3265088,0.3217457682291667,0.37687355,0.3647405598958333,0.40734452,0.4112197265625,0.44921115,0.4577470703125,0.45436454,0.4507093098958333,0.44959408,0.4439241536458333,0.2550062,0.254068359375
2026-08-21 08:45:00+00:00,sine:salt:20260823123217,600.0,2.2142003,9.010335,1.0354394e-11,0.8069475,0.555120629150386,0.023197064,0.0368262044699473,731.568,,0.22799996,0.2888555560190667,0.32049385,0.36159840118335,0.2028606,0.17251582391035,0.039829545,0.03830078125,0.33088768,0.3210872395833333,0.37967017,0.3640426432291666,0.41302112,0.4106373697916667,0.45597845,0.457375,0.45900035,0.4502610677083333,0.45511177,0.4435911458333333,0.25927368,0.2537975260416666
2026-08-21 08:50:00+00:00,sine:salt:20260823123217,605.0,2.3102248,8.912885,1.2937256e-11,0.8119309,0.5565946963521035,0.022957232,0.0370083290089137,730.9775,,0.2287307,0.2877679906167333,0.3206277,0.3614417876236166,0.20247924,0.17323174592655,0.03977894,0.03834765625,0.33020747,0.3215856119791667,0.3792651,0.3647001953125,0.41215134,0.411287109375,0.45496863,0.4578942057291666,0.45834348,0.450732421875,0.45433152,0.4440869140625,0.25861448,0.254115234375
2026-08-21 08:55:00+00:00,sine:salt:20260823123217,610.0,2.4115388,8.815434,1.6377762e-11,0.817217,0.558793629832,0.022705076,0.0403992256130344,730.35394,,0.22949933,0.2871226234125166,0.3207682,0.3613593303394,0.2020772,0.1733589785900499,0.039726067,0.0383636067708333,0.32949138,0.3219345703125,0.37882787,0.3650257161458333,0.41124198,0.4116780598958333,0.4539197,0.4582122395833333,0.45766312,0.4511461588541666,0.45350984,0.4444811197916666,0.25792834,0.2543147786458333
2026-08-21 09:00:00+00:00,sine:salt:20260823123217,615.0,2.5184972,8.717984,2.102966e-11,0.82282186,0.5612995548271865,0.022439992,0.0446122835091016,729.69635,,0.23030789,0.2848138015436833,0.32091603,0.3609402383718499,0.20165351,0.1743843167486333,0.03967078,0.0384638671874999,0.32873756,0.3229228515625,0.37835672,0.3661455078125,0.41029117,0.4129137369791666,0.4528296,0.45966796875,0.4569582,0.4525260416666666,0.45264408,0.4457503255208334,0.25721368,0.2551448567708333
2026-08-21 09:05:00+00:00,sine:salt:20260823123217,620.0,2.631483,8.620534,2.7421362e-11,0.8287624,0.5652328025206207,0.02216138,0.0554536327212413,729.00366,,0.23115845,0.2837241402865667,0.3210719,0.3607234618675167,0.20120716,0.17477360901725,0.03961293,0.0385139973958333,0.32794398,0.3234007161458334,0.37784985,0.3666767578125,0.40929678,0.4134488932291666,0.4516961,0.4602822265625,0.4562275,0.4532734375,0.4517314,0.4463938802083333,0.2564689,0.2556080729166666
2026-08-21 09:10:00+00:00,sine:salt:20260823123217,625.0,2.7509098,8.523084,3.6357348e-11,0.8350562,0.568042763878,0.021868616,0.0567151640556551,728.27484,,0.23205319,0.2832688693431166,0.3212366,0.3605601037854,0.20073715,0.1752565297122166,0.03955235,0.0385266927083333,0.3271086,0.3235927734375,0.37730533,0.3670205078125,0.40825674,0.4137392578125,0.45051685,0.4603616536458333,0.4554698,0.4532555338541666,0.45076874,0.4464697265625,0.25569215,0.2556197916666666
2026-08-21 09:15:00+00:00,sine:salt:20260823123217,630.0,2.877225,8.425633,4.9087918e-11,0.8417219,0.5699467524446167,0.02156107,0.0531002135079666,727.5089,,0.2329944,0.2826644500741333,0.32141113,0.3605775934966166,0.20024237,0.1751823483818333,0.039488856,0.0385592447916666,0.32622916,0.3237962239583333,0.37672126,0.3673209635416666,0.4071688,0.4138447265625,0.44928938,0.4606819661458333,0.45468366,0.4535133463541667,0.44975275,0.4467233072916666,0.25488156,0.2557688802083333
2026-08-21 09:20:00+00:00,sine:salt:20260823123217,635.0,3.0109122,8.328183,6.7597615e-11,0.8487791,0.5680307327894386,0.021238115,0.0473780922956666,726.70496,,0.23398449,0.2830056470964833,0.32159647,0.3607619683130333,0.19972175,0.1750895379351333,0.03942225,0.0385322265625,0.32530338,0.3234192708333333,0.37609574,0.3668479817708333,0.4060306,0.413439453125,0.44801107,0.4602535807291666,0.4538678,0.453076171875,0.44867983,0.4463557942708333,0.25403503,0.2555006510416666
2026-08-21 09:25:00+00:00,sine:salt:20260823123217,640.0,2.883087,8.479309,5.411735e-11,0.8405617,0.566705517062034,0.02164747,0.0449454921733389,727.6557,,0.23277633,0.2829096024611333,0.32138085,0.3608469735181333,0.20034344,0.1749460761711999,0.03950484,0.0385211588541666,0.32640752,0.3232350260416667,0.37684366,0.36663671875,0.40740606,0.4133193359375,0.449584,0.4601373697916667,0.45489877,0.4528616536458333,0.45000768,0.4461624348958333,0.25505853,0.2554345703125
2026-08-21 09:30:00+00:00,sine:salt:20260823123217,645.0,3.0161743,8.381859,7.474742e-11,0.8475735,0.5688743387695666,0.021326777,0.0449696463720333,726.85547,,0.23375984,0.2820948776368333,0.32156464,0.3608361140563,0.19982575,0.17529770457605,0.039438616,0.0385582682291666,0.32548723,0.3236083984375,0.37622476,0.3670914713541666,0.40627363,0.4137532552083333,0.4483119,0.4607027994791667,0.45408767,0.4534375,0.4489439,0.4467027994791666,0.2542156,0.25581640625
2026-08-21 09:35:00+00:00,sine:salt:20260823123217,650.0,3.1570709,8.284409,1.0549564e-10,0.8549957,0.5703657648854827,0.020990115,0.0403928910021206,726.0163,,0.23479447,0.2812710854404666,0.32176027,0.3613162519893166,0.19928114,0.1755258770236833,0.039369095,0.0385869140625,0.32451838,0.3239322916666667,0.3755627,0.367490234375,0.40508878,0.4140478515624999,0.44698656,0.4607744140624999,0.45324552,0.4537454427083333,0.44781977,0.4468893229166666,0.2533348,0.2559361979166666
2026-08-21 09:40:00+00:00,sine:salt:20260823123217,655.0,3.306335,8.186958,1.5242366e-10,0.86285007,0.5716491354114237,0.020636892,0.036103163033644,725.1375,,0.23588279,0.2806572908204166,0.32196906,0.36033151692755,0.19870842,0.17571207831565,0.03929605,0.0386116536458333,0.32349843,0.3242783203125,0.37485552,0.3678655598958333,0.40384898,0.4142955729166667,0.44560507,0.4610504557291666,0.45237073,0.4540501302083333,0.44663104,0.4472311197916667,0.25241375,0.2561077473958333
2026-08-21 09:45:00+00:00,sine:salt:20260823123217,660.0,3.464572,8.089508,2.2592377e-10,0.87116027,0.573025766075661,0.020266514,0.0339069305392033,724.2184,,0.2370276,0.2799576936816666,0.32219258,0.3606060156559333,0.1981063,0.1761933190252499,0.039219238,0.038640625,0.3224245,0.3244762369791666,0.37410134,0.36808203125,0.40255147,0.4145686848958333,0.44416428,0.4613785807291666,0.45146155,0.4543899739583333,0.445373,0.4474869791666666,0.2514499,0.2563512369791667
2026-08-21 09:50:00+00:00,sine:salt:20260823123217,665.0,3.6324396,7.992058,3.443612e-10,0.87995195,0.574223956121963,0.019878449,0.0315600590446666,723.2583,,0.2382318,0.2789614615881333,0.32243252,0.36067583613685,0.19747339,0.17637984128325,0.03913838,0.0386959635416666,0.32129365,0.324822265625,0.37329823,0.3685016276041667,0.40119335,0.4149010416666667,0.4426608,0.4618121744791666,0.45051613,0.4545322265625,0.44404042,0.44766796875,0.25044045,0.2564827473958333
2026-08-21 09:55:00+00:00,sine:salt:20260823123217,670.0,3.8106523,7.8946075,5.4081467e-10,0.88925326,0.5754481639223036,0.0194722,0.0298921349055714,722.2567,,0.23949857,0.2785175501916166,0.32269096,0.3610053980433667,0.19680814,0.1765135824361333,0.039053183,0.0387194010416666,0.32010254,0.3249892578125,0.3724443,0.3687584635416667,0.3997714,0.4151061197916667,0.441091,0.4622138671874999,0.4495324,0.4548414713541666,0.44262734,0.4480608723958333,0.24938233,0.2566611328125
2026-08-21 10:00:00+00:00,sine:salt:20260823123217,675.0,3.9999871,7.7971573,8.732849e-10,0.8990957,0.5755209411129153,0.019047357,0.0312922152591186,721.21326,,0.24083132,0.2778681859533166,0.32297027,0.3607135374098499,0.19610882,0.1768054075395833,0.038963307,0.0387171223958333,0.31884754,0.3250319010416666,0.3715377,0.3687698567708333,0.39828214,0.4151305338541666,0.43945074,0.4622604166666667,0.44850796,0.4549088541666666,0.4411271,0.4480494791666666,0.24827218,0.2566917317708333
2026-08-21 10:05:00+00:00,sine:salt:20260823123217,680.0,4.004124,7.5757804,9.337366e-10,0.9055201,0.576371230813638,0.018614855,0.0331009755403793,720.4962,,0.24196051,0.2774017670827333,0.32316437,0.36057367404665,0.19558926,0.1769538259323833,0.03888267,0.038736328125,0.31790873,0.3251396484375,0.37080416,0.3689137369791667,0.3970914,0.4153528645833333,0.43799695,0.4625380859375,0.44744715,0.4551389973958333,0.43973422,0.44828125,0.24740039,0.2568675130208333
2026-08-21 10:10:00+00:00,sine:salt:20260823123217,685.0,4.211714,7.47833,1.565323e-09,0.9162433,0.5785321079105,0.018159252,0.0355311203671206,719.3939,,0.24340276,0.27652755045455,0.3234826,0.36082516221665,0.1948353,0.1772278463588,0.03878491,0.0387708333333333,0.31654796,0.3253942057291666,0.36980572,0.3692998046874999,0.39549187,0.4157008463541666,0.43623656,0.4629163411458333,0.44634935,0.4555113932291667,0.438076,0.4486975911458333,0.24620628,0.2570862630208333
2026-08-21 10:15:00+00:00,sine:salt:20260823123217,690.0,4.433004,7.38088,2.6688871e-09,0.9276162,0.5799454698351333,0.017684136,0.03363135736865,718.24805,,0.24492219,0.27592666848275,0.32382998,0.3601926302253667,0.19404083,0.17749269018705,0.038681373,0.0388160807291666,0.31511045,0.3257262369791666,0.36874887,0.36969140625,0.3938126,0.4161725260416666,0.4343913,0.4633981119791667,0.44520247,0.4558951822916667,0.4363074,0.4491070963541667,0.24494898,0.2573515625
2026-08-21 10:20:00+00:00,sine:salt:20260823123217,695.0,4.6690974,7.2834296,4.61394e-09,0.93969274,0.581497907579228,0.017189514,0.0331865845321578,717.0576,,0.2465241,0.27509189775395,0.32421076,0.36030111875865,0.19320242,0.1777677171072333,0.038571533,0.0388307291666666,0.31358993,0.3259593098958333,0.3676315,0.369919921875,0.39204746,0.4163802083333333,0.43245432,0.4635169270833333,0.44400224,0.4561861979166667,0.43441653,0.4493997395833333,0.24362326,0.2575572916666667
2026-08-21 10:25:00+00:00,sine:salt:20260823123217,700.0,4.9212036,7.1859794,8.166677e-09,0.9525374,0.5833204282862932,0.016675634,0.0343083721779655,715.82153,,0.24821457,0.2746038882324333,0.32463017,0.3601654347916667,0.19231573,0.1780242799731333,0.038454782,0.0388577473958333,0.31197885,0.3261429036458333,0.36645135,0.3701217447916666,0.3901892,0.4165963541666667,0.43041748,0.4639527994791666,0.44274345,0.4564319661458333,0.43238902,0.4496223958333333,0.2422232,0.257669921875
2026-08-21 10:30:00+00:00,sine:salt:20260823123217,705.0,5.190648,7.088529,1.4459216e-08,0.9662268,0.5845899956754746,0.016143106,0.0323390258038474,714.53827,,0.25000054,0.2740504617465333,0.32509437,0.3605690882341333,0.19137524,0.1782827638565333,0.03833042,0.0388597005208333,0.31026813,0.3261982421875,0.3652062,0.3701995442708333,0.38822898,0.4166516927083333,0.4282708,0.4640465494791667,0.44141957,0.4565296223958333,0.4302075,0.44967578125,0.24074213,0.2577701822916666
2026-08-21 10:35:00+00:00,sine:salt:20260823123217,710.0,5.478886,6.991079,2.4605948e-08,0.9808536,0.5848138095100333,0.015592988,0.0257832857344333,713.2055,,0.25188988,0.2734660316805833,0.32561088,0.3608263341892166,0.19037388,0.1782804737366833,0.038197644,0.0388984375,0.30844653,0.3264811197916666,0.36389363,0.3705927734375,0.38615596,0.4169612630208333,0.4260018,0.4643655598958333,0.4400224,0.4568593749999999,0.42785078,0.449974609375,0.23917252,0.2579518229166667
2026-08-21 10:40:00+00:00,sine:salt:20260823123217,715.0,5.7875195,6.8936286,4.094408e-08,0.9965296,0.5840604801225833,0.01502693,0.0246591142595666,711.81995,,0.2538914,0.27358696228185,0.32618874,0.36040623109655,0.18930246,0.1783959220686833,0.038055513,0.0388492838541666,0.30650005,0.3260152994791667,0.362511,0.3699127604166666,0.3839567,0.4165472005208333,0.4235947,0.4639104817708333,0.43854147,0.4564049479166667,0.42529294,0.4495035807291667,0.23750582,0.2576725260416667
2026-08-21 10:45:00+00:00,sine:salt:20260823123217,720.0,5.492546,7.044754,2.6924022e-08,0.9798137,0.5843215436525263,0.015683092,0.0237634827305087,713.30664,,0.25167412,0.2737048994203,0.32556903,0.3610989091159666,0.19046362,0.17827588658105,0.03821375,0.0388255208333333,0.30861616,0.3257298177083333,0.3640459,0.3696484375,0.38637424,0.4165986328125,0.42629138,0.4639960937499999,0.44025153,0.4562861328125,0.4281557,0.4494580078125,0.23932673,0.2576181640625
2026-08-21 10:50:00+00:00,sine:salt:20260823123217,725.0,5.7995095,6.947304,4.454002e-08,0.99541384,0.585733023799339,0.015119205,0.0258768663795932,711.9235,,0.253667,0.2724331566309333,0.3261421,0.36120410715555,0.18939707,0.1789253627415333,0.038072325,0.0388606770833333,0.3066796,0.3261907552083333,0.36267188,0.3700911458333333,0.38418502,0.4171803385416667,0.42389703,0.46460546875,0.43877858,0.457044921875,0.425615,0.4501865234375,0.23766668,0.2580625
2026-08-21 10:55:00+00:00,sine:salt:20260823123217,730.0,6.1283345,6.8498535,7.300351e-08,1.0121821,0.5893192193508813,0.0145419,0.0419280326531016,710.48346,,0.25578022,0.2744711379151333,0.32678637,0.3621168497218833,0.1882497,0.1807999632409166,0.0379206,0.0388050130208333,0.3046027,0.3260104166666667,0.36122602,0.3696458333333333,0.38185498,0.4164322916666666,0.42134672,0.4635045572916667,0.43720964,0.4561002604166667,0.42284465,0.4491783854166666,0.23590139,0.2574820963541667
2026-08-21 11:00:00+00:00,sine:salt:20260823123217,735.0,6.480923,6.7524033,1.1709138e-07,1.0302773,0.5913026391309137,0.01395468,0.0412358887945344,708.9793,,0.25802338,0.2871292416408499,0.32751456,0.3700799579439833,0.18700644,0.1820298902199166,0.03775737,0.038712890625,0.30236405,0.3261077473958333,0.3597058,0.3692067057291667,0.37936395,0.4154817708333333,0.41861492,0.4627063802083333,0.43552762,0.4552330729166666,0.41980705,0.4483229166666666,0.2340208,0.256896484375
2026-08-21 11:05:00+00:00,sine:salt:20260823123217,740.0,6.8593736,6.654953,1.779234e-07,1.0498867,0.5949417097231035,0.01336251,0.0496813761166034,707.40076,,0.26040536,0.2411669619248,0.32834148,0.3496827031436667,0.18564786,0.1931768820453666,0.03758131,0.0407008463541666,0.29993692,0.3454130859375,0.35810933,0.3898235677083333,0.37668726,0.4386640625,0.4156688,0.4884371744791666,0.43371066,0.4798658854166666,0.4164577,0.4716041666666666,0.23201434,0.2704505208333333
2026-08-21 11:10:00+00:00,sine:salt:20260823123217,745.0,7.266004,6.5575027,2.7756033e-07,1.0712249,0.6020886400237069,0.012772434,0.0713098248676206,705.73254,,0.2629326,0.2423738591283833,0.32928386,0.3503205874397667,0.18414974,0.1918319657434666,0.03739106,0.0406188151041666,0.29728916,0.344439453125,0.35643643,0.3887415364583333,0.3737955,0.4376907552083333,0.41246703,0.4874208984374999,0.43173167,0.4788779296875,0.41274643,0.4705530598958333,0.22987163,0.26980859375
2026-08-21 11:15:00+00:00,sine:salt:20260823123217,750.0,7.7033796,6.4600525,4.5764875e-07,1.0945235,0.6123658171611754,0.012194358,0.0982384687771052,703.95264,,0.26560664,0.2425915036618166,0.33035916,0.3514863767449167,0.18248315,0.19223518441895,0.037185404,0.0405830078125,0.29438406,0.3441090494791667,0.3546909,0.3883046874999999,0.37065524,0.4374537760416667,0.40896046,0.4873470052083333,0.42955872,0.4785667317708333,0.40862137,0.4704095052083333,0.22758341,0.2697607421874999
2026-08-21 11:20:00+00:00,sine:salt:20260823123217,755.0,8.174343,6.362602,7.650343e-07,1.1200061,0.6392699682791754,0.011642054,0.1254271110717719,702.03076,,0.2684207,0.2441104344560666,0.33158344,0.3513477400380667,0.18061614,0.1925382760461333,0.036963623,0.0404654947916666,0.291184,0.343130859375,0.35288385,0.3871487630208333,0.36723176,0.4359000651041667,0.40509534,0.4854274088541667,0.42715776,0.4767320963541666,0.40403807,0.4688193359374999,0.22514302,0.2687275390624999
2026-08-21 11:25:00+00:00,sine:salt:20260823123217,760.0,6.9438057,7.2587333,2.1429115e-07,1.0346949,0.662763954462649,0.014431713,0.1283584107386666,708.63727,,0.2576281,0.2541269449524166,0.32764095,0.3561952308963833,0.18689111,0.1936886177040333,0.037792064,0.0401507161458333,0.30228573,0.3405725911458333,0.36013502,0.3841477864583333,0.37957948,0.4322548828125,0.41947728,0.4813671875,0.43659627,0.4729794921875,0.42063707,0.4650589192708333,0.23402421,0.266484375
2026-08-21 11:30:00+00:00,sine:salt:20260823123217,765.0,7.3200526,7.161283,3.296905e-07,1.0544351,0.6645292742884407,0.013862161,0.1237258865470169,707.0315,,0.26000762,0.2416425542385833,0.32847896,0.3526213080765666,0.1855105,0.1937993727572333,0.0376155,0.0407236328125,0.29984987,0.3486393229166667,0.35858998,0.3893281249999999,0.37689412,0.4372509765625,0.41653794,0.4863040364583333,0.43477857,0.4770439453125,0.41727582,0.4685989583333333,0.23200557,0.268986328125
2026-08-21 11:35:00+00:00,sine:salt:20260823123217,770.0,7.722267,7.0638328,5.245846e-07,1.0758013,0.6628544547293334,0.013300328,0.0868178832997017,705.33514,,0.26251647,0.24169394192805,0.32942757,0.3516822811332833,0.183993,0.1917670103826666,0.037425857,0.0405491536458333,0.29720396,0.3474547526041666,0.35698122,0.3875162760416666,0.37400335,0.4353610026041667,0.4133515,0.4838818359375,0.43280247,0.474611328125,0.41357142,0.4663011067708333,0.22986077,0.2676376953125
2026-08-21 11:40:00+00:00,sine:salt:20260823123217,775.0,8.152638,6.9663825,8.232718e-07,1.0989709,0.6576544558970714,0.012756869,0.0294013365831607,703.526,,0.2651503,0.2418961481172999,0.33050022,0.3534339867288666,0.18231358,0.1909923358894333,0.03722249,0.0405849609375,0.29431832,0.3476080729166667,0.35531604,0.3878216145833333,0.3708794,0.4354072265624999,0.40987554,0.4838457031249999,0.43064085,0.4745784505208333,0.40948668,0.4662779947916666,0.22758421,0.2676412760416667
2026-08-21 11:45:00+00:00,sine:salt:20260823123217,780.0,8.613573,6.8689322,1.08023e-06,1.1240896,0.6538661092195518,0.012246249,-0.0032125225311379,701.576,,0.26789445,0.2416809517523666,0.33170706,0.3521481458674833,0.18044765,0.1911551357306,0.037005544,0.0405934244791666,0.29116684,0.3475758463541666,0.35360914,0.387935546875,0.36749634,0.4353466796875,0.4060696,0.4840074869791667,0.42826772,0.4746588541666667,0.4049989,0.46636328125,0.22517446,0.267666015625
2026-08-21 11:50:00+00:00,sine:salt:20260823123217,785.0,9.107723,6.771482,1.2578573e-06,1.1512474,0.6542987593943104,0.011785734,-0.0006613688514655,699.4498,,0.27072674,0.2412276763563666,0.33305296,0.3518626125981666,0.17837365,0.1919206160483166,0.03677603,0.0406181640624999,0.2877319,0.3477923177083333,0.35188532,0.388173828125,0.36383393,0.4355758463541666,0.40190014,0.4842194010416666,0.42566255,0.4748372395833333,0.40010762,0.4666803385416667,0.22263296,0.2678395182291667
2026-08-21 11:55:00+00:00,sine:salt:20260823123217,790.0,9.638013,6.6740317,1.511071e-06,1.1804757,0.6549483232534408,0.01139285,0.0020993606915423,697.10657,,0.2736241,0.2412112393844666,0.33453727,0.3531543530359333,0.17607456,0.1918206401023,0.036535606,0.0406025390625,0.2840064,0.3478124999999999,0.35017788,0.3881819661458333,0.35987952,0.4355572916666667,0.39734402,0.4838997395833333,0.42281199,0.4746692708333333,0.39483356,0.4664967447916667,0.21996135,0.2677750651041666
2026-08-21 12:00:00+00:00,sine:salt:20260823123217,795.0,10.207671,6.5765815,1.8992147e-06,1.211756,0.649161644998228,0.011084452,0.0025095522953508,694.51166,,0.27655998,0.2428446874242333,0.33615446,0.3528816192435,0.17354323,0.1905909097476166,0.036286864,0.0404580078124999,0.27999565,0.346341796875,0.3485194,0.3863264973958333,0.35562867,0.4337819010416667,0.39239994,0.482216796875,0.41971055,0.4729726562499999,0.38921532,0.4648232421875,0.2171642,0.266787109375
2026-08-21 12:05:00+00:00,sine:salt:20260823123217,800.0,8.306824,7.8452153,9.499526e-07,1.0771117,0.6450384714460518,0.014198666,0.0029534108386034,705.1007,,0.26126808,0.2442075421385333,0.32939187,0.3540192170877667,0.1841313,0.1897309963888166,0.0375214,0.0403173828125,0.2977113,0.3449186197916666,0.35814413,0.384716796875,0.374995,0.4322369791666666,0.41543347,0.4805950520833333,0.43473685,0.471326171875,0.41566628,0.4633378906249999,0.2303386,0.2658297526041667
2026-08-21 12:10:00+00:00,sine:salt:20260823123217,805.0,8.722234,7.747765,1.1806706e-06,1.0996519,0.6448315502285091,0.013702448,0.0012583939769818,703.2657,,0.26381058,0.2440741350040666,0.33042762,0.35415583400125,0.18247236,0.1899887622031,0.037325136,0.0403444010416666,0.29491463,0.3451136067708333,0.3566101,0.3849713541666666,0.37194657,0.4324283854166666,0.41207016,0.4809397786458333,0.432636,0.4715013020833333,0.41174737,0.4635693359375,0.22810656,0.2660100911458333
2026-08-21 12:15:00+00:00,sine:salt:20260823123217,810.0,9.164077,7.650315,1.3177162e-06,1.1237957,0.6459961951266271,0.013244294,0.0075247413298305,701.2976,,0.26642993,0.2443265405750833,0.33157602,0.3535034245451,0.18065117,0.1899528329908166,0.037118543,0.0403460286458333,0.29189682,0.3450989583333333,0.35505685,0.3849208984375,0.36867663,0.4323388671875,0.40842187,0.4808922526041667,0.43035093,0.4714495442708333,0.407503,0.4634820963541666,0.22576575,0.2659576822916666
2026-08-21 12:20:00+00:00,sine:salt:20260823123217,815.0,9.634404,7.5528646,1.5474506e-06,1.1495742,0.6467800166295423,0.012837888,0.0096841286528644,699.1686,,0.2691066,0.2438280449005999,0.33283833,0.3543779671545666,0.17865369,0.1902420422801833,0.03690282,0.0403557942708333,0.2886495,0.3453649088541667,0.35350686,0.38511328125,0.36517355,0.4326416015625,0.4044668,0.4810377604166666,0.427868,0.4716357421875,0.40294212,0.4636149088541667,0.22331944,0.2660833333333333
2026-08-21 12:25:00+00:00,sine:salt:20260823123217,820.0,10.135455,7.4554143,1.883102e-06,1.1769806,0.6466039343813929,0.012496939,0.0061493149715714,696.85376,,0.27181736,0.2435079534438333,0.33421212,0.3542222138827333,0.176472,0.18980325693905,0.036679853,0.0403662109375,0.28517264,0.345470703125,0.35198382,0.385197265625,0.36143145,0.432556640625,0.40019697,0.4810100911458333,0.42517895,0.471564453125,0.39808723,0.4636204427083333,0.22077355,0.2660472005208333
2026-08-21 12:30:00+00:00,sine:salt:20260823123217,825.0,10.66968,7.357964,1.9113304e-06,1.2060214,0.646809038931724,0.012232104,0.0055185894099482,694.33484,,0.27454406,0.2432614374732666,0.33569548,0.3543055336144666,0.17410159,0.1901449027870166,0.036451444,0.0403649088541666,0.28146765,0.3454462890625,0.35050607,0.3852041015624999,0.35744616,0.4326201171875,0.395613,0.481234375,0.42227575,0.4717210286458334,0.392956,0.4637792968749999,0.21813253,0.2662138671875
2026-08-21 12:35:00+00:00,sine:salt:20260823123217,830.0,11.239757,7.260514,1.2971682e-06,1.236782,0.6469276418800833,0.012049593,0.0047022525124833,691.60425,,0.2772775,0.2432135892616999,0.33729205,0.3540370833234166,0.17153697,0.1902465020691666,0.03621867,0.0403714192708333,0.27752742,0.3455152994791666,0.34908053,0.3854078776041666,0.35320926,0.4326246744791666,0.39071715,0.4811588541666667,0.41914365,0.4716455078125,0.38754025,0.4637421875,0.21539718,0.2661806640625
2026-08-21 12:40:00+00:00,sine:salt:20260823123217,835.0,11.848624,7.1630635,7.562606e-07,1.2694641,0.6438808964425932,0.01195262,0.0056978904501355,688.6667,,0.28001434,0.2446670358637166,0.33901402,0.3546723349400167,0.1687686,0.1894444707800166,0.03598169,0.040265625,0.27333045,0.3444000651041666,0.3477037,0.38399609375,0.34870538,0.43123046875,0.38550824,0.4797005208333333,0.41575718,0.4703225911458333,0.38179684,0.4624186197916666,0.21256493,0.2653636067708333
2026-08-21 12:45:00+00:00,sine:salt:20260823123217,840.0,10.239593,8.059195,1.9335687e-06,1.1606144,0.6391718054003793,0.013401977,0.0046032232518275,697.84216,,0.26919657,0.24573800349355,0.33329153,0.3554312443350333,0.17785633,0.1885838245708666,0.036888964,0.0401569010416666,0.28771085,0.3432835286458333,0.35392678,0.3827373046875,0.3643805,0.4301305338541666,0.40430263,0.4782939453125,0.42807528,0.4689202473958333,0.40272677,0.4611337890625,0.22260313,0.2645328776041666
2026-08-21 12:50:00+00:00,sine:salt:20260823123217,845.0,10.737651,7.9617443,1.8596501e-06,1.1875592,0.6390094135669323,0.013129596,0.0018030609195423,695.46564,,0.2717848,0.2457955968441,0.33464432,0.3563649099364333,0.17567016,0.1888115595895333,0.036675423,0.0401624348958333,0.28429395,0.3433304036458333,0.3525381,0.3827662760416667,0.36066574,0.4301914062499999,0.40008086,0.4785843098958333,0.4253899,0.4691666666666666,0.39801705,0.4613583984375,0.22010128,0.2646969401041666
2026-08-21 12:55:00+00:00,sine:salt:20260823123217,850.0,11.266523,7.864294,1.2682258e-06,1.2159619,0.6395465640896206,0.012930643,0.0049428201710517,692.91486,,0.27437106,0.2454967072272666,0.33609727,0.3555536430152833,0.17331731,0.1889780702333833,0.036458343,0.0401748046875,0.28067422,0.3434827473958333,0.35119334,0.3828561197916666,0.3567338,0.4304130859375,0.39558792,0.4788538411458333,0.4225025,0.469251953125,0.3930564,0.4614791666666666,0.21752317,0.2648111979166667
2026-08-21 13:00:00+00:00,sine:salt:20260823123217,855.0,11.828534,7.766844,7.7099844e-07,1.2459688,0.6401370466989833,0.01280898,0.0068709917559166,690.1938,,0.27694845,0.24547962193465,0.33765918,0.3558670041708333,0.17079107,0.1886202052477666,0.036238123,0.0401341145833333,0.27683604,0.3435416666666667,0.3498929,0.3825729166666666,0.3525746,0.4306149088541666,0.3908257,0.4789306640625,0.41939428,0.4694690755208333,0.38781494,0.4616559244791666,0.214869,0.2648636067708333
2026-08-21 13:05:00+00:00,sine:salt:20260823123217,860.0,12.426215,7.6693935,4.4896834e-07,1.2777947,0.6403536410015789,0.012769535,0.0061143035311578,687.31647,,0.27950573,0.2454806929339166,0.33934373,0.3561603585145166,0.16808388,0.1893984986670833,0.036015034,0.0401318359375,0.27275667,0.3436227213541666,0.34863806,0.3826513671875,0.3481778,0.4308248697916667,0.38580006,0.4791923828125,0.41604254,0.4697809244791667,0.38224736,0.4619456380208333,0.21213932,0.2650364583333333
2026-08-21 13:10:00+00:00,sine:salt:20260823123217,865.0,13.062327,7.5719433,2.4881922e-07,1.3116691,0.6405061585374562,0.012822547,0.0052905065181403,684.3082,,0.28201526,0.2455081890063833,0.3411657,0.3561781845656667,0.16519308,0.1888324876484833,0.035790294,0.0401474609375,0.26841596,0.3436396484375,0.34744304,0.3827135416666666,0.34354252,0.4308346354166666,0.38053378,0.4791585286458333,0.41242862,0.4697242838541667,0.37631467,0.4619505208333334,0.20933974,0.265017578125
2026-08-21 13:15:00+00:00,sine:salt:20260823123217,870.0,13.739886,7.474493,1.3893808e-07,1.347781,0.6407115972869666,0.012986936,0.0049574693861166,681.20874,,0.28442362,0.2455010130396166,0.34313658,0.3560137674342666,0.16212864,0.1891344053737499,0.035567276,0.040150390625,0.2638089,0.3435934244791667,0.34634718,0.3827001953125,0.3386892,0.4306858723958333,0.37508425,0.4792027994791666,0.4085472,0.469640625,0.37000787,0.4617770182291666,0.20648408,0.2649856770833333
2026-08-21 13:20:00+00:00,sine:salt:20260823123217,875.0,14.462186,7.377043,7.814272e-08,1.3862695,0.639759592262,0.01329081,0.0047982743168749,678.07355,,0.2866523,0.2466211200099833,0.34526244,0.3569763188151499,0.15891884,0.1889533803653,0.035352267,0.0400983072916666,0.25895402,0.3429182942708333,0.34542152,0.3820611979166666,0.33366933,0.42972265625,0.36955723,0.4780657552083333,0.4044126,0.4686520182291666,0.36335948,0.4609007161458333,0.20359316,0.2643938802083333
2026-08-21 13:25:00+00:00,sine:salt:20260823123217,880.0,13.771746,7.528168,1.353138e-07,1.3471277,0.6364613512432167,0.013076381,0.0018373076663833,681.21515,,0.28423023,0.2473976250642166,0.34309098,0.3569917666999666,0.16219175,0.18807569502825,0.035582375,0.0400328776041666,0.26394388,0.342048828125,0.34650865,0.3813499348958333,0.33884028,0.42871484375,0.37536588,0.4771927083333333,0.4087183,0.4676373697916666,0.37031806,0.4600071614583333,0.2065714,0.2638603515625
2026-08-21 13:30:00+00:00,sine:salt:20260823123217,885.0,14.490391,7.430718,7.637865e-08,1.3853827,0.6358729863964834,0.013383408,-0.0009699768945666,678.1063,,0.2864299,0.2475155536342499,0.3452043,0.35727217034915,0.15900551,0.1882425100196166,0.03536971,0.0400423177083333,0.25912148,0.3420944010416666,0.34559965,0.38133203125,0.3338558,0.4286302083333334,0.36988735,0.4771158854166666,0.4046067,0.4676904296875,0.36371583,0.4599176432291667,0.20370187,0.2638889973958333
2026-08-21 13:35:00+00:00,sine:salt:20260823123217,890.0,15.256779,7.3332677,4.1816225e-08,1.4261364,0.6363237260868421,0.013862388,0.002366677852614,675.0332,,0.28836313,0.2472350127742833,0.347473,0.3572230423441166,0.15572342,0.18879939428695,0.035174258,0.0400735677083333,0.25409684,0.3423385416666666,0.34496066,0.3815393880208333,0.32879436,0.4291357421875,0.36449,0.4776044921875,0.40027794,0.4682268880208333,0.3568419,0.4603691406249999,0.20081672,0.2640755208333333
2026-08-21 13:40:00+00:00,sine:salt:20260823123217,895.0,16.07478,7.2358174,2.2380993e-08,1.4696946,0.6372002543281786,0.014541334,0.006614929380375,672.0617,,0.28997767,0.2470850634446833,0.34990144,0.3566820808935833,0.15239847,0.1883585276863666,0.035005983,0.0400494791666666,0.24891958,0.34234375,0.3446993,0.3813138020833333,0.32376093,0.4293043619791666,0.3593473,0.4777848307291666,0.39576998,0.4684384765625,0.34975487,0.4606643880208333,0.19791132,0.2641819661458333
2026-08-21 13:45:00+00:00,sine:salt:20260823123217,900.0,16.948637,7.138367,1.2027649e-08,1.5166357,0.6375745019525173,0.015431553,0.0068040958211896,669.23517,,0.29129627,0.2471466976854167,0.3525021,0.35636549405235,0.1490748,0.1883509382038,0.034873188,0.0400302734375,0.24362728,0.3421891276041666,0.34490418,0.3809518229166667,0.31885803,0.4292145182291666,0.35460967,0.4777757161458333,0.3911093,0.4682900390625,0.34246475,0.4604254557291666,0.1949403,0.2640475260416666
2026-08-21 13:50:00+00:00,sine:salt:20260823123217,905.0,17.883007,7.040917,6.5986323e-09,1.5678179,0.6377810364074036,0.016519409,0.0061383044827719,666.5531,,0.29243988,0.2473892416069166,0.3552975,0.3561302970460833,0.14577122,0.1885833989525833,0.03477962,0.03998828125,0.23822439,0.3420159505208333,0.34561503,0.3805367838541666,0.3141536,0.4290146484375,0.3503523,0.4777802734375,0.3862937,0.4681184895833333,0.33490318,0.4602516276041666,0.1918123,0.2640071614583333
2026-08-21 13:55:00+00:00,sine:salt:20260823123217,910.0,18.883005,6.9434667,3.499271e-09,1.624212,0.6368594970469831,0.017769638,0.0006326429455254,663.9636,,0.2936051,0.2474123783521166,0.3583151,0.3567544194120333,0.142474,0.1881542556930666,0.03472308,0.0400100911458333,0.23267277,0.3419928385416667,0.34680802,0.3805309244791666,0.309653,0.4292180989583333,0.34654373,0.4777900390624999,0.3812853,0.4681438802083333,0.3269319,0.4602584635416666,0.1884098,0.2639850260416667
2026-08-21 14:00:00+00:00,sine:salt:20260823123217,915.0,19.954264,6.8460164,1.6504749e-09,1.6866654,0.6355421985419483,0.01914052,-0.0021763870659482,661.37744,,0.29500678,0.24803587258865,0.3615789,0.3563638883324166,0.1391434,0.1880563280652166,0.034696516,0.0399612630208333,0.22689936,0.3416946614583333,0.3484068,0.3801097005208333,0.3052917,0.4289290364583333,0.3430542,0.4775836588541667,0.37601474,0.4678541666666666,0.31838524,0.4601214192708333,0.18462443,0.2638570963541667
2026-08-21 14:05:00+00:00,sine:salt:20260823123217,920.0,19.977821,6.6246395,1.6278988e-09,1.6981434,0.6362338361677167,0.01888856,-0.0003901854463166,660.6529,,0.29633582,0.248342844694,0.3622252,0.3565351923581333,0.13817857,0.1885272729189666,0.034592528,0.0399270833333333,0.22533128,0.3414563802083333,0.34763333,0.3798987630208333,0.3036583,0.4286536458333333,0.34080482,0.4769733072916667,0.37460187,0.467591796875,0.31579423,0.4598473307291666,0.18365692,0.2636559244791667
2026-08-21 14:10:00+00:00,sine:salt:20260823123217,925.0,21.167747,6.5271893,6.52576e-10,1.7696663,0.6372339201485344,0.020419113,0.0038936903688275,657.8823,,0.29822052,0.2487488827118833,0.36585593,0.3565600582938833,0.13466364,0.1883061310554833,0.034590296,0.0399212239583333,0.21906838,0.3413206380208333,0.34965584,0.3797014973958333,0.29921135,0.4286240234375,0.33739972,0.4769801432291666,0.36884958,0.4674287109375,0.30628794,0.4596617838541667,0.17928126,0.2636360677083333
2026-08-21 14:15:00+00:00,sine:salt:20260823123217,930.0,22.448076,6.429739,2.5770122e-10,1.84889,0.6347866332213167,0.022040306,-0.0138228780911166,654.918,,0.30071723,0.2491224393050166,0.3697715,0.3571866114777167,0.13100749,0.1878051160574499,0.0346034,0.03988671875,0.21237993,0.3409980468749999,0.35191867,0.3793037109375,0.2946545,0.4281611328125,0.33391955,0.4762347005208333,0.36261442,0.4667718098958333,0.29588667,0.4590817057291667,0.1743798,0.2632216796875
2026-08-21 14:20:00+00:00,sine:salt:20260823123217,935.0,23.827208,6.3322887,1.00827784e-10,1.936677,0.632704619910983,0.023776034,-0.0222078593764745,651.70026,,0.3039819,0.2488107771047666,0.37398314,0.3572813713070833,0.12715669,0.1874808087664,0.034629405,0.0398880208333333,0.20518123,0.3409065755208333,0.35437632,0.3792841796875,0.28987944,0.4280279947916667,0.33017713,0.4764394531249999,0.35577744,0.4667666015625,0.28447494,0.459048828125,0.16892654,0.2631761067708333
2026-08-21 14:25:00+00:00,sine:salt:20260823123217,940.0,25.314465,6.2348385,3.8821522e-11,2.0344954,0.6320427290162333,0.025682142,-0.0197946164047333,648.1907,,0.30820456,0.2488303282606166,0.37849617,0.3572258949117,0.12304187,0.1874303242085,0.03467254,0.0399007161458333,0.19739471,0.340912109375,0.35706067,0.3792945963541667,0.28485942,0.4279563802083333,0.32605922,0.4764973958333333,0.3482304,0.4668160807291667,0.27193904,0.4590540364583333,0.16290087,0.2632115885416666
2026-08-21 14:30:00+00:00,sine:salt:20260823123217,945.0,26.920221,6.137388,1.4616416e-11,2.1446133,0.6309142280516441,0.027855711,-0.0203998744519491,644.34247,,0.313625,0.2489167094026,0.3832781,0.3575254028803666,0.11854369,0.18753037771445,0.034744654,0.0398902994791666,0.18893129,0.3407750651041666,0.36012164,0.3792581380208333,0.27972785,0.4277194010416666,0.3216153,0.4761897786458333,0.33993152,0.4665266927083333,0.25816727,0.4588001302083333,0.1563039,0.2630139973958333
2026-08-21 14:35:00+00:00,sine:salt:20260823123217,950.0,28.656029,6.039938,5.372927e-12,2.2697396,0.6310332584500862,0.030461881,-0.0152162142388965,640.0979,,0.32046577,0.2488740434740166,0.38819957,0.3571431327536833,0.11347631,0.187559023151,0.03486751,0.0398981119791666,0.17969774,0.3409208984375,0.36388597,0.3793645833333333,0.27491692,0.4278714192708333,0.31726497,0.4761927083333333,0.33103275,0.4665735677083333,0.24310182,0.4588216145833333,0.14921254,0.2631106770833333
2026-08-21 14:40:00+00:00,sine:salt:20260823123217,955.0,30.53478,5.9424877,1.9369985e-12,2.4116137,0.6314432905103449,0.033733744,-0.0099567939167068,635.46936,,0.32875732,0.2489419682629,0.3930155,0.3571870540561333,0.10765195,0.1877537260840666,0.03507227,0.039869140625,0.16970173,0.3407646484375,0.36886114,0.3791363932291666,0.2712317,0.4277014973958333,0.31397262,0.4758808593749999,0.3219822,0.4662916666666666,0.22683835,0.4585719401041667,0.14181206,0.2629658203125
2026-08-21 14:45:00+00:00,sine:salt:20260823123217,960.0,32.57089,5.8450375,6.871432e-13,2.5696154,0.6310050385379322,0.037864935,-0.0095215841863389,630.5717,,0.3383074,0.2489043789903,0.3975203,0.3574500911478167,0.10097195,0.1866920476386333,0.035382297,0.0398199869791666,0.15917705,0.3405442708333333,0.37552753,0.3787301432291666,0.2694854,0.4273720703125,0.31273112,0.4755413411458333,0.31327185,0.4657776692708333,0.20960619,0.4581611328125,0.1342757,0.262814453125
2026-08-21 14:50:00+00:00,sine:salt:20260823123217,965.0,34.7805,5.747587,2.3921238e-13,2.7376332,0.6304119918810526,0.042948768,-0.0095983339779298,625.7,,0.3491855,0.2490143407086333,0.4017423,0.35698364298265,0.09352373,0.1875185862084666,0.03578508,0.0398541666666666,0.1488447,0.3406630859375,0.38400462,0.378931640625,0.26990208,0.4277080078125,0.31298763,0.475884765625,0.30501264,0.4659186197916666,0.19204429,0.4583893229166666,0.12661114,0.262900390625
2026-08-21 14:55:00+00:00,sine:salt:20260823123217,970.0,37.18172,5.650137,8.152448e-14,2.8917875,0.6310049000876166,0.04911942,-0.0048939831640666,622.38715,,0.36240166,0.2487985517502499,0.40589035,0.3567204906048333,0.086142786,0.1874127565100666,0.036227472,0.0399020182291666,0.14112355,0.3408971354166666,0.39392662,0.3795546875,0.27232414,0.4276881510416667,0.3111491,0.4758271484375,0.29727888,0.4662054036458333,0.17677301,0.458498046875,0.11870557,0.2629313151041667
2026-08-21 15:00:00+00:00,sine:salt:20260823123217,975.0,39.794914,5.5526867,2.7173386e-14,3.1517386,0.6317070274944577,0.05748774,-0.0005593090159152,624.6091,,0.38142055,0.2485945815131833,0.41270813,0.3568625466768333,0.0769683,0.1874778385888833,0.036970563,0.0399459635416666,0.13146421,0.3411793619791667,0.40953428,0.3799029947916666,0.27304804,0.4278134765625,0.31646106,0.47589453125,0.2825061,0.4662952473958333,0.14976317,0.4585670572916667,0.1043777,0.2630221354166667
2026-08-21 15:05:00+00:00,sine:salt:20260823123217,980.0,42.643024,5.4552364,8.47817e-15,3.6928792,0.6312054427897017,0.067038715,-0.0022115620314912,637.6024,,0.4091568,0.2485741853509,0.42373562,0.3572284075206833,0.061480224,0.1870269639096166,0.038002662,0.0399339192708333,0.1135688,0.3410302734375,0.43362647,0.3797138671875,0.263806,0.4276149088541666,0.34098104,0.4757568359375,0.24736963,0.4660641276041666,0.09300968,0.4582822265625,0.07857232,0.26288671875
2026-08-21 15:10:00+00:00,sine:salt:20260823123217,985.0,45.751945,5.357786,2.4353222e-15,4.319906,0.6331556073894655,0.076322824,0.0069218113795862,656.4596,,0.446006,0.2482891923876333,0.43427736,0.3565079155433667,0.042483017,0.1885563725406833,0.038764004,0.03996875,0.097252145,0.3413772786458333,0.45779794,0.3802858072916666,0.24910873,0.4280608723958333,0.36252314,0.4763444010416666,0.20124474,0.4666100260416667,0.03572789,0.4589016927083333,0.05263953,0.2632164713541666
2026-08-21 15:15:00+00:00,sine:salt:20260823123217,990.0,49.150974,5.260336,6.807981e-16,5.4053316,0.6331556073894655,0.095262945,0.0069218113795862,708.3821,,0.50102234,0.2482891923876333,0.44492093,0.3565079155433667,0.02170676,0.1885563725406833,0.040856242,0.03996875,0.07843864,0.3413772786458333,0.4994585,0.3802858072916666,0.24843426,0.4280608723958333,0.41102165,0.4763444010416666,0.1352894,0.4666100260416667,-0.03390661,0.4589016927083333,0.021016613,0.2632164713541666
