timestamp,add_media_ml,add_alt_media_ml,remove_waste_ml,dose_total_ml,temp_c,uv_intensity,norm_od,observed_norm_od,growth_rate,observed_growth_rate,co2_ppm,observed_co2_ppm,od_45,od_90,od_135,observed_od_45,observed_od_90,observed_od_135,nm_415,nm_445,nm_480,nm_515,nm_555,nm_590,nm_630,nm_680,observed_nm_415,observed_nm_445,observed_nm_480,observed_nm_515,observed_nm_555,observed_nm_590,observed_nm_630,observed_nm_680,volume_ml,condition,modality,input_type,run_id,run_key
2026-08-23 20:35:00+00:00,0.0,0.0,0.0,0.0,28.99,0.0,0.33208095464,True,0.0,True,,False,0.46639387828861106,0.35758163149369443,0.12538499415466667,True,True,True,0.029165581597222226,0.2466335720486111,0.27151801215277777,0.3120600043402778,0.3504682074652778,0.3479096137152778,0.34631890190972225,0.19521701388888887,True,True,True,True,True,True,True,True,13.5,temp,sine,temp,20260824135420,sine:temp:temp:20260824135420
2026-08-23 20:40:00+00:00,0.0,0.0,0.0,0.0,28.99,0.0,0.33208095464,True,0.0,True,,False,0.46852896676300004,0.35840387415334996,0.12496586556506667,True,True,True,0.02922233072916667,0.24692415364583334,0.27213313802083333,0.31213118489583336,0.3501432291666667,0.3477018229166667,0.3461087239583333,0.19503548177083332,True,True,True,True,True,True,True,True,13.5,temp,sine,temp,20260824135420,sine:temp:temp:20260824135420
2026-08-23 20:45:00+00:00,0.0,0.0,0.0,0.0,28.99,0.0,0.33208095464,True,0.0,True,,False,0.46729625514571665,0.3577741213551167,0.12511271704405,True,True,True,0.029217122395833333,0.24666796875000002,0.2720904947916667,0.31187760416666666,0.35040462239583337,0.3479313151041667,0.3463522135416667,0.19519010416666666,True,True,True,True,True,True,True,True,13.5,temp,sine,temp,20260824135420,sine:temp:temp:20260824135420
2026-08-23 20:50:00+00:00,0.0,0.0,0.0,0.0,31.5625,0.0,0.33208095464,True,0.0,True,,False,0.46911918227148336,0.35942079305045,0.1245775412048,True,True,True,0.029174479166666666,0.24622363281249998,0.27165169270833334,0.31133756510416666,0.34980208333333335,0.34736946614583336,0.34585286458333336,0.19495182291666666,True,True,True,True,True,True,True,True,13.5,temp,sine,temp,20260824135420,sine:temp:temp:20260824135420
2026-08-23 20:55:00+00:00,0.0,0.0,0.0,0.0,31.085,0.0,0.33208095464,True,0.0,True,,False,0.46959689955085,0.3596559411692,0.12438900265303333,True,True,True,0.029119791666666665,0.2458642578125,0.2712646484375,0.311013671875,0.3490224609375,0.34671386718749997,0.34525455729166665,0.19459440104166664,True,True,True,True,True,True,True,True,13.5,temp,sine,temp,20260824135420,sine:temp:temp:20260824135420
2026-08-23 21:00:00+00:00,0.0,0.0,0.0,0.0,30.64,0.0,0.33208095464,True,0.0,True,,False,0.46669457703251666,0.3605394182249,0.12452756450585,True,True,True,0.029043619791666666,0.24515169270833334,0.2705,0.31027018229166664,0.3488955078125,0.34660351562499997,0.34527278645833337,0.19456705729166668,True,True,True,True,True,True,True,True,13.5,temp,sine,temp,20260824135420,sine:temp:temp:20260824135420
2026-08-23 21:05:00+00:00,0.0,0.0,0.0,0.0,30.345,0.0,0.33208095464,True,0.0,True,,False,0.4651837055588333,0.3597483866067834,0.1245405508272,True,True,True,0.029012369791666666,0.24448046874999999,0.270046875,0.3097044270833333,0.34822688802083335,0.34593717447916666,0.3447425130208333,0.19423111979166666,True,True,True,True,True,True,True,True,13.5,temp,sine,temp,20260824135420,sine:temp:temp:20260824135420
2026-08-23 21:10:00+00:00,0.0,0.0,0.0,0.0,30.06,0.0,0.33208095464,True,0.0,True,,False,0.4620613281527334,0.3605209829070667,0.12513251145501667,True,True,True,0.0290439453125,0.2447109375,0.2703525390625,0.3102428385416667,0.348814453125,0.34643717447916667,0.34527604166666664,0.1945625,True,True,True,True,True,True,True,True,13.5,temp,sine,temp,20260824135420,sine:temp:temp:20260824135420
2026-08-23 21:15:00+00:00,0.0,0.0,0.0,0.0,29.875,0.0,0.33208095464,True,0.0,True,,False,0.45920539038656666,0.3611583617324667,0.12541770969538332,True,True,True,0.029071289062500002,0.2450439453125,0.27077701822916667,0.3108330078125,0.3492337239583333,0.3469052734375,0.3457190755208333,0.19489420572916666,True,True,True,True,True,True,True,True,13.5,temp,sine,temp,20260824135420,sine:temp:temp:20260824135420
2026-08-23 21:20:00+00:00,0.0,0.0,0.0,0.0,29.69,0.0,0.33208095464,True,0.0,True,,False,0.45709999030881665,0.36059592586079997,0.1257263533954,True,True,True,0.029107747395833335,0.24530631510416667,0.27118359375,0.31124641927083335,0.34977734374999997,0.3473688151041667,0.346220703125,0.19518489583333334,True,True,True,True,True,True,True,True,13.5,temp,sine,temp,20260824135420,sine:temp:temp:20260824135420
2026-08-23 21:25:00+00:00,0.0,0.0,0.0,0.0,29.54,0.0,0.33208095464,True,0.0,True,,False,0.4523942941456,0.36072333032761666,0.12650910932671666,True,True,True,0.029180664062499997,0.246072265625,0.27201529947916664,0.31197623697916665,0.35070833333333334,0.34836263020833336,0.34705078125,0.19574707031250002,True,True,True,True,True,True,True,True,13.5,temp,sine,temp,20260824135420,sine:temp:temp:20260824135420
2026-08-23 21:30:00+00:00,0.0,0.0,0.0,0.0,29.44,0.0,0.33208095464,True,0.0,True,,False,0.4495759567233167,0.36100457881013337,0.12717232625303335,True,True,True,0.029248372395833333,0.24680533854166667,0.2729384765625,0.31299088541666664,0.3516500651041667,0.34938704427083334,0.3480846354166667,0.19637727864583335,True,True,True,True,True,True,True,True,13.5,temp,sine,temp,20260824135420,sine:temp:temp:20260824135420
2026-08-23 21:35:00+00:00,0.0,0.0,0.0,0.0,29.34,0.0,0.33208095464,True,0.0,True,,False,0.447023492443,0.36140838575664996,0.12777587909243335,True,True,True,0.029311197916666667,0.247501953125,0.273681640625,0.3137405598958333,0.35252734375,0.3503258463541667,0.34889811197916665,0.19690169270833333,True,True,True,True,True,True,True,True,13.5,temp,sine,temp,20260824135420,sine:temp:temp:20260824135420
2026-08-23 21:40:00+00:00,0.0,0.0,0.0,0.0,29.24,0.0,0.33208095464,True,0.0,True,,False,0.44426883344591667,0.36155748393928333,0.12857407290793332,True,True,True,0.029430338541666667,0.24858463541666664,0.27500553385416665,0.31504850260416667,0.3536959635416667,0.3514332682291667,0.34996484375,0.19756673177083334,True,True,True,True,True,True,True,True,13.5,temp,sine,temp,20260824135420,sine:temp:temp:20260824135420
2026-08-23 21:45:00+00:00,0.0,0.0,0.0,0.0,29.15,0.0,0.33208095464,True,0.0,True,,False,0.4413068727592167,0.36172717473050003,0.12929586558421666,True,True,True,0.029533854166666665,0.249419921875,0.2759775390625,0.3160436197916667,0.3548776041666667,0.3524225260416667,0.3509147135416667,0.19816861979166667,True,True,True,True,True,True,True,True,13.5,temp,sine,temp,20260824135420,sine:temp:temp:20260824135420
2026-08-23 21:50:00+00:00,0.0,0.0,0.0,0.0,29.08,0.0,0.33208095464,True,0.0,True,,False,0.4383545502819333,0.3617276910231333,0.1300800037047,True,True,True,0.029615885416666664,0.25013476562500003,0.27686686197916666,0.31697558593749997,0.35590722656249996,0.353390625,0.35185872395833334,0.19871907552083332,True,True,True,True,True,True,True,True,13.5,temp,sine,temp,20260824135420,sine:temp:temp:20260824135420
2026-08-23 21:55:00+00:00,0.0,0.0,0.0,0.0,29.03,0.0,0.33208095464,True,0.0,True,,False,0.4353690279203833,0.3617123984847167,0.13043658800108332,True,True,True,0.029662434895833333,0.25054296875,0.27735839843750004,0.31747005208333334,0.3567174479166667,0.3543092447916667,0.35263671875,0.1992591145833333,True,True,True,True,True,True,True,True,13.5,temp,sine,temp,20260824135420,sine:temp:temp:20260824135420
2026-08-23 22:00:00+00:00,0.0,0.0,0.0,0.0,29.0,0.0,0.33208095464,True,0.0,True,,False,0.43282049519456667,0.36197524365545,0.13108853150563332,True,True,True,0.029733723958333333,0.25124609375,0.2781943359375,0.31829264322916667,0.35801822916666665,0.3555813802083333,0.353875,0.20002669270833331,True,True,True,True,True,True,True,True,13.5,temp,sine,temp,20260824135420,sine:temp:temp:20260824135420
2026-08-23 22:05:00+00:00,0.0,0.0,0.0,0.0,29.145000000000003,0.0,0.33208095464,True,0.0,True,,False,0.43142106306876665,0.36258716764573334,0.13181163782936667,True,True,True,0.029818033854166665,0.25193815104166667,0.27899251302083333,0.319154296875,0.3588128255208333,0.3562916666666667,0.3545751953125,0.20044856770833333,True,True,True,True,True,True,True,True,13.5,temp,sine,temp,20260824135420,sine:temp:temp:20260824135420
2026-08-23 22:10:00+00:00,0.0,0.0,0.0,0.0,29.14,0.0,0.33208095464,True,0.0,True,,False,0.4295739700191167,0.36234034623986666,0.13206681217671667,True,True,True,0.029869140625000002,0.2524075520833333,0.27954264322916667,0.31969694010416666,0.3596536458333333,0.3571240234375,0.35539518229166667,0.20097167968750002,True,True,True,True,True,True,True,True,13.5,temp,sine,temp,20260824135420,sine:temp:temp:20260824135420
2026-08-23 22:15:00+00:00,0.0,0.0,0.0,0.0,29.060000000000002,0.0,0.3321119451543509,True,0.00022500853966666667,True,,False,0.42598053433131666,0.3626183272126333,0.13260302875161667,True,True,True,0.029932291666666666,0.2531142578125,0.2803662109375,0.32056640625,0.3602682291666667,0.3579892578125,0.35611946614583334,0.20146516927083333,True,True,True,True,True,True,True,True,13.5,temp,sine,temp,20260824135420,sine:temp:temp:20260824135420
2026-08-23 22:20:00+00:00,0.0,0.0,0.0,0.0,29.11,0.0,0.3324776377108276,True,0.0027954651946551726,True,,False,0.4232661198479,0.36340112677135,0.13330939026188332,True,True,True,0.030018554687499997,0.2539069010416667,0.28125162760416667,0.3214973958333333,0.3610869140625,0.35876790364583333,0.3568977864583333,0.20189127604166668,True,True,True,True,True,True,True,True,13.5,temp,sine,temp,20260824135420,sine:temp:temp:20260824135420
2026-08-23 22:25:00+00:00,0.0,0.0,0.0,0.0,29.035,0.0,0.33380210285140355,True,0.01163483979673684,True,,False,0.42016829103423337,0.36321214527908335,0.13395282531925,True,True,True,0.030108072916666666,0.2546376953125,0.28215657552083334,0.3224703776041667,0.3623958333333333,0.3600006510416666,0.358080078125,0.20265104166666664,True,True,True,True,True,True,True,True,13.5,temp,sine,temp,20260824135420,sine:temp:temp:20260824135420
2026-08-23 22:30:00+00:00,0.0,0.0,0.0,0.0,28.98,0.0,0.3363412409625088,True,0.02741431873959649,True,,False,0.4179243715854334,0.36362438362865,0.13459584894296667,True,True,True,0.030174479166666667,0.2552421875,0.28291536458333333,0.323158203125,0.3632275390625,0.3608219401041667,0.3588528645833333,0.20316145833333332,True,True,True,True,True,True,True,True,13.5,temp,sine,temp,20260824135420,sine:temp:temp:20260824135420
2026-08-23 22:35:00+00:00,0.0,0.0,0.0,0.0,28.975,0.0,0.3396919584815517,True,0.04574701892141379,True,,False,0.41441955607811665,0.36302692157713334,0.13509574856246667,True,True,True,0.030225260416666667,0.2556539713541667,0.2834514973958333,0.3236787109375,0.36384765625,0.3614557291666667,0.3594541015625,0.20353580729166668,True,True,True,True,True,True,True,True,13.5,temp,sine,temp,20260824135420,sine:temp:temp:20260824135420
2026-08-23 22:40:00+00:00,0.0,0.0,0.0,0.0,29.18,0.0,0.34336379411601725,True,0.06311077138022414,True,,False,0.41194118400725,0.36362285109375,0.13553510427698334,True,True,True,0.03027766927083333,0.256162109375,0.2839944661458333,0.32423990885416665,0.3645146484375,0.3621012369791667,0.36008072916666667,0.20389127604166665,True,True,True,True,True,True,True,True,13.5,temp,sine,temp,20260824135420,sine:temp:temp:20260824135420
2026-08-23 22:45:00+00:00,0.0,0.0,0.0,0.0,28.89,0.0,0.34700659499677194,True,0.07674557311380702,True,,False,0.40957297732485004,0.3639096327872334,0.13601720662050001,True,True,True,0.030342447916666668,0.25684309895833335,0.2847340494791667,0.32497005208333335,0.3651282552083333,0.3627073567708334,0.3606985677083333,0.20427115885416666,True,True,True,True,True,True,True,True,13.5,temp,sine,temp,20260824135420,sine:temp:temp:20260824135420
2026-08-23 22:50:00+00:00,0.0,0.0,0.0,0.0,29.09,0.0,0.3501171754391017,True,0.08422092691862712,True,,False,0.4076581826279,0.36468363396046666,0.1362946570912,True,True,True,0.030384114583333333,0.2572760416666667,0.2852135416666667,0.32542610677083333,0.36553645833333337,0.363072265625,0.361015625,0.20448502604166666,True,True,True,True,True,True,True,True,13.5,temp,sine,temp,20260824135420,sine:temp:temp:20260824135420
2026-08-23 22:55:00+00:00,0.0,0.0,0.0,0.0,29.0,0.0,0.3531235816978305,True,0.08901285744398305,True,,False,0.40508368129238337,0.3643562845926167,0.13674585366751665,True,True,True,0.03043001302083333,0.25762044270833334,0.2857594401041667,0.32586328125,0.3660927734375,0.3635732421875,0.3615709635416666,0.20488346354166664,True,True,True,True,True,True,True,True,13.5,temp,sine,temp,20260824135420,sine:temp:temp:20260824135420
2026-08-23 23:00:00+00:00,0.0,0.0,0.0,0.0,28.97,0.0,0.35585812342823636,True,0.09091974395970909,True,,False,0.40618446968336663,0.36547434791395,0.13705453844268334,True,True,True,0.030404947916666664,0.2575185546875,0.2855615234375,0.3255283203125,0.3658225911458333,0.36344433593750003,0.36137532552083335,0.20473958333333334,True,True,True,True,True,True,True,True,13.5,temp,sine,temp,20260824135420,sine:temp:temp:20260824135420
2026-08-23 23:05:00+00:00,0.0,0.0,0.0,0.0,29.04,0.0,0.35867236922301754,True,0.09269114435024561,True,,False,0.39966492217445,0.3650163572908834,0.13807768800456666,True,True,True,0.030500000000000003,0.2585875651041667,0.28688216145833334,0.32670117187500003,0.3674560546875,0.36519824218749997,0.3630716145833333,0.2057578125,True,True,True,True,True,True,True,True,13.5,temp,sine,temp,20260824135420,sine:temp:temp:20260824135420
2026-08-23 23:10:00+00:00,0.0,0.0,0.0,0.0,28.84,0.0,0.3640810912857679,True,0.11024351832057143,True,,False,0.3941404106322667,0.3653137178822667,0.13920184719605,True,True,True,0.030655273437500002,0.26000130208333333,0.28850292968749996,0.32842122395833334,0.3688733723958333,0.36638639322916666,0.3641796875,0.206498046875,True,True,True,True,True,True,True,True,13.5,temp,sine,temp,20260824135420,sine:temp:temp:20260824135420
2026-08-23 23:15:00+00:00,0.0,0.0,0.0,0.0,28.935,0.0,0.3693946289687759,True,0.12338536734732758,True,,False,0.39289563456955,0.36542703591531667,0.13978653879321667,True,True,True,0.030676432291666667,0.26022981770833337,0.2887789713541667,0.3286930338541667,0.36919401041666666,0.36674576822916666,0.3645179036458333,0.20672916666666669,True,True,True,True,True,True,True,True,13.5,temp,sine,temp,20260824135420,sine:temp:temp:20260824135420
2026-08-23 23:20:00+00:00,0.0,0.0,0.0,0.0,28.94,0.0,0.37386062526266667,True,0.1286224091742037,True,,False,0.38944738029570003,0.36598957928006665,0.14005532228691667,True,True,True,0.0307099609375,0.26063509114583333,0.28922884114583336,0.32900130208333334,0.369607421875,0.36728385416666665,0.3650556640625,0.20705078125,True,True,True,True,True,True,True,True,13.5,temp,sine,temp,20260824135420,sine:temp:temp:20260824135420
2026-08-23 23:25:00+00:00,0.0,0.0,0.0,0.0,28.884999999999998,0.0,0.37708752307750915,True,0.12522277636689091,True,,False,0.3882979628520167,0.36571899044138334,0.14043287466705,True,True,True,0.0307421875,0.26104166666666667,0.289625,0.3292545572916667,0.36973860677083337,0.36742903645833336,0.3651689453125,0.2071416015625,True,True,True,True,True,True,True,True,13.5,temp,sine,temp,20260824135420,sine:temp:temp:20260824135420
2026-08-23 23:30:00+00:00,0.0,0.0,0.0,0.0,28.93,0.0,0.3811115781979123,True,0.12643924334040352,True,,False,0.3845879269353,0.3657322143335833,0.14142688978153334,True,True,True,0.030828124999999998,0.261833984375,0.29052050781250005,0.3301181640625,0.3706598307291667,0.3682731119791667,0.36593261718750003,0.20763378906250002,True,True,True,True,True,True,True,True,13.5,temp,sine,temp,20260824135420,sine:temp:temp:20260824135420
2026-08-23 23:35:00+00:00,0.0,0.0,0.0,0.0,28.965,0.0,0.38481917832669493,True,0.12448539278159322,True,,False,0.38137851952011664,0.3657096140025,0.14163809199201666,True,True,True,0.030867838541666668,0.2622268880208333,0.29101953125,0.3306057942708333,0.37115462239583336,0.3687314453125,0.36639941406250004,0.20791080729166664,True,True,True,True,True,True,True,True,13.5,temp,sine,temp,20260824135420,sine:temp:temp:20260824135420
2026-08-23 23:40:00+00:00,0.0,0.0,0.0,0.0,28.73,0.0,0.38753746137555,True,0.11705958796845,True,,False,0.38032015171215,0.36620624477343333,0.14192032413433334,True,True,True,0.030897135416666666,0.2625289713541667,0.2913515625,0.3307802734375,0.3713212890625,0.36891764322916665,0.3666171875,0.20808138020833333,True,True,True,True,True,True,True,True,13.5,temp,sine,temp,20260824135420,sine:temp:temp:20260824135420
2026-08-23 23:45:00+00:00,0.0,0.0,0.0,0.0,29.009999999999998,0.0,0.3898749582586034,True,0.10842247057818966,True,,False,0.37763984337559997,0.3660238046769667,0.14246310384824998,True,True,True,0.03096321614583333,0.2631875,0.2921565755208333,0.33149218750000004,0.37206998697916666,0.36958463541666664,0.36732845052083335,0.2085244140625,True,True,True,True,True,True,True,True,13.5,temp,sine,temp,20260824135420,sine:temp:temp:20260824135420
2026-08-23 23:50:00+00:00,0.0,0.0,0.0,0.0,29.14,0.0,0.3924126553286034,True,0.10236792221355172,True,,False,0.3755240574430167,0.36651808096821664,0.14293371593556667,True,True,True,0.031002278645833332,0.2637112630208333,0.29272005208333335,0.3319554036458333,0.37245930989583337,0.3700556640625,0.36779101562500005,0.20877799479166667,True,True,True,True,True,True,True,True,13.5,temp,sine,temp,20260824135420,sine:temp:temp:20260824135420
2026-08-23 23:55:00+00:00,0.0,0.0,0.0,0.0,29.055,0.0,0.39441851681312284,True,0.09386895074457895,True,,False,0.37373313228379995,0.36702110085376666,0.14321635000361665,True,True,True,0.0309921875,0.26377897135416667,0.29280501302083334,0.3318899739583333,0.3724954427083333,0.37019498697916664,0.36783138020833334,0.20883593749999999,True,True,True,True,True,True,True,True,13.5,temp,sine,temp,20260824135420,sine:temp:temp:20260824135420
2026-08-24 00:00:00+00:00,0.0,0.0,0.0,0.0,29.01,0.0,0.3962197287009815,True,0.08567547839533332,True,,False,0.3720377410403,0.36718449804683334,0.14350066565883332,True,True,True,0.031013997395833333,0.2638857421875,0.2929423828125,0.3318961588541667,0.3729729817708333,0.3704964192708333,0.368134765625,0.20906640625,True,True,True,True,True,True,True,True,13.5,temp,sine,temp,20260824135420,sine:temp:temp:20260824135420
2026-08-24 00:05:00+00:00,0.0,0.0,0.0,0.0,29.17,0.0,0.3978827985208947,True,0.07798450941745613,True,,False,0.37147745092535,0.36744999695473335,0.14393993560886667,True,True,True,0.03103548177083333,0.26420117187500003,0.2932799479166667,0.3320944010416667,0.3728050130208333,0.3704856770833333,0.3681461588541667,0.2090849609375,True,True,True,True,True,True,True,True,13.5,temp,sine,temp,20260824135420,sine:temp:temp:20260824135420
2026-08-24 00:10:00+00:00,0.0,0.0,0.0,0.0,28.9,0.0,0.3994817859994561,True,0.07154396031905264,True,,False,0.36839423452503334,0.36704581804885,0.14410863786705,True,True,True,0.031085611979166667,0.26466243489583335,0.2938763020833333,0.3325123697916667,0.3731468098958333,0.37075520833333336,0.36846354166666667,0.2092841796875,True,True,True,True,True,True,True,True,13.5,temp,sine,temp,20260824135420,sine:temp:temp:20260824135420
2026-08-24 00:15:00+00:00,0.0,0.0,0.0,0.0,28.96,0.0,0.40077295212145764,True,0.06434300537730508,True,,False,0.36651240414145003,0.3679196315277,0.14447066681206666,True,True,True,0.031066731770833335,0.2647841796875,0.2940387369791667,0.33262467447916666,0.3733291015625,0.37102506510416666,0.3687649739583333,0.20948144531250001,True,True,True,True,True,True,True,True,13.5,temp,sine,temp,20260824135420,sine:temp:temp:20260824135420
2026-08-24 00:20:00+00:00,0.0,0.0,0.0,0.0,29.17,0.0,0.4019756152079655,True,0.05807400650436206,True,,False,0.36578384571441663,0.36735621967168336,0.14444934240671667,True,True,True,0.031085611979166667,0.26488671874999997,0.29420833333333335,0.33271516927083333,0.37333040364583336,0.37110286458333336,0.36884928385416665,0.2095696614583333,True,True,True,True,True,True,True,True,13.5,temp,sine,temp,20260824135420,sine:temp:temp:20260824135420
2026-08-24 00:25:00+00:00,0.0,0.0,0.0,0.0,29.095,0.0,0.40289985511549997,True,0.05143365462417241,True,,False,0.3651950854571833,0.3681814255893666,0.14485886178518334,True,True,True,0.0310908203125,0.2649029947916667,0.29423795572916667,0.3326145833333333,0.3735478515625,0.3712454427083333,0.369001953125,0.20965462239583335,True,True,True,True,True,True,True,True,13.5,temp,sine,temp,20260824135420,sine:temp:temp:20260824135420
2026-08-24 00:30:00+00:00,0.0,0.0,0.0,0.0,28.71,0.0,0.40390858243148275,True,0.04647441043355172,True,,False,0.3644866776024,0.36748147100963335,0.1450817541685,True,True,True,0.031083333333333334,0.264826171875,0.29417936197916666,0.3324635416666667,0.37333072916666665,0.3710338541666667,0.36875618489583334,0.20952473958333334,True,True,True,True,True,True,True,True,13.5,temp,sine,temp,20260824135420,sine:temp:temp:20260824135420
2026-08-24 00:35:00+00:00,0.0,0.0,0.0,0.0,28.86,0.0,0.40465572075626316,True,0.041069088838245615,True,,False,0.36506870417948334,0.36846078494965,0.14490622193893332,True,True,True,0.031070638020833333,0.2645625,0.2939765625,0.3322587890625,0.37322102864583334,0.3709270833333333,0.3686572265625,0.20949251302083333,True,True,True,True,True,True,True,True,13.5,temp,sine,temp,20260824135420,sine:temp:temp:20260824135420
2026-08-24 00:40:00+00:00,0.0,0.0,0.0,0.0,28.84,0.0,0.40431549465234545,True,0.030509267228381817,True,,False,0.3646350301146833,0.36797328812183333,0.14488923044421667,True,True,True,0.031017903645833334,0.2642333984375,0.29353808593749997,0.3317975260416667,0.37262858072916666,0.37041536458333335,0.36824641927083335,0.2092109375,True,True,True,True,True,True,True,True,13.5,temp,sine,temp,20260824135420,sine:temp:temp:20260824135420
2026-08-24 00:45:00+00:00,0.0,0.0,0.0,0.0,28.89,0.0,0.40377566829254385,True,0.020611470611122805,True,,False,0.36441947666765,0.3690389866167167,0.1447026783607,True,True,True,0.030983398437499997,0.264041015625,0.2933238932291667,0.33134602864583335,0.37186165364583335,0.3696282552083333,0.3675406901041667,0.20876627604166667,True,True,True,True,True,True,True,True,13.5,temp,sine,temp,20260824135420,sine:temp:temp:20260824135420
2026-08-24 00:50:00+00:00,0.0,0.0,0.0,0.0,29.02,0.0,0.40303700047076274,True,0.011412604052338984,True,,False,0.36441300093525,0.36879652819841663,0.14482516997913333,True,True,True,0.030938802083333335,0.2636842447916667,0.2928736979166667,0.3309072265625,0.3716946614583333,0.36939615885416666,0.3672825520833333,0.20863704427083332,True,True,True,True,True,True,True,True,13.5,temp,sine,temp,20260824135420,sine:temp:temp:20260824135420
2026-08-24 00:55:00+00:00,0.0,0.0,0.0,0.0,28.895000000000003,0.0,0.40320646662213794,True,0.00918536059436207,True,,False,0.36326366471733335,0.3687640873508,0.14515984875855,True,True,True,0.030949869791666664,0.2638297526041667,0.2930517578125,0.33098177083333336,0.3715224609375,0.36923990885416663,0.3670963541666667,0.20848730468749999,True,True,True,True,True,True,True,True,13.5,temp,sine,temp,20260824135420,sine:temp:temp:20260824135420
2026-08-24 01:00:00+00:00,0.0,0.0,0.0,0.0,29.1,0.0,0.40252793362399997,True,0.0025930948887118647,True,,False,0.36409548349448334,0.3693082599150167,0.14461599388051666,True,True,True,0.030882812500000002,0.26322819010416665,0.2922727864583334,0.3301904296875,0.37035970052083333,0.3681949869791667,0.36607389322916667,0.20786718750000002,True,True,True,True,True,True,True,True,13.5,temp,sine,temp,20260824135420,sine:temp:temp:20260824135420
2026-08-24 01:05:00+00:00,0.0,0.0,0.0,0.0,29.04,0.0,0.40241525197536665,True,0.0008334653491333334,True,,False,0.3601386135233334,0.3690583607877333,0.14537416988345,True,True,True,0.030944661458333335,0.2638160807291667,0.2929967447916667,0.33082617187499996,0.371220703125,0.3687591145833334,0.3666861979166667,0.20819791666666668,True,True,True,True,True,True,True,True,13.5,temp,sine,temp,20260824135420,sine:temp:temp:20260824135420
2026-08-24 01:10:00+00:00,0.0,0.0,0.0,0.0,29.09,0.0,0.4044122234672759,True,0.011512586221741379,True,,False,0.35709616031316666,0.3685336610073667,0.14603509872435,True,True,True,0.03097265625,0.2639615885416667,0.29317740885416665,0.33105208333333336,0.37143424479166665,0.36898958333333337,0.3668317057291667,0.20834895833333336,True,True,True,True,True,True,True,True,13.5,temp,sine,temp,20260824135420,sine:temp:temp:20260824135420
2026-08-24 01:15:00+00:00,0.0,0.0,0.0,0.0,29.035,0.0,0.4067198076075085,True,0.022232919661288136,True,,False,0.35623621127776667,0.36960898275191667,0.1460379502404167,True,True,True,0.030979166666666665,0.26404394531250003,0.29326171875,0.33124055989583334,0.37133105468750005,0.3688935546875,0.3667516276041667,0.2083046875,True,True,True,True,True,True,True,True,13.5,temp,sine,temp,20260824135420,sine:temp:temp:20260824135420
2026-08-24 01:20:00+00:00,0.0,0.0,0.0,0.0,29.12,0.0,0.40800933112392856,True,0.02554562482478571,True,,False,0.35509525448823337,0.3695343716218,0.14612249396391666,True,True,True,0.030965494791666666,0.2638352864583334,0.29305110677083335,0.33096256510416666,0.3716018880208333,0.369166015625,0.36691503906249995,0.20842903645833333,True,True,True,True,True,True,True,True,13.5,temp,sine,temp,20260824135420,sine:temp:temp:20260824135420
2026-08-24 01:25:00+00:00,0.0,0.0,0.0,0.0,29.060000000000002,0.0,0.4099408761155614,True,0.032126519246421056,True,,False,0.35016382389955,0.3693179633167167,0.14696608450405,True,True,True,0.031026692708333335,0.2645491536458333,0.293849609375,0.33167350260416667,0.37213899739583334,0.36954850260416666,0.36729329427083335,0.20859212239583333,True,True,True,True,True,True,True,True,13.5,temp,sine,temp,20260824135420,sine:temp:temp:20260824135420
2026-08-24 01:30:00+00:00,0.0,0.0,0.0,0.0,28.92,0.0,0.41457264465254384,True,0.05242058205991228,True,,False,0.3468165203985,0.36880436799423333,0.14812543599198333,True,True,True,0.031110351562500003,0.2652161458333333,0.29467154947916663,0.3326702473958333,0.37322298177083335,0.3705647786458333,0.3682861328125,0.2092275390625,True,True,True,True,True,True,True,True,13.5,temp,sine,temp,20260824135420,sine:temp:temp:20260824135420
2026-08-24 01:35:00+00:00,0.0,0.0,0.0,0.0,29.0,0.0,0.4188803251324915,True,0.06713102734854237,True,,False,0.3468096631134167,0.36921986800690004,0.14814615635791667,True,True,True,0.031088216145833333,0.264984375,0.2943154296875,0.33235970052083336,0.3728743489583334,0.370283203125,0.3680074869791667,0.20907649739583334,True,True,True,True,True,True,True,True,13.5,temp,sine,temp,20260824135420,sine:temp:temp:20260824135420
2026-08-24 01:40:00+00:00,0.0,0.0,0.0,0.0,28.81,0.0,0.42181997116715786,True,0.0714968399634386,True,,False,0.34598572283603335,0.3690563527633,0.14821478346205,True,True,True,0.0310458984375,0.2647317708333333,0.29403678385416665,0.3319973958333333,0.37255891927083334,0.36999772135416664,0.3676689453125,0.20888085937499998,True,True,True,True,True,True,True,True,13.5,temp,sine,temp,20260824135420,sine:temp:temp:20260824135420
2026-08-24 01:45:00+00:00,0.0,0.0,0.0,0.0,28.845,0.0,0.42400421453165515,True,0.07097552194946552,True,,False,0.3444393573233834,0.3692272470624,0.14852847392528332,True,True,True,0.0310654296875,0.2648828125,0.29416536458333337,0.3320657552083333,0.37277506510416664,0.37012858072916666,0.3678447265625,0.20894010416666667,True,True,True,True,True,True,True,True,13.5,temp,sine,temp,20260824135420,sine:temp:temp:20260824135420
2026-08-24 01:50:00+00:00,0.0,0.0,0.0,0.0,28.91,0.0,0.42647976207031035,True,0.07165987482568967,True,,False,0.3421851955314167,0.36912322881383336,0.14911014848921667,True,True,True,0.031055338541666665,0.26485579427083333,0.2941572265625,0.33198697916666664,0.37291015624999996,0.3702646484375,0.36791536458333335,0.2089674479166667,True,True,True,True,True,True,True,True,13.5,temp,sine,temp,20260824135420,sine:temp:temp:20260824135420
2026-08-24 01:55:00+00:00,0.0,0.0,0.0,0.0,29.075000000000003,0.0,0.42901248077937504,True,0.07159406678912501,True,,False,0.3407987352188,0.36954503858326665,0.14938878041736667,True,True,True,0.031086914062500002,0.26519140625,0.29448209635416667,0.33231152343750003,0.37299967447916665,0.37030598958333333,0.36797786458333337,0.2090068359375,True,True,True,True,True,True,True,True,13.5,temp,sine,temp,20260824135420,sine:temp:temp:20260824135420
2026-08-24 02:00:00+00:00,0.0,0.0,0.0,0.0,29.05,0.0,0.4311098119251379,True,0.0697180280233793,True,,False,0.3382821812811833,0.3690139615487167,0.14957918853344998,True,True,True,0.03109765625,0.2652698567708333,0.29460091145833334,0.33246256510416666,0.37321484374999997,0.37047656250000005,0.36814095052083334,0.20910904947916667,True,True,True,True,True,True,True,True,13.5,temp,sine,temp,20260824135420,sine:temp:temp:20260824135420
2026-08-24 02:05:00+00:00,0.0,0.0,0.0,0.0,29.0,0.0,0.4326790765419818,True,0.0648322023283091,True,,False,0.3370772232650833,0.36907122233913336,0.14986427379483333,True,True,True,0.031107096354166665,0.26541861979166664,0.29468619791666667,0.33258984375,0.37311197916666666,0.3703756510416667,0.36802148437500004,0.20905240885416668,True,True,True,True,True,True,True,True,13.5,temp,sine,temp,20260824135420,sine:temp:temp:20260824135420
2026-08-24 02:10:00+00:00,0.0,0.0,0.0,0.0,29.21,0.0,0.4345843938262204,True,0.06266141155491525,True,,False,0.3351030080779333,0.36876969299958334,0.15026897163425001,True,True,True,0.031153645833333334,0.26574544270833333,0.2950833333333333,0.3329189453125,0.37374934895833334,0.370947265625,0.368533203125,0.20938053385416666,True,True,True,True,True,True,True,True,13.5,temp,sine,temp,20260824135420,sine:temp:temp:20260824135420
2026-08-24 02:15:00+00:00,0.0,0.0,0.0,0.0,29.064999999999998,0.0,0.4363751410301035,True,0.05992648291941379,True,,False,0.3349121481762833,0.36906366686886666,0.15060698187235,True,True,True,0.031159505208333334,0.26586263020833334,0.2951962890625,0.333193359375,0.37414225260416667,0.3713896484375,0.3689329427083334,0.20961555989583333,True,True,True,True,True,True,True,True,13.5,temp,sine,temp,20260824135420,sine:temp:temp:20260824135420
2026-08-24 02:20:00+00:00,0.0,0.0,0.0,0.0,28.9,0.0,0.4387732050661356,True,0.06091486903966102,True,,False,0.33216797533346665,0.3686576368883833,0.15155298801875,True,True,True,0.031272135416666666,0.2667408854166667,0.296357421875,0.334484375,0.375181640625,0.3723304036458333,0.36990983072916667,0.21024641927083332,True,True,True,True,True,True,True,True,13.5,temp,sine,temp,20260824135420,sine:temp:temp:20260824135420
2026-08-24 02:25:00+00:00,0.0,0.0,0.0,0.0,28.865000000000002,0.0,0.4429006110397796,True,0.07067342621649152,True,,False,0.32904309386523334,0.3688969909952334,0.1522849224147,True,True,True,0.031338216145833334,0.267365234375,0.29703873697916666,0.3353024088541667,0.37589290364583333,0.373048828125,0.3705738932291667,0.21066243489583333,True,True,True,True,True,True,True,True,13.5,temp,sine,temp,20260824135420,sine:temp:temp:20260824135420
2026-08-24 02:30:00+00:00,0.0,0.0,0.0,0.0,28.99,0.0,0.44580190709475437,True,0.07240942354528071,True,,False,0.3290770451044167,0.3690048410380167,0.15217676373061667,True,True,True,0.03129524739583333,0.2668017578125,0.2964778645833333,0.33446419270833333,0.37554524739583334,0.37264941406249996,0.3701302083333333,0.21045084635416667,True,True,True,True,True,True,True,True,13.5,temp,sine,temp,20260824135420,sine:temp:temp:20260824135420
2026-08-24 02:35:00+00:00,0.0,0.0,0.0,0.0,29.1,0.0,0.44746738533905,True,0.06733116031376667,True,,False,0.32864097296693334,0.36992403786943334,0.15231622488729998,True,True,True,0.03130338541666667,0.26675390625,0.2964814453125,0.33434537760416666,0.375201171875,0.37239062500000003,0.36977864583333336,0.21028417968750002,True,True,True,True,True,True,True,True,13.5,temp,sine,temp,20260824135420,sine:temp:temp:20260824135420
2026-08-24 02:40:00+00:00,0.0,0.0,0.0,0.0,29.27,0.0,0.4481647044017069,True,0.058031415783,True,,False,0.32741415515835004,0.3694510841285667,0.15229527849396665,True,True,True,0.03131184895833333,0.26683072916666667,0.2965686848958333,0.33435970052083336,0.37518391927083333,0.3723717447916667,0.3698131510416667,0.21025455729166667,True,True,True,True,True,True,True,True,13.5,temp,sine,temp,20260824135420,sine:temp:temp:20260824135420
2026-08-24 02:45:00+00:00,0.0,0.0,0.0,0.0,29.32,0.0,0.44966867680438594,True,0.054184919395350875,True,,False,0.32575961686300003,0.36943719174208334,0.15310824859725,True,True,True,0.03133723958333333,0.2671832682291667,0.29702766927083335,0.3347600911458333,0.3756220703125,0.37291341145833334,0.3703883463541667,0.21059049479166667,True,True,True,True,True,True,True,True,13.5,temp,sine,temp,20260824135420,sine:temp:temp:20260824135420
2026-08-24 02:50:00+00:00,0.0,0.0,0.0,0.0,29.1,0.0,0.45172347225562504,True,0.05404735872008929,True,,False,0.3255433867653833,0.36915820432001667,0.15325860166458333,True,True,True,0.03132161458333334,0.2670732421875,0.29687174479166667,0.3346608072916667,0.3754163411458334,0.3727669270833333,0.3702054036458334,0.2105068359375,True,True,True,True,True,True,True,True,13.5,temp,sine,temp,20260824135420,sine:temp:temp:20260824135420
2026-08-24 02:55:00+00:00,0.0,0.0,0.0,0.0,29.17,0.0,0.4531398979869,True,0.050584228098166664,True,,False,0.32397568879413335,0.3693911813036,0.15368810841963335,True,True,True,0.031376302083333335,0.2674384765625,0.2973385416666667,0.3353001302083333,0.37611425781249996,0.3732233072916667,0.37075130208333335,0.21089095052083331,True,True,True,True,True,True,True,True,13.5,temp,sine,temp,20260824135420,sine:temp:temp:20260824135420
2026-08-24 03:00:00+00:00,0.0,0.0,0.0,0.0,29.31,0.0,0.4566395719662456,True,0.05835184732287719,True,,False,0.31843129998683334,0.3683426156673833,0.15506341049275002,True,True,True,0.03151822916666667,0.2687415364583333,0.29885221354166663,0.3369462890625,0.3780833333333333,0.3751048177083333,0.3724518229166666,0.21185872395833333,True,True,True,True,True,True,True,True,13.5,temp,sine,temp,20260824135420,sine:temp:temp:20260824135420
2026-08-24 03:05:00+00:00,0.0,0.0,0.0,0.0,29.064999999999998,0.0,0.4606951501417414,True,0.06763596070225862,True,,False,0.31760670454188333,0.3681031334830834,0.1553279460299,True,True,True,0.031546549479166665,0.26898209635416664,0.29914095052083334,0.337291015625,0.37827018229166665,0.3752373046875,0.3725621744791667,0.21202864583333333,True,True,True,True,True,True,True,True,13.5,temp,sine,temp,20260824135420,sine:temp:temp:20260824135420
2026-08-24 03:10:00+00:00,0.0,0.0,0.0,0.0,29.24,0.0,0.46375330827635597,True,0.07021680360354238,True,,False,0.31725958803025,0.36818399521666667,0.15530930981925,True,True,True,0.031517578125,0.2685224609375,0.2986943359375,0.33669042968749996,0.37797070312500003,0.37496289062500004,0.37235546875000003,0.2118623046875,True,True,True,True,True,True,True,True,13.5,temp,sine,temp,20260824135420,sine:temp:temp:20260824135420
2026-08-24 03:15:00+00:00,0.0,0.0,0.0,0.0,28.9,0.0,0.4654751647535932,True,0.06565002769776271,True,,False,0.3177777219847833,0.36887112197056665,0.15553094187408334,True,True,True,0.03147981770833334,0.2682581380208333,0.2983763020833334,0.33639160156250003,0.37770670572916665,0.37470670572916664,0.37210709635416667,0.21173795572916668,True,True,True,True,True,True,True,True,13.5,temp,sine,temp,20260824135420,sine:temp:temp:20260824135420
2026-08-24 03:20:00+00:00,0.0,0.0,0.0,0.0,29.17,0.0,0.4665416642479311,True,0.058378338248034484,True,,False,0.31636071109975,0.3681332829994333,0.15545411036943332,True,True,True,0.03151725260416667,0.2686643880208333,0.29869270833333333,0.33680045572916667,0.3778987630208333,0.3748649088541667,0.37216406249999995,0.2117913411458333,True,True,True,True,True,True,True,True,13.5,temp,sine,temp,20260824135420,sine:temp:temp:20260824135420
2026-08-24 03:25:00+00:00,0.0,0.0,0.0,0.0,29.119999999999997,0.0,0.4677813766010862,True,0.052984130544758624,True,,False,0.31498711183248335,0.36753663166233336,0.15581935340921668,True,True,True,0.0315380859375,0.26888476562499997,0.29892350260416667,0.33703287760416667,0.3779384765625,0.37489192708333335,0.37204361979166667,0.21175,True,True,True,True,True,True,True,True,13.5,temp,sine,temp,20260824135420,sine:temp:temp:20260824135420
2026-08-24 03:30:00+00:00,0.0,0.0,0.0,0.0,28.98,0.0,0.46806782643118333,True,0.0438346580566,True,,False,0.31548879267383334,0.36830945980921664,0.15559474856566666,True,True,True,0.03151399739583333,0.26867838541666667,0.29876627604166667,0.33675716145833334,0.3778020833333333,0.3747265625,0.3720738932291667,0.21169563802083333,True,True,True,True,True,True,True,True,13.5,temp,sine,temp,20260824135420,sine:temp:temp:20260824135420
2026-08-24 03:35:00+00:00,0.0,0.0,0.0,0.0,29.165,0.0,0.46797431329401756,True,0.03450337680077193,True,,False,0.3142354355932,0.36785189028066667,0.1559712119008833,True,True,True,0.031525390625000003,0.2686845703125,0.2988199869791667,0.3368177083333333,0.37789355468749997,0.3747666015625,0.37211393229166667,0.21176041666666665,True,True,True,True,True,True,True,True,13.5,temp,sine,temp,20260824135420,sine:temp:temp:20260824135420
2026-08-24 03:40:00+00:00,0.0,0.0,0.0,0.0,28.9,0.0,0.46968201420713795,True,0.035615296447827585,True,,False,0.31221152331568336,0.3677734898685333,0.15670890531025,True,True,True,0.03157356770833333,0.2691064453125,0.29937174479166667,0.337328125,0.37862662760416665,0.37555859375,0.37287337239583335,0.21220735677083333,True,True,True,True,True,True,True,True,13.5,temp,sine,temp,20260824135420,sine:temp:temp:20260824135420
2026-08-24 03:45:00+00:00,0.0,0.0,0.0,0.0,28.965,0.0,0.4728265276841833,True,0.043730266276149996,True,,False,0.3089100010778,0.36701828156710004,0.1577906030134,True,True,True,0.031709309895833336,0.270373046875,0.3008193359375,0.3389072265625,0.3800201822916666,0.37688639322916667,0.374087890625,0.21292382812500002,True,True,True,True,True,True,True,True,13.5,temp,sine,temp,20260824135420,sine:temp:temp:20260824135420
2026-08-24 03:50:00+00:00,0.0,0.0,0.0,0.0,29.16,0.0,0.4763707420751724,True,0.05247551131536207,True,,False,0.3084704391425167,0.36705547340565003,0.1581119617242,True,True,True,0.03169986979166667,0.2703154296875,0.3006901041666667,0.33883463541666664,0.3801708984375,0.3769599609375,0.3741712239583333,0.21296809895833332,True,True,True,True,True,True,True,True,13.5,temp,sine,temp,20260824135420,sine:temp:temp:20260824135420
2026-08-24 03:55:00+00:00,0.0,0.0,0.0,0.0,28.915,0.0,0.47895009382642106,True,0.05507809406359649,True,,False,0.3083833236668333,0.36719164233355,0.15807444697431666,True,True,True,0.03169694010416667,0.2702981770833333,0.3006640625,0.33886458333333336,0.3801634114583334,0.376919921875,0.37414029947916666,0.21298795572916665,True,True,True,True,True,True,True,True,13.5,temp,sine,temp,20260824135420,sine:temp:temp:20260824135420
2026-08-24 04:00:00+00:00,0.0,0.0,0.0,0.0,29.09,0.0,0.4811793677944655,True,0.05552470046601724,True,,False,0.30668243276914997,0.36666014524698337,0.15865974677505,True,True,True,0.03173502604166666,0.27073177083333333,0.30115494791666664,0.33936393229166667,0.3805849609375,0.3773688151041667,0.3745315755208333,0.21320605468749998,True,True,True,True,True,True,True,True,13.5,temp,sine,temp,20260824135420,sine:temp:temp:20260824135420
2026-08-24 04:05:00+00:00,0.0,0.0,0.0,0.0,28.855,0.0,0.4841012155533898,True,0.058967810004050845,True,,False,0.30461514836878334,0.36607729331718336,0.15923926601661667,True,True,True,0.03179296875,0.27127864583333333,0.30178548177083336,0.3401057942708333,0.3816643880208333,0.37831152343749996,0.3754661458333333,0.2137509765625,True,True,True,True,True,True,True,True,13.5,temp,sine,temp,20260824135420,sine:temp:temp:20260824135420
2026-08-24 04:10:00+00:00,0.0,0.0,0.0,0.0,28.77,0.0,0.4873491620567,True,0.06340334697561667,True,,False,0.3028081971392,0.3664463730158667,0.1599013018806,True,True,True,0.03186555989583333,0.27181640625000003,0.3024150390625,0.3408147786458333,0.38253059895833336,0.3790927734375,0.3761891276041667,0.21426334635416666,True,True,True,True,True,True,True,True,13.5,temp,sine,temp,20260824135420,sine:temp:temp:20260824135420
2026-08-24 04:15:00+00:00,0.0,0.0,0.0,0.0,28.869999999999997,0.0,0.49080820128606895,True,0.06781208385901724,True,,False,0.3018732081289,0.36592008740244997,0.16038987748091668,True,True,True,0.031880859375,0.2719791666666667,0.3026145833333333,0.34109212239583336,0.3827630208333333,0.379380859375,0.37642513020833335,0.214427734375,True,True,True,True,True,True,True,True,13.5,temp,sine,temp,20260824135420,sine:temp:temp:20260824135420
2026-08-24 04:20:00+00:00,0.0,0.0,0.0,0.0,28.86,0.0,0.49325321679489476,True,0.06663201204842105,True,,False,0.3013643111011,0.3658770701529,0.16020548978409999,True,True,True,0.031897786458333334,0.2721181640625,0.3027867838541667,0.34123372395833335,0.3827184244791667,0.379291015625,0.3763802083333333,0.2144111328125,True,True,True,True,True,True,True,True,13.5,temp,sine,temp,20260824135420,sine:temp:temp:20260824135420
2026-08-24 04:25:00+00:00,0.0,0.0,0.0,0.0,28.925,0.0,0.4946134490826102,True,0.0604272013998305,True,,False,0.3012455827407334,0.36584328619778334,0.16047368303731666,True,True,True,0.03186881510416666,0.27184472656249997,0.3025296223958333,0.3408512369791667,0.3825009765625,0.3791083984375,0.3761123046875,0.2142685546875,True,True,True,True,True,True,True,True,13.5,temp,sine,temp,20260824135420,sine:temp:temp:20260824135420
2026-08-24 04:30:00+00:00,0.0,0.0,0.0,0.0,28.81,0.0,0.49592510817938984,True,0.05497454496657627,True,,False,0.29922263043975,0.36585964603033333,0.16105371873958332,True,True,True,0.03192805989583333,0.27234505208333337,0.3031461588541667,0.3414270833333333,0.3830696614583333,0.3796656901041667,0.3766298828125,0.2146171875,True,True,True,True,True,True,True,True,13.5,temp,sine,temp,20260824135420,sine:temp:temp:20260824135420
2026-08-24 04:35:00+00:00,0.0,0.0,0.0,0.0,29.055,0.0,0.49854153806032203,True,0.05631655863676271,True,,False,0.29783473225025,0.3653755605038167,0.16161250031031665,True,True,True,0.03197005208333333,0.27281152343750004,0.303646484375,0.34189062499999995,0.38338313802083335,0.3799762369791667,0.3769130859375,0.21476953125,True,True,True,True,True,True,True,True,13.5,temp,sine,temp,20260824135420,sine:temp:temp:20260824135420
2026-08-24 04:40:00+00:00,0.0,0.0,0.0,0.0,29.07,0.0,0.5005487732828704,True,0.0545541635837037,True,,False,0.2979368869131333,0.3652648439946166,0.16181951895558333,True,True,True,0.03197721354166667,0.2728024088541667,0.303654296875,0.3418997395833333,0.3832786458333333,0.37988313802083334,0.37683723958333337,0.21473763020833334,True,True,True,True,True,True,True,True,13.5,temp,sine,temp,20260824135420,sine:temp:temp:20260824135420
2026-08-24 04:45:00+00:00,0.0,0.0,0.0,0.0,29.165,0.0,0.50215499969975,True,0.05126082866123333,True,,False,0.2971942493771833,0.3653893719150833,0.16194356150699998,True,True,True,0.0319765625,0.272892578125,0.30373372395833337,0.341994140625,0.3835882161458333,0.38015592447916663,0.37708658854166666,0.21484700520833336,True,True,True,True,True,True,True,True,13.5,temp,sine,temp,20260824135420,sine:temp:temp:20260824135420
2026-08-24 04:50:00+00:00,0.0,0.0,0.0,0.0,29.15,0.0,0.5035440361493518,True,0.047565461949759254,True,,False,0.2965384237929166,0.36591070234073336,0.16225752670575,True,True,True,0.03200520833333333,0.27316015625,0.30405598958333335,0.3423968098958333,0.384033203125,0.380568359375,0.3774918619791666,0.21510091145833332,True,True,True,True,True,True,True,True,13.5,temp,sine,temp,20260824135420,sine:temp:temp:20260824135420
2026-08-24 04:55:00+00:00,0.0,0.0,0.0,0.0,29.175,0.0,0.5045684205585425,True,0.0427995471940339,True,,False,0.29650362782498335,0.3654723673064,0.1624096666666167,True,True,True,0.03201171875,0.2730934244791667,0.30391015625,0.34226399739583335,0.3838912760416667,0.38043489583333334,0.37731412760416666,0.21499609375,True,True,True,True,True,True,True,True,13.5,temp,sine,temp,20260824135420,sine:temp:temp:20260824135420
2026-08-24 05:00:00+00:00,0.0,0.0,0.0,0.0,29.15,0.0,0.5050566544628545,True,0.03653908782109091,True,,False,0.2958636359330166,0.3654220299998833,0.16242785779655,True,True,True,0.03199055989583333,0.27289518229166665,0.3037174479166667,0.34208528645833336,0.38350651041666667,0.3800319010416667,0.37698079427083336,0.21482356770833333,True,True,True,True,True,True,True,True,13.5,temp,sine,temp,20260824135420,sine:temp:temp:20260824135420
2026-08-24 05:05:00+00:00,0.0,0.0,0.0,0.0,29.12,0.0,0.5061052467985517,True,0.03379989357817242,True,,False,0.2938204027152,0.36489505107085,0.16297421795708333,True,True,True,0.032076822916666664,0.2736529947916667,0.30453776041666664,0.34315299479166667,0.3849967447916667,0.3815439453125,0.37822135416666663,0.21553548177083334,True,True,True,True,True,True,True,True,13.5,temp,sine,temp,20260824135420,sine:temp:temp:20260824135420
2026-08-24 05:10:00+00:00,0.0,0.0,0.0,0.0,29.14,0.0,0.5084464731997587,True,0.037477301810224135,True,,False,0.2924222055563,0.36411861426846664,0.1636493010734,True,True,True,0.03210221354166667,0.27388802083333336,0.30489322916666667,0.3434664713541667,0.3855576171875,0.38208528645833334,0.3787054036458333,0.215861328125,True,True,True,True,True,True,True,True,13.5,temp,sine,temp,20260824135420,sine:temp:temp:20260824135420
2026-08-24 05:15:00+00:00,0.0,0.0,0.0,0.0,28.735,0.0,0.51020685027435,True,0.037944006100000004,True,,False,0.29228137717351665,0.36440510572275003,0.16352262801776665,True,True,True,0.03206282552083333,0.2736643880208333,0.30462890625,0.34324283854166665,0.3849524739583333,0.381373046875,0.37812662760416665,0.2155751953125,True,True,True,True,True,True,True,True,13.5,temp,sine,temp,20260824135420,sine:temp:temp:20260824135420
2026-08-24 05:20:00+00:00,0.0,0.0,0.0,0.0,28.62,0.0,0.5116600340276379,True,0.03716995950384483,True,,False,0.29159010992878337,0.3646595964391667,0.1639510157656,True,True,True,0.03210677083333333,0.2740836588541667,0.30502766927083336,0.3436923828125,0.38534375,0.38180761718749995,0.3785328776041667,0.21581770833333333,True,True,True,True,True,True,True,True,13.5,temp,sine,temp,20260824135420,sine:temp:temp:20260824135420
2026-08-24 05:25:00+00:00,0.0,0.0,0.0,0.0,28.695,0.0,0.512883935581017,True,0.035338174090203386,True,,False,0.29099796689285,0.36448841071625,0.16407467397978334,True,True,True,0.03211458333333333,0.2742561848958333,0.3052145182291667,0.34384537760416667,0.3858587239583333,0.3822545572916667,0.37903287760416665,0.21600227864583335,True,True,True,True,True,True,True,True,13.5,temp,sine,temp,20260824135420,sine:temp:temp:20260824135420
2026-08-24 05:30:00+00:00,0.0,0.0,0.0,0.0,28.63,0.0,0.5146112964241379,True,0.036241376282603446,True,,False,0.28968638344156666,0.36392599723758334,0.16452925769381668,True,True,True,0.03219173177083333,0.2749231770833333,0.3058147786458333,0.3445615234375,0.3864788411458333,0.382833984375,0.37949055989583336,0.2163203125,True,True,True,True,True,True,True,True,13.5,temp,sine,temp,20260824135420,sine:temp:temp:20260824135420
2026-08-24 05:35:00+00:00,0.0,0.0,0.0,0.0,28.805,0.0,0.516558014883,True,0.037931251848051725,True,,False,0.28914421785428335,0.36327203435805,0.16494527345698332,True,True,True,0.0321943359375,0.27498470052083335,0.3059176432291667,0.3446865234375,0.386634765625,0.3829166666666667,0.379671875,0.21643880208333333,True,True,True,True,True,True,True,True,13.5,temp,sine,temp,20260824135420,sine:temp:temp:20260824135420
2026-08-24 05:40:00+00:00,0.0,0.0,0.0,0.0,28.97,0.0,0.5182238764843966,True,0.038032943816741376,True,,False,0.2888598613548667,0.36376945400865,0.16489829699234998,True,True,True,0.032198893229166664,0.2750348307291667,0.306033203125,0.34468684895833335,0.3867298177083333,0.38308984375,0.3797815755208333,0.2164710286458333,True,True,True,True,True,True,True,True,13.5,temp,sine,temp,20260824135420,sine:temp:temp:20260824135420
2026-08-24 05:45:00+00:00,0.0,0.0,0.0,0.0,28.915,0.0,0.5189970053683448,True,0.03402910073563793,True,,False,0.2889929629209833,0.36445923986234996,0.16484098253381668,True,True,True,0.03219954427083333,0.27486816406250003,0.30597233072916663,0.34450846354166664,0.38621875,0.3826822916666667,0.3794567057291667,0.21631575520833335,True,True,True,True,True,True,True,True,13.5,temp,sine,temp,20260824135420,sine:temp:temp:20260824135420
2026-08-24 05:50:00+00:00,0.0,0.0,0.0,0.0,29.01,0.0,0.5190924881259122,True,0.027927135912701757,True,,False,0.2885549031169,0.3636367181947,0.16496713826935,True,True,True,0.03220540364583333,0.27497363281250004,0.3061324869791667,0.3445611979166667,0.38635546875,0.3827041015625,0.3794345703125,0.21637337239583332,True,True,True,True,True,True,True,True,13.5,temp,sine,temp,20260824135420,sine:temp:temp:20260824135420
2026-08-24 05:55:00+00:00,0.0,0.0,0.0,0.0,29.265,0.0,0.5198335935750517,True,0.02552998441824138,True,,False,0.28771069582483333,0.3633298067899,0.16538470764086668,True,True,True,0.03223046875,0.2752109375,0.30633235677083337,0.3446595052083333,0.3863561197916667,0.38278515625,0.37953515625,0.21639973958333333,True,True,True,True,True,True,True,True,13.5,temp,sine,temp,20260824135420,sine:temp:temp:20260824135420
2026-08-24 06:00:00+00:00,0.0,0.0,0.0,0.0,29.55,0.0,0.5210696464287369,True,0.02575512333282456,True,,False,0.2866387302355333,0.3631673212796,0.16553540962638333,True,True,True,0.0322705078125,0.27559309895833334,0.30678320312499996,0.3451214192708333,0.3867939453125,0.3831923828125,0.3799228515625,0.21667350260416668,True,True,True,True,True,True,True,True,13.5,temp,sine,temp,20260824135420,sine:temp:temp:20260824135420
2026-08-24 06:05:00+00:00,0.0,0.0,0.0,0.0,29.34,0.0,0.5220751265868305,True,0.025017483350983048,True,,False,0.2860249965663,0.36333532771508337,0.16575330836831667,True,True,True,0.03226497395833333,0.27543359375,0.3066227213541667,0.3450016276041667,0.38688802083333335,0.383302734375,0.3799453125,0.216716796875,True,True,True,True,True,True,True,True,13.5,temp,sine,temp,20260824135420,sine:temp:temp:20260824135420
2026-08-24 06:10:00+00:00,0.0,0.0,0.0,0.0,29.42,0.0,0.5233889131040509,True,0.025832868329050847,True,,False,0.28554720665713335,0.3630054298929167,0.16610714480855,True,True,True,0.03228092447916667,0.2755817057291667,0.3068935546875,0.34528841145833333,0.3870345052083334,0.38350455729166666,0.3801204427083333,0.216849609375,True,True,True,True,True,True,True,True,13.5,temp,sine,temp,20260824135420,sine:temp:temp:20260824135420
2026-08-24 06:15:00+00:00,0.0,0.0,0.0,0.0,29.235,0.0,0.5246990142097119,True,0.026597714278050848,True,,False,0.28429248467216667,0.3627582194601834,0.16637904461583333,True,True,True,0.032296874999999996,0.27573111979166665,0.3070211588541667,0.34539518229166666,0.38733528645833337,0.38377571614583333,0.3803675130208333,0.21690950520833333,True,True,True,True,True,True,True,True,13.5,temp,sine,temp,20260824135420,sine:temp:temp:20260824135420
2026-08-24 06:20:00+00:00,0.0,0.0,0.0,0.0,29.06,0.0,0.5261793252848104,True,0.027837370640827586,True,,False,0.28387879314425,0.36260398412365,0.16636480691388333,True,True,True,0.032317382812499997,0.27587630208333336,0.30729459635416667,0.34565950520833333,0.3875830078125,0.38397623697916666,0.3805475260416667,0.21708268229166666,True,True,True,True,True,True,True,True,13.5,temp,sine,temp,20260824135420,sine:temp:temp:20260824135420
2026-08-24 06:25:00+00:00,0.0,0.0,0.0,0.0,29.25,0.0,0.5272552148449825,True,0.027362089016614036,True,,False,0.28284587776468334,0.3619207259302167,0.16667571282666666,True,True,True,0.03233040364583333,0.2759527994791667,0.30738509114583334,0.34576953125000004,0.387890625,0.38424902343749995,0.38084309895833335,0.21727506510416666,True,True,True,True,True,True,True,True,13.5,temp,sine,temp,20260824135420,sine:temp:temp:20260824135420
2026-08-24 06:30:00+00:00,0.0,0.0,0.0,0.0,28.99,0.0,0.5287929685801579,True,0.028782540485894736,True,,False,0.2826456087778167,0.36203891456930004,0.16696322424788335,True,True,True,0.03232747395833333,0.27587923177083334,0.3074072265625,0.3458486328125,0.38781998697916664,0.38417545572916667,0.38076562500000005,0.21730598958333333,True,True,True,True,True,True,True,True,13.5,temp,sine,temp,20260824135420,sine:temp:temp:20260824135420
2026-08-24 06:35:00+00:00,0.0,0.0,0.0,0.0,29.095,0.0,0.5303305686630689,True,0.02994297317612069,True,,False,0.2821416987950667,0.3621233607898834,0.16722956061529998,True,True,True,0.032338216145833334,0.2759619140625,0.30750716145833334,0.3459186197916667,0.3877740885416667,0.38418880208333334,0.38076334635416664,0.21726269531249998,True,True,True,True,True,True,True,True,13.5,temp,sine,temp,20260824135420,sine:temp:temp:20260824135420
2026-08-24 06:40:00+00:00,0.0,0.0,0.0,0.0,29.15,0.0,0.5316312172383334,True,0.029960070090157893,True,,False,0.2815334295029833,0.36220119847676663,0.16755217001945003,True,True,True,0.03235123697916667,0.276123046875,0.3076881510416667,0.34614420572916665,0.38821972656250003,0.3845690104166667,0.3810712890625,0.21747167968749997,True,True,True,True,True,True,True,True,13.5,temp,sine,temp,20260824135420,sine:temp:temp:20260824135420
2026-08-24 06:45:00+00:00,0.0,0.0,0.0,0.0,28.92,0.0,0.5329723516471208,True,0.03006218163784483,True,,False,0.28071762991373334,0.3617490768051,0.16758871867008332,True,True,True,0.032370768229166666,0.2762672526041667,0.30775488281249996,0.3462073567708333,0.3882682291666667,0.3847145182291667,0.3811787109375,0.21752701822916667,True,True,True,True,True,True,True,True,13.5,temp,sine,temp,20260824135420,sine:temp:temp:20260824135420
2026-08-24 06:50:00+00:00,0.0,0.0,0.0,0.0,29.1,0.0,0.5337647799452456,True,0.027698200014263156,True,,False,0.2806705814139833,0.3618451212329167,0.16743487267823334,True,True,True,0.0323759765625,0.2762444661458333,0.3077750651041667,0.346205078125,0.3880960286458333,0.38447005208333335,0.3809358723958333,0.21740397135416664,True,True,True,True,True,True,True,True,13.5,temp,sine,temp,20260824135420,sine:temp:temp:20260824135420
2026-08-24 06:55:00+00:00,0.0,0.0,0.0,0.0,29.145,0.0,0.5345041514301356,True,0.025544606333135593,True,,False,0.28010700483685,0.3614824423467667,0.16797653096288334,True,True,True,0.03238997395833333,0.2763779296875,0.30799674479166667,0.3463876953125,0.3884557291666667,0.3848186848958333,0.3812981770833333,0.21764518229166666,True,True,True,True,True,True,True,True,13.5,temp,sine,temp,20260824135420,sine:temp:temp:20260824135420
2026-08-24 07:00:00+00:00,0.0,0.0,0.0,0.0,29.41,0.0,0.5354526974101896,True,0.02460710178341379,True,,False,0.27942441487201664,0.36156038022405,0.1680175573894667,True,True,True,0.03239029947916667,0.27641861979166665,0.3080416666666667,0.34639713541666667,0.38838313802083335,0.3848069661458334,0.38131217447916665,0.21762825520833334,True,True,True,True,True,True,True,True,13.5,temp,sine,temp,20260824135420,sine:temp:temp:20260824135420
2026-08-24 07:05:00+00:00,0.0,0.0,0.0,0.0,29.060000000000002,0.0,0.5365030577166896,True,0.024288157631448277,True,,False,0.27858296408640004,0.3610629609617167,0.16846375017328336,True,True,True,0.032434244791666664,0.2768649088541667,0.30848860677083334,0.34695735677083334,0.38902734375,0.3853746744791666,0.38178059895833333,0.21794075520833334,True,True,True,True,True,True,True,True,13.5,temp,sine,temp,20260824135420,sine:temp:temp:20260824135420
2026-08-24 07:10:00+00:00,0.0,0.0,0.0,0.0,29.35,0.0,0.538197646440678,True,0.026806264032271186,True,,False,0.2778438290031667,0.36109409062173337,0.16870431716498333,True,True,True,0.03245345052083334,0.2769928385416666,0.308783203125,0.34714973958333334,0.389255859375,0.38559635416666665,0.3819557291666667,0.21803645833333332,True,True,True,True,True,True,True,True,13.5,temp,sine,temp,20260824135420,sine:temp:temp:20260824135420
2026-08-24 07:15:00+00:00,0.0,0.0,0.0,0.0,29.185000000000002,0.0,0.5396020905334444,True,0.027699695720833334,True,,False,0.2776961160585667,0.36134292098776666,0.16886547000705,True,True,True,0.03247135416666667,0.27707552083333337,0.3088063151041667,0.34727376302083335,0.3895071614583333,0.38589615885416667,0.38232161458333336,0.21821614583333335,True,True,True,True,True,True,True,True,13.5,temp,sine,temp,20260824135420,sine:temp:temp:20260824135420
2026-08-24 07:20:00+00:00,0.0,0.0,0.0,0.0,29.06,0.0,0.540944526741,True,0.028118820333857143,True,,False,0.27725746731945,0.36127324666625,0.16915272792081665,True,True,True,0.03247135416666667,0.2772161458333333,0.3089482421875,0.3474231770833333,0.38960253906250003,0.3859248046875,0.38234830729166663,0.2182366536458333,True,True,True,True,True,True,True,True,13.5,temp,sine,temp,20260824135420,sine:temp:temp:20260824135420
2026-08-24 07:25:00+00:00,0.0,0.0,0.0,0.0,29.045,0.0,0.5418067169771864,True,0.026416319653457625,True,,False,0.2771383682352833,0.36129517862378335,0.16910233450963333,True,True,True,0.03245638020833334,0.2771168619791667,0.30881412760416665,0.34740527343750005,0.38949218750000003,0.38578125,0.38231738281250005,0.21824088541666667,True,True,True,True,True,True,True,True,13.5,temp,sine,temp,20260824135420,sine:temp:temp:20260824135420
2026-08-24 07:30:00+00:00,0.0,0.0,0.0,0.0,29.045,0.0,0.5418067169771864,False,0.026416319653457625,False,,False,0.2771383682352833,0.36129517862378335,0.16910233450963333,False,False,False,0.03245638020833334,0.2771168619791667,0.30881412760416665,0.34740527343750005,0.38949218750000003,0.38578125,0.38231738281250005,0.21824088541666667,False,False,False,False,False,False,False,False,13.5,temp,sine,temp,20260824135420,sine:temp:temp:20260824135420
