run_key,modality,input_type,condition,run_id,rows,filename,path
mackey_glass:chem:glucose:20260901143358,mackey_glass,chem,glucose,20260901143358,73,mackey_glass__chem__glucose__20260901143358.csv,D:\omnibio\pioreactor\models\ltc\artifacts\dataset\runs\mackey_glass__chem__glucose__20260901143358.csv
mackey_glass:chem:nitro:20260901224037,mackey_glass,chem,nitro,20260901224037,73,mackey_glass__chem__nitro__20260901224037.csv,D:\omnibio\pioreactor\models\ltc\artifacts\dataset\runs\mackey_glass__chem__nitro__20260901224037.csv
mackey_glass:chem:salt:20260901143936,mackey_glass,chem,salt,20260901143936,74,mackey_glass__chem__salt__20260901143936.csv,D:\omnibio\pioreactor\models\ltc\artifacts\dataset\runs\mackey_glass__chem__salt__20260901143936.csv
mackey_glass:chem:sulfur:20260902080307,mackey_glass,chem,sulfur,20260902080307,72,mackey_glass__chem__sulfur__20260902080307.csv,D:\omnibio\pioreactor\models\ltc\artifacts\dataset\runs\mackey_glass__chem__sulfur__20260902080307.csv
mackey_glass:temp:temp:20260831100538,mackey_glass,temp,temp,20260831100538,273,mackey_glass__temp__temp__20260831100538.csv,D:\omnibio\pioreactor\models\ltc\artifacts\dataset\runs\mackey_glass__temp__temp__20260831100538.csv
mackey_glass:uv:uv:20260831095938,mackey_glass,uv,uv,20260831095938,98,mackey_glass__uv__uv__20260831095938.csv,D:\omnibio\pioreactor\models\ltc\artifacts\dataset\runs\mackey_glass__uv__uv__20260831095938.csv
pulse:chem:control:20260705115653,pulse,chem,control,20260705115653,98,pulse__chem__control__20260705115653.csv,D:\omnibio\pioreactor\models\ltc\artifacts\dataset\runs\pulse__chem__control__20260705115653.csv
pulse:chem:glucose:20260709215429,pulse,chem,glucose,20260709215429,146,pulse__chem__glucose__20260709215429.csv,D:\omnibio\pioreactor\models\ltc\artifacts\dataset\runs\pulse__chem__glucose__20260709215429.csv
pulse:chem:glucose:20260902182036,pulse,chem,glucose,20260902182036,108,pulse__chem__glucose__20260902182036.csv,D:\omnibio\pioreactor\models\ltc\artifacts\dataset\runs\pulse__chem__glucose__20260902182036.csv
pulse:chem:glucose:20260903094345,pulse,chem,glucose,20260903094345,122,pulse__chem__glucose__20260903094345.csv,D:\omnibio\pioreactor\models\ltc\artifacts\dataset\runs\pulse__chem__glucose__20260903094345.csv
pulse:chem:nitrogen:20260703122850,pulse,chem,nitrogen,20260703122850,141,pulse__chem__nitrogen__20260703122850.csv,D:\omnibio\pioreactor\models\ltc\artifacts\dataset\runs\pulse__chem__nitrogen__20260703122850.csv
pulse:chem:nitrogen:20260804092944,pulse,chem,nitrogen,20260804092944,110,pulse__chem__nitrogen__20260804092944.csv,D:\omnibio\pioreactor\models\ltc\artifacts\dataset\runs\pulse__chem__nitrogen__20260804092944.csv
pulse:chem:nitrogen:20260805104326,pulse,chem,nitrogen,20260805104326,110,pulse__chem__nitrogen__20260805104326.csv,D:\omnibio\pioreactor\models\ltc\artifacts\dataset\runs\pulse__chem__nitrogen__20260805104326.csv
pulse:chem:nitrogen:20260805225017,pulse,chem,nitrogen,20260805225017,110,pulse__chem__nitrogen__20260805225017.csv,D:\omnibio\pioreactor\models\ltc\artifacts\dataset\runs\pulse__chem__nitrogen__20260805225017.csv
pulse:chem:nitrogen:20260806102506,pulse,chem,nitrogen,20260806102506,110,pulse__chem__nitrogen__20260806102506.csv,D:\omnibio\pioreactor\models\ltc\artifacts\dataset\runs\pulse__chem__nitrogen__20260806102506.csv
pulse:chem:salt:20260715130728,pulse,chem,salt,20260715130728,135,pulse__chem__salt__20260715130728.csv,D:\omnibio\pioreactor\models\ltc\artifacts\dataset\runs\pulse__chem__salt__20260715130728.csv
pulse:chem:salt:20260814171607,pulse,chem,salt,20260814171607,110,pulse__chem__salt__20260814171607.csv,D:\omnibio\pioreactor\models\ltc\artifacts\dataset\runs\pulse__chem__salt__20260814171607.csv
pulse:chem:salt:20260818140329,pulse,chem,salt,20260818140329,124,pulse__chem__salt__20260818140329.csv,D:\omnibio\pioreactor\models\ltc\artifacts\dataset\runs\pulse__chem__salt__20260818140329.csv
pulse:chem:salt:20260818140611,pulse,chem,salt,20260818140611,123,pulse__chem__salt__20260818140611.csv,D:\omnibio\pioreactor\models\ltc\artifacts\dataset\runs\pulse__chem__salt__20260818140611.csv
pulse:chem:salt:20260818141033,pulse,chem,salt,20260818141033,110,pulse__chem__salt__20260818141033.csv,D:\omnibio\pioreactor\models\ltc\artifacts\dataset\runs\pulse__chem__salt__20260818141033.csv
pulse:chem:sulfur:20260703114147,pulse,chem,sulfur,20260703114147,124,pulse__chem__sulfur__20260703114147.csv,D:\omnibio\pioreactor\models\ltc\artifacts\dataset\runs\pulse__chem__sulfur__20260703114147.csv
pulse:chem:sulfur:20260812151220,pulse,chem,sulfur,20260812151220,123,pulse__chem__sulfur__20260812151220.csv,D:\omnibio\pioreactor\models\ltc\artifacts\dataset\runs\pulse__chem__sulfur__20260812151220.csv
pulse:chem:sulfur:20260813211237,pulse,chem,sulfur,20260813211237,111,pulse__chem__sulfur__20260813211237.csv,D:\omnibio\pioreactor\models\ltc\artifacts\dataset\runs\pulse__chem__sulfur__20260813211237.csv
pulse:chem:sulfur:20260813212104,pulse,chem,sulfur,20260813212104,111,pulse__chem__sulfur__20260813212104.csv,D:\omnibio\pioreactor\models\ltc\artifacts\dataset\runs\pulse__chem__sulfur__20260813212104.csv
pulse:chem:sulfur:20260814100658,pulse,chem,sulfur,20260814100658,111,pulse__chem__sulfur__20260814100658.csv,D:\omnibio\pioreactor\models\ltc\artifacts\dataset\runs\pulse__chem__sulfur__20260814100658.csv
pulse:chem:uracil:20260715124827,pulse,chem,uracil,20260715124827,127,pulse__chem__uracil__20260715124827.csv,D:\omnibio\pioreactor\models\ltc\artifacts\dataset\runs\pulse__chem__uracil__20260715124827.csv
sine:chem:glucose:20260823121413,sine,chem,glucose,20260823121413,138,sine__chem__glucose__20260823121413.csv,D:\omnibio\pioreactor\models\ltc\artifacts\dataset\runs\sine__chem__glucose__20260823121413.csv
sine:chem:nitro:20260823121923,sine,chem,nitro,20260823121923,146,sine__chem__nitro__20260823121923.csv,D:\omnibio\pioreactor\models\ltc\artifacts\dataset\runs\sine__chem__nitro__20260823121923.csv
sine:chem:salt:20260715130728,sine,chem,salt,20260715130728,135,sine__chem__salt__20260715130728.csv,D:\omnibio\pioreactor\models\ltc\artifacts\dataset\runs\sine__chem__salt__20260715130728.csv
sine:chem:salt:20260823123217,sine,chem,salt,20260823123217,146,sine__chem__salt__20260823123217.csv,D:\omnibio\pioreactor\models\ltc\artifacts\dataset\runs\sine__chem__salt__20260823123217.csv
sine:chem:sulfur:20260824230954,sine,chem,sulfur,20260824230954,146,sine__chem__sulfur__20260824230954.csv,D:\omnibio\pioreactor\models\ltc\artifacts\dataset\runs\sine__chem__sulfur__20260824230954.csv
sine:temp:temp:20260824135420,sine,temp,temp,20260824135420,132,sine__temp__temp__20260824135420.csv,D:\omnibio\pioreactor\models\ltc\artifacts\dataset\runs\sine__temp__temp__20260824135420.csv
sine:uv:uv:20260820135220,sine,uv,uv,20260820135220,332,sine__uv__uv__20260820135220.csv,D:\omnibio\pioreactor\models\ltc\artifacts\dataset\runs\sine__uv__uv__20260820135220.csv
