experiment,pioreactor_unit,timestamp,event,volume_change_ml,source_of_event,timestamp_localtime,hours_since_experiment_created
Pulse experiments,pioreactor01,2026-07-08T13:05:08.444Z,add_alt_media,0.2016567083,UI,2026-07-08 18:50:08.444,218.724722222222
Pulse experiments,pioreactor01,2026-07-08T13:05:08.947Z,add_alt_media,0.2016567083,UI,2026-07-08 18:50:08.947,218.724722222222
Pulse experiments,pioreactor01,2026-07-08T13:05:09.448Z,add_alt_media,0.2016567083,UI,2026-07-08 18:50:09.448,218.725
Pulse experiments,pioreactor01,2026-07-08T13:05:09.948Z,add_alt_media,0.0950298751,UI,2026-07-08 18:50:09.948,218.725
Pulse experiments,pioreactor01,2026-07-08T13:05:30.078Z,remove_waste,0.0806626833,UI,2026-07-08 18:50:30.078,218.730833333333
Pulse experiments,pioreactor01,2026-07-08T13:05:30.582Z,remove_waste,0.0806626833,UI,2026-07-08 18:50:30.582,218.730833333333
Pulse experiments,pioreactor01,2026-07-08T13:05:31.083Z,remove_waste,0.0806626833,UI,2026-07-08 18:50:31.083,218.731111111111
Pulse experiments,pioreactor01,2026-07-08T13:05:31.584Z,remove_waste,0.0806626833,UI,2026-07-08 18:50:31.584,218.731111111111
Pulse experiments,pioreactor01,2026-07-08T13:05:32.085Z,remove_waste,0.0806626833,UI,2026-07-08 18:50:32.085,218.731388888889
Pulse experiments,pioreactor01,2026-07-08T13:05:32.586Z,remove_waste,0.0806626833,UI,2026-07-08 18:50:32.586,218.731388888889
Pulse experiments,pioreactor01,2026-07-08T13:05:33.088Z,remove_waste,0.0806626833,UI,2026-07-08 18:50:33.088,218.731666666667
Pulse experiments,pioreactor01,2026-07-08T13:05:33.589Z,remove_waste,0.0806626833,UI,2026-07-08 18:50:33.589,218.731666666667
Pulse experiments,pioreactor01,2026-07-08T13:05:34.089Z,remove_waste,0.0546985336,UI,2026-07-08 18:50:34.089,218.731944444444
Pulse experiments,pioreactor01,2026-07-08T14:08:55.844Z,add_media,0.0776751765,dosing_automation:chemostat,2026-07-08 19:53:55.844,219.787777777778
Pulse experiments,pioreactor01,2026-07-08T14:08:56.346Z,add_media,0.0776751765,dosing_automation:chemostat,2026-07-08 19:53:56.346,219.788055555556
Pulse experiments,pioreactor01,2026-07-08T14:08:56.847Z,add_media,0.0776751765,dosing_automation:chemostat,2026-07-08 19:53:56.847,219.788055555556
Pulse experiments,pioreactor01,2026-07-08T14:08:57.348Z,add_media,0.0776751765,dosing_automation:chemostat,2026-07-08 19:53:57.348,219.788333333333
Pulse experiments,pioreactor01,2026-07-08T14:08:57.848Z,add_media,0.0776751765,dosing_automation:chemostat,2026-07-08 19:53:57.848,219.788333333333
Pulse experiments,pioreactor01,2026-07-08T14:08:58.349Z,add_media,0.0776751765,dosing_automation:chemostat,2026-07-08 19:53:58.349,219.788611111111
Pulse experiments,pioreactor01,2026-07-08T14:08:58.849Z,add_media,0.033948941,dosing_automation:chemostat,2026-07-08 19:53:58.849,219.788611111111
Pulse experiments,pioreactor01,2026-07-08T14:09:04.167Z,remove_waste,0.0806626833,dosing_automation:chemostat,2026-07-08 19:54:04.167,219.790277777778
Pulse experiments,pioreactor01,2026-07-08T14:09:04.668Z,remove_waste,0.0806626833,dosing_automation:chemostat,2026-07-08 19:54:04.668,219.790277777778
Pulse experiments,pioreactor01,2026-07-08T14:09:05.169Z,remove_waste,0.0806626833,dosing_automation:chemostat,2026-07-08 19:54:05.169,219.790555555556
Pulse experiments,pioreactor01,2026-07-08T14:09:05.670Z,remove_waste,0.0806626833,dosing_automation:chemostat,2026-07-08 19:54:05.670,219.790555555556
Pulse experiments,pioreactor01,2026-07-08T14:09:06.171Z,remove_waste,0.0806626833,dosing_automation:chemostat,2026-07-08 19:54:06.171,219.790833333333
Pulse experiments,pioreactor01,2026-07-08T14:09:06.672Z,remove_waste,0.0806626833,dosing_automation:chemostat,2026-07-08 19:54:06.672,219.790833333333
Pulse experiments,pioreactor01,2026-07-08T14:09:07.172Z,remove_waste,0.0160239002,dosing_automation:chemostat,2026-07-08 19:54:07.172,219.791111111111
Pulse experiments,pioreactor01,2026-07-08T14:09:07.417Z,remove_waste,0.0806626833,dosing_automation:chemostat,2026-07-08 19:54:07.417,219.791111111111
Pulse experiments,pioreactor01,2026-07-08T14:09:07.918Z,remove_waste,0.0806626833,dosing_automation:chemostat,2026-07-08 19:54:07.918,219.791111111111
Pulse experiments,pioreactor01,2026-07-08T14:09:08.418Z,remove_waste,0.0806626833,dosing_automation:chemostat,2026-07-08 19:54:08.418,219.791388888889
Pulse experiments,pioreactor01,2026-07-08T14:09:08.919Z,remove_waste,0.0806626833,dosing_automation:chemostat,2026-07-08 19:54:08.919,219.791388888889
Pulse experiments,pioreactor01,2026-07-08T14:09:09.420Z,remove_waste,0.0806626833,dosing_automation:chemostat,2026-07-08 19:54:09.420,219.791666666667
Pulse experiments,pioreactor01,2026-07-08T14:09:09.921Z,remove_waste,0.0806626833,dosing_automation:chemostat,2026-07-08 19:54:09.921,219.791666666667
Pulse experiments,pioreactor01,2026-07-08T14:09:10.421Z,remove_waste,0.0806626833,dosing_automation:chemostat,2026-07-08 19:54:10.421,219.791944444444
Pulse experiments,pioreactor01,2026-07-08T14:09:10.922Z,remove_waste,0.0806626833,dosing_automation:chemostat,2026-07-08 19:54:10.922,219.791944444444
Pulse experiments,pioreactor01,2026-07-08T14:09:11.423Z,remove_waste,0.0806626833,dosing_automation:chemostat,2026-07-08 19:54:11.423,219.792222222222
Pulse experiments,pioreactor01,2026-07-08T14:09:11.924Z,remove_waste,0.0806626833,dosing_automation:chemostat,2026-07-08 19:54:11.924,219.792222222222
Pulse experiments,pioreactor01,2026-07-08T14:09:12.424Z,remove_waste,0.0806626833,dosing_automation:chemostat,2026-07-08 19:54:12.424,219.7925
Pulse experiments,pioreactor01,2026-07-08T14:09:12.925Z,remove_waste,0.0806626833,dosing_automation:chemostat,2026-07-08 19:54:12.925,219.7925
Pulse experiments,pioreactor01,2026-07-08T14:09:13.426Z,remove_waste,0.0320478004,dosing_automation:chemostat,2026-07-08 19:54:13.426,219.792777777778
Pulse experiments,pioreactor01,2026-07-08T15:08:55.678Z,add_media,0.0776751765,dosing_automation:chemostat,2026-07-08 20:53:55.678,220.787777777778
Pulse experiments,pioreactor01,2026-07-08T15:08:56.178Z,add_media,0.0776751765,dosing_automation:chemostat,2026-07-08 20:53:56.178,220.788055555556
Pulse experiments,pioreactor01,2026-07-08T15:08:56.679Z,add_media,0.0776751765,dosing_automation:chemostat,2026-07-08 20:53:56.679,220.788055555556
Pulse experiments,pioreactor01,2026-07-08T15:08:57.180Z,add_media,0.0776751765,dosing_automation:chemostat,2026-07-08 20:53:57.180,220.788333333333
Pulse experiments,pioreactor01,2026-07-08T15:08:57.684Z,add_media,0.0776751765,dosing_automation:chemostat,2026-07-08 20:53:57.684,220.788333333333
Pulse experiments,pioreactor01,2026-07-08T15:08:58.185Z,add_media,0.0776751765,dosing_automation:chemostat,2026-07-08 20:53:58.185,220.788611111111
Pulse experiments,pioreactor01,2026-07-08T15:08:58.686Z,add_media,0.033948941,dosing_automation:chemostat,2026-07-08 20:53:58.686,220.788611111111
Pulse experiments,pioreactor01,2026-07-08T15:09:03.996Z,remove_waste,0.0806626833,dosing_automation:chemostat,2026-07-08 20:54:03.996,220.79
Pulse experiments,pioreactor01,2026-07-08T15:09:04.496Z,remove_waste,0.0806626833,dosing_automation:chemostat,2026-07-08 20:54:04.496,220.790277777778
Pulse experiments,pioreactor01,2026-07-08T15:09:04.997Z,remove_waste,0.0806626833,dosing_automation:chemostat,2026-07-08 20:54:04.997,220.790277777778
Pulse experiments,pioreactor01,2026-07-08T15:09:05.498Z,remove_waste,0.0806626833,dosing_automation:chemostat,2026-07-08 20:54:05.498,220.790555555556
Pulse experiments,pioreactor01,2026-07-08T15:09:05.998Z,remove_waste,0.0806626833,dosing_automation:chemostat,2026-07-08 20:54:05.998,220.790555555556
Pulse experiments,pioreactor01,2026-07-08T15:09:06.502Z,remove_waste,0.0806626833,dosing_automation:chemostat,2026-07-08 20:54:06.502,220.790833333333
Pulse experiments,pioreactor01,2026-07-08T15:09:07.003Z,remove_waste,0.0160239002,dosing_automation:chemostat,2026-07-08 20:54:07.003,220.791111111111
Pulse experiments,pioreactor01,2026-07-08T15:09:07.270Z,remove_waste,0.0806626833,dosing_automation:chemostat,2026-07-08 20:54:07.270,220.791111111111
Pulse experiments,pioreactor01,2026-07-08T15:09:07.771Z,remove_waste,0.0806626833,dosing_automation:chemostat,2026-07-08 20:54:07.771,220.791111111111
Pulse experiments,pioreactor01,2026-07-08T15:09:08.271Z,remove_waste,0.0806626833,dosing_automation:chemostat,2026-07-08 20:54:08.271,220.791388888889
Pulse experiments,pioreactor01,2026-07-08T15:09:08.773Z,remove_waste,0.0806626833,dosing_automation:chemostat,2026-07-08 20:54:08.773,220.791388888889
Pulse experiments,pioreactor01,2026-07-08T15:09:09.275Z,remove_waste,0.0806626833,dosing_automation:chemostat,2026-07-08 20:54:09.275,220.791666666667
Pulse experiments,pioreactor01,2026-07-08T15:09:09.775Z,remove_waste,0.0806626833,dosing_automation:chemostat,2026-07-08 20:54:09.775,220.791666666667
Pulse experiments,pioreactor01,2026-07-08T15:09:10.276Z,remove_waste,0.0806626833,dosing_automation:chemostat,2026-07-08 20:54:10.276,220.791944444444
Pulse experiments,pioreactor01,2026-07-08T15:09:10.777Z,remove_waste,0.0806626833,dosing_automation:chemostat,2026-07-08 20:54:10.777,220.791944444444
Pulse experiments,pioreactor01,2026-07-08T15:09:11.277Z,remove_waste,0.0806626833,dosing_automation:chemostat,2026-07-08 20:54:11.277,220.792222222222
Pulse experiments,pioreactor01,2026-07-08T15:09:11.778Z,remove_waste,0.0806626833,dosing_automation:chemostat,2026-07-08 20:54:11.778,220.792222222222
Pulse experiments,pioreactor01,2026-07-08T15:09:12.278Z,remove_waste,0.0806626833,dosing_automation:chemostat,2026-07-08 20:54:12.278,220.7925
Pulse experiments,pioreactor01,2026-07-08T15:09:12.781Z,remove_waste,0.0806626833,dosing_automation:chemostat,2026-07-08 20:54:12.781,220.7925
Pulse experiments,pioreactor01,2026-07-08T15:09:13.281Z,remove_waste,0.0320478004,dosing_automation:chemostat,2026-07-08 20:54:13.281,220.792777777778
Pulse experiments,pioreactor01,2026-07-08T16:08:55.671Z,add_media,0.0776751765,dosing_automation:chemostat,2026-07-08 21:53:55.671,221.787777777778
Pulse experiments,pioreactor01,2026-07-08T16:08:56.172Z,add_media,0.0776751765,dosing_automation:chemostat,2026-07-08 21:53:56.172,221.788055555556
Pulse experiments,pioreactor01,2026-07-08T16:08:56.672Z,add_media,0.0776751765,dosing_automation:chemostat,2026-07-08 21:53:56.672,221.788055555556
Pulse experiments,pioreactor01,2026-07-08T16:08:57.173Z,add_media,0.0776751765,dosing_automation:chemostat,2026-07-08 21:53:57.173,221.788333333333
Pulse experiments,pioreactor01,2026-07-08T16:08:57.674Z,add_media,0.0776751765,dosing_automation:chemostat,2026-07-08 21:53:57.674,221.788333333333
Pulse experiments,pioreactor01,2026-07-08T16:08:58.174Z,add_media,0.0776751765,dosing_automation:chemostat,2026-07-08 21:53:58.174,221.788611111111
Pulse experiments,pioreactor01,2026-07-08T16:08:58.675Z,add_media,0.033948941,dosing_automation:chemostat,2026-07-08 21:53:58.675,221.788611111111
Pulse experiments,pioreactor01,2026-07-08T16:09:03.998Z,remove_waste,0.0806626833,dosing_automation:chemostat,2026-07-08 21:54:03.998,221.79
Pulse experiments,pioreactor01,2026-07-08T16:09:04.499Z,remove_waste,0.0806626833,dosing_automation:chemostat,2026-07-08 21:54:04.499,221.790277777778
Pulse experiments,pioreactor01,2026-07-08T16:09:05.001Z,remove_waste,0.0806626833,dosing_automation:chemostat,2026-07-08 21:54:05.001,221.790555555556
Pulse experiments,pioreactor01,2026-07-08T16:09:05.501Z,remove_waste,0.0806626833,dosing_automation:chemostat,2026-07-08 21:54:05.501,221.790555555556
Pulse experiments,pioreactor01,2026-07-08T16:09:06.002Z,remove_waste,0.0806626833,dosing_automation:chemostat,2026-07-08 21:54:06.002,221.790833333333
Pulse experiments,pioreactor01,2026-07-08T16:09:06.503Z,remove_waste,0.0806626833,dosing_automation:chemostat,2026-07-08 21:54:06.503,221.790833333333
Pulse experiments,pioreactor01,2026-07-08T16:09:07.004Z,remove_waste,0.0160239002,dosing_automation:chemostat,2026-07-08 21:54:07.004,221.791111111111
Pulse experiments,pioreactor01,2026-07-08T16:09:07.271Z,remove_waste,0.0806626833,dosing_automation:chemostat,2026-07-08 21:54:07.271,221.791111111111
Pulse experiments,pioreactor01,2026-07-08T16:09:07.773Z,remove_waste,0.0806626833,dosing_automation:chemostat,2026-07-08 21:54:07.773,221.791111111111
Pulse experiments,pioreactor01,2026-07-08T16:09:08.277Z,remove_waste,0.0806626833,dosing_automation:chemostat,2026-07-08 21:54:08.277,221.791388888889
Pulse experiments,pioreactor01,2026-07-08T16:09:08.778Z,remove_waste,0.0806626833,dosing_automation:chemostat,2026-07-08 21:54:08.778,221.791388888889
Pulse experiments,pioreactor01,2026-07-08T16:09:09.281Z,remove_waste,0.0806626833,dosing_automation:chemostat,2026-07-08 21:54:09.281,221.791666666667
Pulse experiments,pioreactor01,2026-07-08T16:09:09.782Z,remove_waste,0.0806626833,dosing_automation:chemostat,2026-07-08 21:54:09.782,221.791666666667
Pulse experiments,pioreactor01,2026-07-08T16:09:10.283Z,remove_waste,0.0806626833,dosing_automation:chemostat,2026-07-08 21:54:10.283,221.791944444444
Pulse experiments,pioreactor01,2026-07-08T16:09:10.783Z,remove_waste,0.0806626833,dosing_automation:chemostat,2026-07-08 21:54:10.783,221.791944444444
Pulse experiments,pioreactor01,2026-07-08T16:09:11.287Z,remove_waste,0.0806626833,dosing_automation:chemostat,2026-07-08 21:54:11.287,221.792222222222
Pulse experiments,pioreactor01,2026-07-08T16:09:11.788Z,remove_waste,0.0806626833,dosing_automation:chemostat,2026-07-08 21:54:11.788,221.792222222222
Pulse experiments,pioreactor01,2026-07-08T16:09:12.289Z,remove_waste,0.0806626833,dosing_automation:chemostat,2026-07-08 21:54:12.289,221.7925
Pulse experiments,pioreactor01,2026-07-08T16:09:12.790Z,remove_waste,0.0806626833,dosing_automation:chemostat,2026-07-08 21:54:12.790,221.7925
Pulse experiments,pioreactor01,2026-07-08T16:09:13.290Z,remove_waste,0.0320478004,dosing_automation:chemostat,2026-07-08 21:54:13.290,221.792777777778
Pulse experiments,pioreactor01,2026-07-08T17:08:55.677Z,add_media,0.0776751765,dosing_automation:chemostat,2026-07-08 22:53:55.677,222.787777777778
Pulse experiments,pioreactor01,2026-07-08T17:08:56.177Z,add_media,0.0776751765,dosing_automation:chemostat,2026-07-08 22:53:56.177,222.788055555556
Pulse experiments,pioreactor01,2026-07-08T17:08:56.678Z,add_media,0.0776751765,dosing_automation:chemostat,2026-07-08 22:53:56.678,222.788055555556
Pulse experiments,pioreactor01,2026-07-08T17:08:57.179Z,add_media,0.0776751765,dosing_automation:chemostat,2026-07-08 22:53:57.179,222.788333333333
Pulse experiments,pioreactor01,2026-07-08T17:08:57.679Z,add_media,0.0776751765,dosing_automation:chemostat,2026-07-08 22:53:57.679,222.788333333333
Pulse experiments,pioreactor01,2026-07-08T17:08:58.180Z,add_media,0.0776751765,dosing_automation:chemostat,2026-07-08 22:53:58.180,222.788611111111
Pulse experiments,pioreactor01,2026-07-08T17:08:58.681Z,add_media,0.033948941,dosing_automation:chemostat,2026-07-08 22:53:58.681,222.788611111111
Pulse experiments,pioreactor01,2026-07-08T17:09:03.991Z,remove_waste,0.0806626833,dosing_automation:chemostat,2026-07-08 22:54:03.991,222.79
Pulse experiments,pioreactor01,2026-07-08T17:09:04.491Z,remove_waste,0.0806626833,dosing_automation:chemostat,2026-07-08 22:54:04.491,222.790277777778
Pulse experiments,pioreactor01,2026-07-08T17:09:04.993Z,remove_waste,0.0806626833,dosing_automation:chemostat,2026-07-08 22:54:04.993,222.790277777778
Pulse experiments,pioreactor01,2026-07-08T17:09:05.493Z,remove_waste,0.0806626833,dosing_automation:chemostat,2026-07-08 22:54:05.493,222.790555555556
Pulse experiments,pioreactor01,2026-07-08T17:09:05.994Z,remove_waste,0.0806626833,dosing_automation:chemostat,2026-07-08 22:54:05.994,222.790555555556
Pulse experiments,pioreactor01,2026-07-08T17:09:06.495Z,remove_waste,0.0806626833,dosing_automation:chemostat,2026-07-08 22:54:06.495,222.790833333333
Pulse experiments,pioreactor01,2026-07-08T17:09:06.995Z,remove_waste,0.0160239002,dosing_automation:chemostat,2026-07-08 22:54:06.995,222.790833333333
Pulse experiments,pioreactor01,2026-07-08T17:09:07.251Z,remove_waste,0.0806626833,dosing_automation:chemostat,2026-07-08 22:54:07.251,222.791111111111
Pulse experiments,pioreactor01,2026-07-08T17:09:07.752Z,remove_waste,0.0806626833,dosing_automation:chemostat,2026-07-08 22:54:07.752,222.791111111111
Pulse experiments,pioreactor01,2026-07-08T17:09:08.253Z,remove_waste,0.0806626833,dosing_automation:chemostat,2026-07-08 22:54:08.253,222.791388888889
Pulse experiments,pioreactor01,2026-07-08T17:09:08.754Z,remove_waste,0.0806626833,dosing_automation:chemostat,2026-07-08 22:54:08.754,222.791388888889
Pulse experiments,pioreactor01,2026-07-08T17:09:09.255Z,remove_waste,0.0806626833,dosing_automation:chemostat,2026-07-08 22:54:09.255,222.791666666667
Pulse experiments,pioreactor01,2026-07-08T17:09:09.755Z,remove_waste,0.0806626833,dosing_automation:chemostat,2026-07-08 22:54:09.755,222.791666666667
Pulse experiments,pioreactor01,2026-07-08T17:09:10.256Z,remove_waste,0.0806626833,dosing_automation:chemostat,2026-07-08 22:54:10.256,222.791944444444
Pulse experiments,pioreactor01,2026-07-08T17:09:10.757Z,remove_waste,0.0806626833,dosing_automation:chemostat,2026-07-08 22:54:10.757,222.791944444444
Pulse experiments,pioreactor01,2026-07-08T17:09:11.257Z,remove_waste,0.0806626833,dosing_automation:chemostat,2026-07-08 22:54:11.257,222.792222222222
Pulse experiments,pioreactor01,2026-07-08T17:09:11.758Z,remove_waste,0.0806626833,dosing_automation:chemostat,2026-07-08 22:54:11.758,222.792222222222
Pulse experiments,pioreactor01,2026-07-08T17:09:12.259Z,remove_waste,0.0806626833,dosing_automation:chemostat,2026-07-08 22:54:12.259,222.7925
Pulse experiments,pioreactor01,2026-07-08T17:09:12.759Z,remove_waste,0.0806626833,dosing_automation:chemostat,2026-07-08 22:54:12.759,222.7925
Pulse experiments,pioreactor01,2026-07-08T17:09:13.260Z,remove_waste,0.0320478004,dosing_automation:chemostat,2026-07-08 22:54:13.260,222.792777777778
Pulse experiments,pioreactor01,2026-07-08T18:08:55.691Z,add_media,0.0776751765,dosing_automation:chemostat,2026-07-08 23:53:55.691,223.787777777778
Pulse experiments,pioreactor01,2026-07-08T18:08:56.191Z,add_media,0.0776751765,dosing_automation:chemostat,2026-07-08 23:53:56.191,223.788055555556
Pulse experiments,pioreactor01,2026-07-08T18:08:56.692Z,add_media,0.0776751765,dosing_automation:chemostat,2026-07-08 23:53:56.692,223.788055555556
Pulse experiments,pioreactor01,2026-07-08T18:08:57.193Z,add_media,0.0776751765,dosing_automation:chemostat,2026-07-08 23:53:57.193,223.788333333333
Pulse experiments,pioreactor01,2026-07-08T18:08:57.693Z,add_media,0.0776751765,dosing_automation:chemostat,2026-07-08 23:53:57.693,223.788333333333
Pulse experiments,pioreactor01,2026-07-08T18:08:58.195Z,add_media,0.0776751765,dosing_automation:chemostat,2026-07-08 23:53:58.195,223.788611111111
Pulse experiments,pioreactor01,2026-07-08T18:08:58.695Z,add_media,0.033948941,dosing_automation:chemostat,2026-07-08 23:53:58.695,223.788611111111
Pulse experiments,pioreactor01,2026-07-08T18:09:04.005Z,remove_waste,0.0806626833,dosing_automation:chemostat,2026-07-08 23:54:04.005,223.790277777778
Pulse experiments,pioreactor01,2026-07-08T18:09:04.506Z,remove_waste,0.0806626833,dosing_automation:chemostat,2026-07-08 23:54:04.506,223.790277777778
Pulse experiments,pioreactor01,2026-07-08T18:09:05.007Z,remove_waste,0.0806626833,dosing_automation:chemostat,2026-07-08 23:54:05.007,223.790555555556
Pulse experiments,pioreactor01,2026-07-08T18:09:05.508Z,remove_waste,0.0806626833,dosing_automation:chemostat,2026-07-08 23:54:05.508,223.790555555556
Pulse experiments,pioreactor01,2026-07-08T18:09:06.008Z,remove_waste,0.0806626833,dosing_automation:chemostat,2026-07-08 23:54:06.008,223.790833333333
Pulse experiments,pioreactor01,2026-07-08T18:09:06.509Z,remove_waste,0.0806626833,dosing_automation:chemostat,2026-07-08 23:54:06.509,223.790833333333
Pulse experiments,pioreactor01,2026-07-08T18:09:07.010Z,remove_waste,0.0160239002,dosing_automation:chemostat,2026-07-08 23:54:07.010,223.791111111111
Pulse experiments,pioreactor01,2026-07-08T18:09:07.291Z,remove_waste,0.0806626833,dosing_automation:chemostat,2026-07-08 23:54:07.291,223.791111111111
Pulse experiments,pioreactor01,2026-07-08T18:09:07.792Z,remove_waste,0.0806626833,dosing_automation:chemostat,2026-07-08 23:54:07.792,223.791111111111
Pulse experiments,pioreactor01,2026-07-08T18:09:08.293Z,remove_waste,0.0806626833,dosing_automation:chemostat,2026-07-08 23:54:08.293,223.791388888889
Pulse experiments,pioreactor01,2026-07-08T18:09:08.793Z,remove_waste,0.0806626833,dosing_automation:chemostat,2026-07-08 23:54:08.793,223.791388888889
Pulse experiments,pioreactor01,2026-07-08T18:09:09.294Z,remove_waste,0.0806626833,dosing_automation:chemostat,2026-07-08 23:54:09.294,223.791666666667
Pulse experiments,pioreactor01,2026-07-08T18:09:09.795Z,remove_waste,0.0806626833,dosing_automation:chemostat,2026-07-08 23:54:09.795,223.791666666667
Pulse experiments,pioreactor01,2026-07-08T18:09:10.295Z,remove_waste,0.0806626833,dosing_automation:chemostat,2026-07-08 23:54:10.295,223.791944444444
Pulse experiments,pioreactor01,2026-07-08T18:09:10.796Z,remove_waste,0.0806626833,dosing_automation:chemostat,2026-07-08 23:54:10.796,223.791944444444
Pulse experiments,pioreactor01,2026-07-08T18:09:11.297Z,remove_waste,0.0806626833,dosing_automation:chemostat,2026-07-08 23:54:11.297,223.792222222222
Pulse experiments,pioreactor01,2026-07-08T18:09:11.797Z,remove_waste,0.0806626833,dosing_automation:chemostat,2026-07-08 23:54:11.797,223.792222222222
Pulse experiments,pioreactor01,2026-07-08T18:09:12.298Z,remove_waste,0.0806626833,dosing_automation:chemostat,2026-07-08 23:54:12.298,223.7925
Pulse experiments,pioreactor01,2026-07-08T18:09:12.799Z,remove_waste,0.0806626833,dosing_automation:chemostat,2026-07-08 23:54:12.799,223.7925
Pulse experiments,pioreactor01,2026-07-08T18:09:13.299Z,remove_waste,0.0320478004,dosing_automation:chemostat,2026-07-08 23:54:13.299,223.792777777778
Pulse experiments,pioreactor01,2026-07-08T19:08:55.678Z,add_media,0.0776751765,dosing_automation:chemostat,2026-07-09 00:53:55.678,224.787777777778
Pulse experiments,pioreactor01,2026-07-08T19:08:56.179Z,add_media,0.0776751765,dosing_automation:chemostat,2026-07-09 00:53:56.179,224.788055555556
Pulse experiments,pioreactor01,2026-07-08T19:08:56.680Z,add_media,0.0776751765,dosing_automation:chemostat,2026-07-09 00:53:56.680,224.788055555556
Pulse experiments,pioreactor01,2026-07-08T19:08:57.180Z,add_media,0.0776751765,dosing_automation:chemostat,2026-07-09 00:53:57.180,224.788333333333
Pulse experiments,pioreactor01,2026-07-08T19:08:57.681Z,add_media,0.0776751765,dosing_automation:chemostat,2026-07-09 00:53:57.681,224.788333333333
Pulse experiments,pioreactor01,2026-07-08T19:08:58.182Z,add_media,0.0776751765,dosing_automation:chemostat,2026-07-09 00:53:58.182,224.788611111111
Pulse experiments,pioreactor01,2026-07-08T19:08:58.682Z,add_media,0.033948941,dosing_automation:chemostat,2026-07-09 00:53:58.682,224.788611111111
Pulse experiments,pioreactor01,2026-07-08T19:09:03.991Z,remove_waste,0.0806626833,dosing_automation:chemostat,2026-07-09 00:54:03.991,224.79
Pulse experiments,pioreactor01,2026-07-08T19:09:04.492Z,remove_waste,0.0806626833,dosing_automation:chemostat,2026-07-09 00:54:04.492,224.790277777778
Pulse experiments,pioreactor01,2026-07-08T19:09:04.993Z,remove_waste,0.0806626833,dosing_automation:chemostat,2026-07-09 00:54:04.993,224.790277777778
Pulse experiments,pioreactor01,2026-07-08T19:09:05.494Z,remove_waste,0.0806626833,dosing_automation:chemostat,2026-07-09 00:54:05.494,224.790555555556
Pulse experiments,pioreactor01,2026-07-08T19:09:05.994Z,remove_waste,0.0806626833,dosing_automation:chemostat,2026-07-09 00:54:05.994,224.790555555556
Pulse experiments,pioreactor01,2026-07-08T19:09:06.495Z,remove_waste,0.0806626833,dosing_automation:chemostat,2026-07-09 00:54:06.495,224.790833333333
Pulse experiments,pioreactor01,2026-07-08T19:09:06.999Z,remove_waste,0.0160239002,dosing_automation:chemostat,2026-07-09 00:54:06.999,224.790833333333
Pulse experiments,pioreactor01,2026-07-08T19:09:07.249Z,remove_waste,0.0806626833,dosing_automation:chemostat,2026-07-09 00:54:07.249,224.791111111111
Pulse experiments,pioreactor01,2026-07-08T19:09:07.751Z,remove_waste,0.0806626833,dosing_automation:chemostat,2026-07-09 00:54:07.751,224.791111111111
Pulse experiments,pioreactor01,2026-07-08T19:09:08.251Z,remove_waste,0.0806626833,dosing_automation:chemostat,2026-07-09 00:54:08.251,224.791388888889
Pulse experiments,pioreactor01,2026-07-08T19:09:08.752Z,remove_waste,0.0806626833,dosing_automation:chemostat,2026-07-09 00:54:08.752,224.791388888889
Pulse experiments,pioreactor01,2026-07-08T19:09:09.253Z,remove_waste,0.0806626833,dosing_automation:chemostat,2026-07-09 00:54:09.253,224.791666666667
Pulse experiments,pioreactor01,2026-07-08T19:09:09.754Z,remove_waste,0.0806626833,dosing_automation:chemostat,2026-07-09 00:54:09.754,224.791666666667
Pulse experiments,pioreactor01,2026-07-08T19:09:10.257Z,remove_waste,0.0806626833,dosing_automation:chemostat,2026-07-09 00:54:10.257,224.791944444444
Pulse experiments,pioreactor01,2026-07-08T19:09:10.757Z,remove_waste,0.0806626833,dosing_automation:chemostat,2026-07-09 00:54:10.757,224.791944444444
Pulse experiments,pioreactor01,2026-07-08T19:09:11.258Z,remove_waste,0.0806626833,dosing_automation:chemostat,2026-07-09 00:54:11.258,224.792222222222
Pulse experiments,pioreactor01,2026-07-08T19:09:11.759Z,remove_waste,0.0806626833,dosing_automation:chemostat,2026-07-09 00:54:11.759,224.792222222222
Pulse experiments,pioreactor01,2026-07-08T19:09:12.259Z,remove_waste,0.0806626833,dosing_automation:chemostat,2026-07-09 00:54:12.259,224.7925
Pulse experiments,pioreactor01,2026-07-08T19:09:12.760Z,remove_waste,0.0806626833,dosing_automation:chemostat,2026-07-09 00:54:12.760,224.7925
Pulse experiments,pioreactor01,2026-07-08T19:09:13.261Z,remove_waste,0.0320478004,dosing_automation:chemostat,2026-07-09 00:54:13.261,224.792777777778
Pulse experiments,pioreactor01,2026-07-08T20:08:55.675Z,add_media,0.0776751765,dosing_automation:chemostat,2026-07-09 01:53:55.675,225.787777777778
Pulse experiments,pioreactor01,2026-07-08T20:08:56.176Z,add_media,0.0776751765,dosing_automation:chemostat,2026-07-09 01:53:56.176,225.788055555556
Pulse experiments,pioreactor01,2026-07-08T20:08:56.677Z,add_media,0.0776751765,dosing_automation:chemostat,2026-07-09 01:53:56.677,225.788055555556
Pulse experiments,pioreactor01,2026-07-08T20:08:57.177Z,add_media,0.0776751765,dosing_automation:chemostat,2026-07-09 01:53:57.177,225.788333333333
Pulse experiments,pioreactor01,2026-07-08T20:08:57.678Z,add_media,0.0776751765,dosing_automation:chemostat,2026-07-09 01:53:57.678,225.788333333333
Pulse experiments,pioreactor01,2026-07-08T20:08:58.179Z,add_media,0.0776751765,dosing_automation:chemostat,2026-07-09 01:53:58.179,225.788611111111
Pulse experiments,pioreactor01,2026-07-08T20:08:58.679Z,add_media,0.033948941,dosing_automation:chemostat,2026-07-09 01:53:58.679,225.788611111111
Pulse experiments,pioreactor01,2026-07-08T20:09:04.016Z,remove_waste,0.0806626833,dosing_automation:chemostat,2026-07-09 01:54:04.016,225.790277777778
Pulse experiments,pioreactor01,2026-07-08T20:09:04.517Z,remove_waste,0.0806626833,dosing_automation:chemostat,2026-07-09 01:54:04.517,225.790277777778
Pulse experiments,pioreactor01,2026-07-08T20:09:05.017Z,remove_waste,0.0806626833,dosing_automation:chemostat,2026-07-09 01:54:05.017,225.790555555556
Pulse experiments,pioreactor01,2026-07-08T20:09:05.518Z,remove_waste,0.0806626833,dosing_automation:chemostat,2026-07-09 01:54:05.518,225.790555555556
Pulse experiments,pioreactor01,2026-07-08T20:09:06.019Z,remove_waste,0.0806626833,dosing_automation:chemostat,2026-07-09 01:54:06.019,225.790833333333
Pulse experiments,pioreactor01,2026-07-08T20:09:06.520Z,remove_waste,0.0806626833,dosing_automation:chemostat,2026-07-09 01:54:06.520,225.790833333333
Pulse experiments,pioreactor01,2026-07-08T20:09:07.021Z,remove_waste,0.0160239002,dosing_automation:chemostat,2026-07-09 01:54:07.021,225.791111111111
Pulse experiments,pioreactor01,2026-07-08T20:09:07.292Z,remove_waste,0.0806626833,dosing_automation:chemostat,2026-07-09 01:54:07.292,225.791111111111
Pulse experiments,pioreactor01,2026-07-08T20:09:07.793Z,remove_waste,0.0806626833,dosing_automation:chemostat,2026-07-09 01:54:07.793,225.791111111111
Pulse experiments,pioreactor01,2026-07-08T20:09:08.294Z,remove_waste,0.0806626833,dosing_automation:chemostat,2026-07-09 01:54:08.294,225.791388888889
Pulse experiments,pioreactor01,2026-07-08T20:09:08.795Z,remove_waste,0.0806626833,dosing_automation:chemostat,2026-07-09 01:54:08.795,225.791388888889
Pulse experiments,pioreactor01,2026-07-08T20:09:09.297Z,remove_waste,0.0806626833,dosing_automation:chemostat,2026-07-09 01:54:09.297,225.791666666667
Pulse experiments,pioreactor01,2026-07-08T20:09:09.797Z,remove_waste,0.0806626833,dosing_automation:chemostat,2026-07-09 01:54:09.797,225.791666666667
Pulse experiments,pioreactor01,2026-07-08T20:09:10.298Z,remove_waste,0.0806626833,dosing_automation:chemostat,2026-07-09 01:54:10.298,225.791944444444
Pulse experiments,pioreactor01,2026-07-08T20:09:10.799Z,remove_waste,0.0806626833,dosing_automation:chemostat,2026-07-09 01:54:10.799,225.791944444444
Pulse experiments,pioreactor01,2026-07-08T20:09:11.299Z,remove_waste,0.0806626833,dosing_automation:chemostat,2026-07-09 01:54:11.299,225.792222222222
Pulse experiments,pioreactor01,2026-07-08T20:09:11.800Z,remove_waste,0.0806626833,dosing_automation:chemostat,2026-07-09 01:54:11.800,225.792222222222
Pulse experiments,pioreactor01,2026-07-08T20:09:12.301Z,remove_waste,0.0806626833,dosing_automation:chemostat,2026-07-09 01:54:12.301,225.7925
Pulse experiments,pioreactor01,2026-07-08T20:09:12.804Z,remove_waste,0.0806626833,dosing_automation:chemostat,2026-07-09 01:54:12.804,225.7925
Pulse experiments,pioreactor01,2026-07-08T20:09:13.305Z,remove_waste,0.0320478004,dosing_automation:chemostat,2026-07-09 01:54:13.305,225.792777777778
Pulse experiments,pioreactor01,2026-07-08T21:08:55.674Z,add_media,0.0776751765,dosing_automation:chemostat,2026-07-09 02:53:55.674,226.787777777778
Pulse experiments,pioreactor01,2026-07-08T21:08:56.175Z,add_media,0.0776751765,dosing_automation:chemostat,2026-07-09 02:53:56.175,226.788055555556
Pulse experiments,pioreactor01,2026-07-08T21:08:56.675Z,add_media,0.0776751765,dosing_automation:chemostat,2026-07-09 02:53:56.675,226.788055555556
Pulse experiments,pioreactor01,2026-07-08T21:08:57.176Z,add_media,0.0776751765,dosing_automation:chemostat,2026-07-09 02:53:57.176,226.788333333333
Pulse experiments,pioreactor01,2026-07-08T21:08:57.677Z,add_media,0.0776751765,dosing_automation:chemostat,2026-07-09 02:53:57.677,226.788333333333
Pulse experiments,pioreactor01,2026-07-08T21:08:58.177Z,add_media,0.0776751765,dosing_automation:chemostat,2026-07-09 02:53:58.177,226.788611111111
Pulse experiments,pioreactor01,2026-07-08T21:08:58.678Z,add_media,0.033948941,dosing_automation:chemostat,2026-07-09 02:53:58.678,226.788611111111
Pulse experiments,pioreactor01,2026-07-08T21:09:03.997Z,remove_waste,0.0806626833,dosing_automation:chemostat,2026-07-09 02:54:03.997,226.79
Pulse experiments,pioreactor01,2026-07-08T21:09:04.497Z,remove_waste,0.0806626833,dosing_automation:chemostat,2026-07-09 02:54:04.497,226.790277777778
Pulse experiments,pioreactor01,2026-07-08T21:09:04.998Z,remove_waste,0.0806626833,dosing_automation:chemostat,2026-07-09 02:54:04.998,226.790277777778
Pulse experiments,pioreactor01,2026-07-08T21:09:05.499Z,remove_waste,0.0806626833,dosing_automation:chemostat,2026-07-09 02:54:05.499,226.790555555556
Pulse experiments,pioreactor01,2026-07-08T21:09:06.000Z,remove_waste,0.0806626833,dosing_automation:chemostat,2026-07-09 02:54:06.000,226.790833333333
Pulse experiments,pioreactor01,2026-07-08T21:09:06.500Z,remove_waste,0.0806626833,dosing_automation:chemostat,2026-07-09 02:54:06.500,226.790833333333
Pulse experiments,pioreactor01,2026-07-08T21:09:07.001Z,remove_waste,0.0160239002,dosing_automation:chemostat,2026-07-09 02:54:07.001,226.791111111111
Pulse experiments,pioreactor01,2026-07-08T21:09:07.287Z,remove_waste,0.0806626833,dosing_automation:chemostat,2026-07-09 02:54:07.287,226.791111111111
Pulse experiments,pioreactor01,2026-07-08T21:09:07.789Z,remove_waste,0.0806626833,dosing_automation:chemostat,2026-07-09 02:54:07.789,226.791111111111
Pulse experiments,pioreactor01,2026-07-08T21:09:08.290Z,remove_waste,0.0806626833,dosing_automation:chemostat,2026-07-09 02:54:08.290,226.791388888889
Pulse experiments,pioreactor01,2026-07-08T21:09:08.796Z,remove_waste,0.0806626833,dosing_automation:chemostat,2026-07-09 02:54:08.796,226.791388888889
Pulse experiments,pioreactor01,2026-07-08T21:09:09.298Z,remove_waste,0.0806626833,dosing_automation:chemostat,2026-07-09 02:54:09.298,226.791666666667
Pulse experiments,pioreactor01,2026-07-08T21:09:09.799Z,remove_waste,0.0806626833,dosing_automation:chemostat,2026-07-09 02:54:09.799,226.791666666667
Pulse experiments,pioreactor01,2026-07-08T21:09:10.299Z,remove_waste,0.0806626833,dosing_automation:chemostat,2026-07-09 02:54:10.299,226.791944444444
Pulse experiments,pioreactor01,2026-07-08T21:09:10.800Z,remove_waste,0.0806626833,dosing_automation:chemostat,2026-07-09 02:54:10.800,226.791944444444
Pulse experiments,pioreactor01,2026-07-08T21:09:11.301Z,remove_waste,0.0806626833,dosing_automation:chemostat,2026-07-09 02:54:11.301,226.792222222222
Pulse experiments,pioreactor01,2026-07-08T21:09:11.801Z,remove_waste,0.0806626833,dosing_automation:chemostat,2026-07-09 02:54:11.801,226.792222222222
Pulse experiments,pioreactor01,2026-07-08T21:09:12.302Z,remove_waste,0.0806626833,dosing_automation:chemostat,2026-07-09 02:54:12.302,226.7925
Pulse experiments,pioreactor01,2026-07-08T21:09:12.803Z,remove_waste,0.0806626833,dosing_automation:chemostat,2026-07-09 02:54:12.803,226.7925
Pulse experiments,pioreactor01,2026-07-08T21:09:13.303Z,remove_waste,0.0320478004,dosing_automation:chemostat,2026-07-09 02:54:13.303,226.792777777778
Pulse experiments,pioreactor01,2026-07-08T22:08:55.674Z,add_media,0.0776751765,dosing_automation:chemostat,2026-07-09 03:53:55.674,227.787777777778
Pulse experiments,pioreactor01,2026-07-08T22:08:56.174Z,add_media,0.0776751765,dosing_automation:chemostat,2026-07-09 03:53:56.174,227.788055555556
Pulse experiments,pioreactor01,2026-07-08T22:08:56.675Z,add_media,0.0776751765,dosing_automation:chemostat,2026-07-09 03:53:56.675,227.788055555556
Pulse experiments,pioreactor01,2026-07-08T22:08:57.175Z,add_media,0.0776751765,dosing_automation:chemostat,2026-07-09 03:53:57.175,227.788333333333
Pulse experiments,pioreactor01,2026-07-08T22:08:57.676Z,add_media,0.0776751765,dosing_automation:chemostat,2026-07-09 03:53:57.676,227.788333333333
Pulse experiments,pioreactor01,2026-07-08T22:08:58.177Z,add_media,0.0776751765,dosing_automation:chemostat,2026-07-09 03:53:58.177,227.788611111111
Pulse experiments,pioreactor01,2026-07-08T22:08:58.677Z,add_media,0.033948941,dosing_automation:chemostat,2026-07-09 03:53:58.677,227.788611111111
Pulse experiments,pioreactor01,2026-07-08T22:09:04.047Z,remove_waste,0.0806626833,dosing_automation:chemostat,2026-07-09 03:54:04.047,227.790277777778
Pulse experiments,pioreactor01,2026-07-08T22:09:04.548Z,remove_waste,0.0806626833,dosing_automation:chemostat,2026-07-09 03:54:04.548,227.790277777778
Pulse experiments,pioreactor01,2026-07-08T22:09:05.051Z,remove_waste,0.0806626833,dosing_automation:chemostat,2026-07-09 03:54:05.051,227.790555555556
Pulse experiments,pioreactor01,2026-07-08T22:09:05.552Z,remove_waste,0.0806626833,dosing_automation:chemostat,2026-07-09 03:54:05.552,227.790555555556
Pulse experiments,pioreactor01,2026-07-08T22:09:06.054Z,remove_waste,0.0806626833,dosing_automation:chemostat,2026-07-09 03:54:06.054,227.790833333333
Pulse experiments,pioreactor01,2026-07-08T22:09:06.555Z,remove_waste,0.0806626833,dosing_automation:chemostat,2026-07-09 03:54:06.555,227.790833333333
Pulse experiments,pioreactor01,2026-07-08T22:09:07.061Z,remove_waste,0.0160239002,dosing_automation:chemostat,2026-07-09 03:54:07.061,227.791111111111
Pulse experiments,pioreactor01,2026-07-08T22:09:07.333Z,remove_waste,0.0806626833,dosing_automation:chemostat,2026-07-09 03:54:07.333,227.791111111111
Pulse experiments,pioreactor01,2026-07-08T22:09:07.834Z,remove_waste,0.0806626833,dosing_automation:chemostat,2026-07-09 03:54:07.834,227.791111111111
Pulse experiments,pioreactor01,2026-07-08T22:09:08.335Z,remove_waste,0.0806626833,dosing_automation:chemostat,2026-07-09 03:54:08.335,227.791388888889
Pulse experiments,pioreactor01,2026-07-08T22:09:08.835Z,remove_waste,0.0806626833,dosing_automation:chemostat,2026-07-09 03:54:08.835,227.791388888889
Pulse experiments,pioreactor01,2026-07-08T22:09:09.336Z,remove_waste,0.0806626833,dosing_automation:chemostat,2026-07-09 03:54:09.336,227.791666666667
Pulse experiments,pioreactor01,2026-07-08T22:09:09.837Z,remove_waste,0.0806626833,dosing_automation:chemostat,2026-07-09 03:54:09.837,227.791666666667
Pulse experiments,pioreactor01,2026-07-08T22:09:10.338Z,remove_waste,0.0806626833,dosing_automation:chemostat,2026-07-09 03:54:10.338,227.791944444444
Pulse experiments,pioreactor01,2026-07-08T22:09:10.839Z,remove_waste,0.0806626833,dosing_automation:chemostat,2026-07-09 03:54:10.839,227.791944444444
Pulse experiments,pioreactor01,2026-07-08T22:09:11.340Z,remove_waste,0.0806626833,dosing_automation:chemostat,2026-07-09 03:54:11.340,227.792222222222
Pulse experiments,pioreactor01,2026-07-08T22:09:11.841Z,remove_waste,0.0806626833,dosing_automation:chemostat,2026-07-09 03:54:11.841,227.792222222222
Pulse experiments,pioreactor01,2026-07-08T22:09:12.341Z,remove_waste,0.0806626833,dosing_automation:chemostat,2026-07-09 03:54:12.341,227.7925
Pulse experiments,pioreactor01,2026-07-08T22:09:12.842Z,remove_waste,0.0806626833,dosing_automation:chemostat,2026-07-09 03:54:12.842,227.7925
Pulse experiments,pioreactor01,2026-07-08T22:09:13.343Z,remove_waste,0.0320478004,dosing_automation:chemostat,2026-07-09 03:54:13.343,227.792777777778
Pulse experiments,pioreactor01,2026-07-08T23:08:55.674Z,add_media,0.0776751765,dosing_automation:chemostat,2026-07-09 04:53:55.674,228.787777777778
Pulse experiments,pioreactor01,2026-07-08T23:08:56.175Z,add_media,0.0776751765,dosing_automation:chemostat,2026-07-09 04:53:56.175,228.788055555556
Pulse experiments,pioreactor01,2026-07-08T23:08:56.675Z,add_media,0.0776751765,dosing_automation:chemostat,2026-07-09 04:53:56.675,228.788055555556
Pulse experiments,pioreactor01,2026-07-08T23:08:57.176Z,add_media,0.0776751765,dosing_automation:chemostat,2026-07-09 04:53:57.176,228.788333333333
Pulse experiments,pioreactor01,2026-07-08T23:08:57.677Z,add_media,0.0776751765,dosing_automation:chemostat,2026-07-09 04:53:57.677,228.788333333333
Pulse experiments,pioreactor01,2026-07-08T23:08:58.177Z,add_media,0.0776751765,dosing_automation:chemostat,2026-07-09 04:53:58.177,228.788611111111
Pulse experiments,pioreactor01,2026-07-08T23:08:58.678Z,add_media,0.033948941,dosing_automation:chemostat,2026-07-09 04:53:58.678,228.788611111111
Pulse experiments,pioreactor01,2026-07-08T23:09:04.003Z,remove_waste,0.0806626833,dosing_automation:chemostat,2026-07-09 04:54:04.003,228.790277777778
Pulse experiments,pioreactor01,2026-07-08T23:09:04.504Z,remove_waste,0.0806626833,dosing_automation:chemostat,2026-07-09 04:54:04.504,228.790277777778
Pulse experiments,pioreactor01,2026-07-08T23:09:05.004Z,remove_waste,0.0806626833,dosing_automation:chemostat,2026-07-09 04:54:05.004,228.790555555556
Pulse experiments,pioreactor01,2026-07-08T23:09:05.505Z,remove_waste,0.0806626833,dosing_automation:chemostat,2026-07-09 04:54:05.505,228.790555555556
Pulse experiments,pioreactor01,2026-07-08T23:09:06.006Z,remove_waste,0.0806626833,dosing_automation:chemostat,2026-07-09 04:54:06.006,228.790833333333
Pulse experiments,pioreactor01,2026-07-08T23:09:06.507Z,remove_waste,0.0806626833,dosing_automation:chemostat,2026-07-09 04:54:06.507,228.790833333333
Pulse experiments,pioreactor01,2026-07-08T23:09:07.007Z,remove_waste,0.0160239002,dosing_automation:chemostat,2026-07-09 04:54:07.007,228.791111111111
Pulse experiments,pioreactor01,2026-07-08T23:09:07.313Z,remove_waste,0.0806626833,dosing_automation:chemostat,2026-07-09 04:54:07.313,228.791111111111
Pulse experiments,pioreactor01,2026-07-08T23:09:07.814Z,remove_waste,0.0806626833,dosing_automation:chemostat,2026-07-09 04:54:07.814,228.791111111111
Pulse experiments,pioreactor01,2026-07-08T23:09:08.317Z,remove_waste,0.0806626833,dosing_automation:chemostat,2026-07-09 04:54:08.317,228.791388888889
Pulse experiments,pioreactor01,2026-07-08T23:09:08.819Z,remove_waste,0.0806626833,dosing_automation:chemostat,2026-07-09 04:54:08.819,228.791388888889
Pulse experiments,pioreactor01,2026-07-08T23:09:09.320Z,remove_waste,0.0806626833,dosing_automation:chemostat,2026-07-09 04:54:09.320,228.791666666667
Pulse experiments,pioreactor01,2026-07-08T23:09:09.820Z,remove_waste,0.0806626833,dosing_automation:chemostat,2026-07-09 04:54:09.820,228.791666666667
Pulse experiments,pioreactor01,2026-07-08T23:09:10.321Z,remove_waste,0.0806626833,dosing_automation:chemostat,2026-07-09 04:54:10.321,228.791944444444
Pulse experiments,pioreactor01,2026-07-08T23:09:10.822Z,remove_waste,0.0806626833,dosing_automation:chemostat,2026-07-09 04:54:10.822,228.791944444444
Pulse experiments,pioreactor01,2026-07-08T23:09:11.322Z,remove_waste,0.0806626833,dosing_automation:chemostat,2026-07-09 04:54:11.322,228.792222222222
Pulse experiments,pioreactor01,2026-07-08T23:09:11.823Z,remove_waste,0.0806626833,dosing_automation:chemostat,2026-07-09 04:54:11.823,228.792222222222
Pulse experiments,pioreactor01,2026-07-08T23:09:12.324Z,remove_waste,0.0806626833,dosing_automation:chemostat,2026-07-09 04:54:12.324,228.7925
Pulse experiments,pioreactor01,2026-07-08T23:09:12.828Z,remove_waste,0.0806626833,dosing_automation:chemostat,2026-07-09 04:54:12.828,228.7925
Pulse experiments,pioreactor01,2026-07-08T23:09:13.328Z,remove_waste,0.0320478004,dosing_automation:chemostat,2026-07-09 04:54:13.328,228.792777777778
Pulse experiments,pioreactor01,2026-07-09T00:08:55.675Z,add_media,0.0776751765,dosing_automation:chemostat,2026-07-09 05:53:55.675,229.787777777778
Pulse experiments,pioreactor01,2026-07-09T00:08:56.175Z,add_media,0.0776751765,dosing_automation:chemostat,2026-07-09 05:53:56.175,229.788055555556
Pulse experiments,pioreactor01,2026-07-09T00:08:56.676Z,add_media,0.0776751765,dosing_automation:chemostat,2026-07-09 05:53:56.676,229.788055555556
Pulse experiments,pioreactor01,2026-07-09T00:08:57.177Z,add_media,0.0776751765,dosing_automation:chemostat,2026-07-09 05:53:57.177,229.788333333333
Pulse experiments,pioreactor01,2026-07-09T00:08:57.677Z,add_media,0.0776751765,dosing_automation:chemostat,2026-07-09 05:53:57.677,229.788333333333
Pulse experiments,pioreactor01,2026-07-09T00:08:58.178Z,add_media,0.0776751765,dosing_automation:chemostat,2026-07-09 05:53:58.178,229.788611111111
Pulse experiments,pioreactor01,2026-07-09T00:08:58.678Z,add_media,0.033948941,dosing_automation:chemostat,2026-07-09 05:53:58.678,229.788611111111
Pulse experiments,pioreactor01,2026-07-09T00:09:03.990Z,remove_waste,0.0806626833,dosing_automation:chemostat,2026-07-09 05:54:03.990,229.79
Pulse experiments,pioreactor01,2026-07-09T00:09:04.491Z,remove_waste,0.0806626833,dosing_automation:chemostat,2026-07-09 05:54:04.491,229.790277777778
Pulse experiments,pioreactor01,2026-07-09T00:09:04.991Z,remove_waste,0.0806626833,dosing_automation:chemostat,2026-07-09 05:54:04.991,229.790277777778
Pulse experiments,pioreactor01,2026-07-09T00:09:05.492Z,remove_waste,0.0806626833,dosing_automation:chemostat,2026-07-09 05:54:05.492,229.790555555556
Pulse experiments,pioreactor01,2026-07-09T00:09:05.993Z,remove_waste,0.0806626833,dosing_automation:chemostat,2026-07-09 05:54:05.993,229.790555555556
Pulse experiments,pioreactor01,2026-07-09T00:09:06.493Z,remove_waste,0.0806626833,dosing_automation:chemostat,2026-07-09 05:54:06.493,229.790833333333
Pulse experiments,pioreactor01,2026-07-09T00:09:06.994Z,remove_waste,0.0160239002,dosing_automation:chemostat,2026-07-09 05:54:06.994,229.790833333333
Pulse experiments,pioreactor01,2026-07-09T00:09:07.275Z,remove_waste,0.0806626833,dosing_automation:chemostat,2026-07-09 05:54:07.275,229.791111111111
Pulse experiments,pioreactor01,2026-07-09T00:09:07.776Z,remove_waste,0.0806626833,dosing_automation:chemostat,2026-07-09 05:54:07.776,229.791111111111
Pulse experiments,pioreactor01,2026-07-09T00:09:08.277Z,remove_waste,0.0806626833,dosing_automation:chemostat,2026-07-09 05:54:08.277,229.791388888889
Pulse experiments,pioreactor01,2026-07-09T00:09:08.781Z,remove_waste,0.0806626833,dosing_automation:chemostat,2026-07-09 05:54:08.781,229.791388888889
Pulse experiments,pioreactor01,2026-07-09T00:09:09.281Z,remove_waste,0.0806626833,dosing_automation:chemostat,2026-07-09 05:54:09.281,229.791666666667
Pulse experiments,pioreactor01,2026-07-09T00:09:09.782Z,remove_waste,0.0806626833,dosing_automation:chemostat,2026-07-09 05:54:09.782,229.791666666667
Pulse experiments,pioreactor01,2026-07-09T00:09:10.283Z,remove_waste,0.0806626833,dosing_automation:chemostat,2026-07-09 05:54:10.283,229.791944444444
Pulse experiments,pioreactor01,2026-07-09T00:09:10.784Z,remove_waste,0.0806626833,dosing_automation:chemostat,2026-07-09 05:54:10.784,229.791944444444
Pulse experiments,pioreactor01,2026-07-09T00:09:11.284Z,remove_waste,0.0806626833,dosing_automation:chemostat,2026-07-09 05:54:11.284,229.792222222222
Pulse experiments,pioreactor01,2026-07-09T00:09:11.785Z,remove_waste,0.0806626833,dosing_automation:chemostat,2026-07-09 05:54:11.785,229.792222222222
Pulse experiments,pioreactor01,2026-07-09T00:09:12.286Z,remove_waste,0.0806626833,dosing_automation:chemostat,2026-07-09 05:54:12.286,229.7925
Pulse experiments,pioreactor01,2026-07-09T00:09:12.787Z,remove_waste,0.0806626833,dosing_automation:chemostat,2026-07-09 05:54:12.787,229.7925
Pulse experiments,pioreactor01,2026-07-09T00:09:13.288Z,remove_waste,0.0320478004,dosing_automation:chemostat,2026-07-09 05:54:13.288,229.792777777778
Pulse experiments,pioreactor01,2026-07-09T01:08:55.675Z,add_media,0.0776751765,dosing_automation:chemostat,2026-07-09 06:53:55.675,230.787777777778
Pulse experiments,pioreactor01,2026-07-09T01:08:56.176Z,add_media,0.0776751765,dosing_automation:chemostat,2026-07-09 06:53:56.176,230.788055555556
Pulse experiments,pioreactor01,2026-07-09T01:08:56.677Z,add_media,0.0776751765,dosing_automation:chemostat,2026-07-09 06:53:56.677,230.788055555556
Pulse experiments,pioreactor01,2026-07-09T01:08:57.177Z,add_media,0.0776751765,dosing_automation:chemostat,2026-07-09 06:53:57.177,230.788333333333
Pulse experiments,pioreactor01,2026-07-09T01:08:57.678Z,add_media,0.0776751765,dosing_automation:chemostat,2026-07-09 06:53:57.678,230.788333333333
Pulse experiments,pioreactor01,2026-07-09T01:08:58.179Z,add_media,0.0776751765,dosing_automation:chemostat,2026-07-09 06:53:58.179,230.788611111111
Pulse experiments,pioreactor01,2026-07-09T01:08:58.679Z,add_media,0.033948941,dosing_automation:chemostat,2026-07-09 06:53:58.679,230.788611111111
Pulse experiments,pioreactor01,2026-07-09T01:09:03.978Z,remove_waste,0.0806626833,dosing_automation:chemostat,2026-07-09 06:54:03.978,230.79
Pulse experiments,pioreactor01,2026-07-09T01:09:04.478Z,remove_waste,0.0806626833,dosing_automation:chemostat,2026-07-09 06:54:04.478,230.790277777778
Pulse experiments,pioreactor01,2026-07-09T01:09:04.980Z,remove_waste,0.0806626833,dosing_automation:chemostat,2026-07-09 06:54:04.980,230.790277777778
Pulse experiments,pioreactor01,2026-07-09T01:09:05.481Z,remove_waste,0.0806626833,dosing_automation:chemostat,2026-07-09 06:54:05.481,230.790555555556
Pulse experiments,pioreactor01,2026-07-09T01:09:05.981Z,remove_waste,0.0806626833,dosing_automation:chemostat,2026-07-09 06:54:05.981,230.790555555556
Pulse experiments,pioreactor01,2026-07-09T01:09:06.482Z,remove_waste,0.0806626833,dosing_automation:chemostat,2026-07-09 06:54:06.482,230.790833333333
Pulse experiments,pioreactor01,2026-07-09T01:09:06.983Z,remove_waste,0.0160239002,dosing_automation:chemostat,2026-07-09 06:54:06.983,230.790833333333
Pulse experiments,pioreactor01,2026-07-09T01:09:07.282Z,remove_waste,0.0806626833,dosing_automation:chemostat,2026-07-09 06:54:07.282,230.791111111111
Pulse experiments,pioreactor01,2026-07-09T01:09:07.783Z,remove_waste,0.0806626833,dosing_automation:chemostat,2026-07-09 06:54:07.783,230.791111111111
Pulse experiments,pioreactor01,2026-07-09T01:09:08.284Z,remove_waste,0.0806626833,dosing_automation:chemostat,2026-07-09 06:54:08.284,230.791388888889
Pulse experiments,pioreactor01,2026-07-09T01:09:08.785Z,remove_waste,0.0806626833,dosing_automation:chemostat,2026-07-09 06:54:08.785,230.791388888889
Pulse experiments,pioreactor01,2026-07-09T01:09:09.291Z,remove_waste,0.0806626833,dosing_automation:chemostat,2026-07-09 06:54:09.291,230.791666666667
Pulse experiments,pioreactor01,2026-07-09T01:09:09.792Z,remove_waste,0.0806626833,dosing_automation:chemostat,2026-07-09 06:54:09.792,230.791666666667
Pulse experiments,pioreactor01,2026-07-09T01:09:10.292Z,remove_waste,0.0806626833,dosing_automation:chemostat,2026-07-09 06:54:10.292,230.791944444444
Pulse experiments,pioreactor01,2026-07-09T01:09:10.793Z,remove_waste,0.0806626833,dosing_automation:chemostat,2026-07-09 06:54:10.793,230.791944444444
Pulse experiments,pioreactor01,2026-07-09T01:09:11.294Z,remove_waste,0.0806626833,dosing_automation:chemostat,2026-07-09 06:54:11.294,230.792222222222
Pulse experiments,pioreactor01,2026-07-09T01:09:11.795Z,remove_waste,0.0806626833,dosing_automation:chemostat,2026-07-09 06:54:11.795,230.792222222222
Pulse experiments,pioreactor01,2026-07-09T01:09:12.296Z,remove_waste,0.0806626833,dosing_automation:chemostat,2026-07-09 06:54:12.296,230.7925
Pulse experiments,pioreactor01,2026-07-09T01:09:12.796Z,remove_waste,0.0806626833,dosing_automation:chemostat,2026-07-09 06:54:12.796,230.7925
Pulse experiments,pioreactor01,2026-07-09T01:09:13.297Z,remove_waste,0.0320478004,dosing_automation:chemostat,2026-07-09 06:54:13.297,230.792777777778
