experiment,pioreactor_unit,timestamp,event_name,message,data,timestamp_localtime,hours_since_experiment_created
Pulse experiments,pioreactor01,2026-08-25T14:32:48.867Z,UpdatedHeaterDC,delta_dc=8.9375,"{""current_dc"": 8.94, ""delta_dc"": 8.9375, ""target_temperature"": 34.0, ""latest_temperature"": 30.5625}",2026-08-25 20:17:48.867,1372.185833333333
Pulse experiments,pioreactor01,2026-08-25T14:36:15.103Z,UpdatedHeaterDC,delta_dc=9.099500000000006,"{""current_dc"": 18.04, ""delta_dc"": 9.099500000000006, ""target_temperature"": 34.0, ""latest_temperature"": 30.54}",2026-08-25 20:21:15.103,1372.243333333333
Pulse experiments,pioreactor01,2026-08-25T14:38:34.247Z,UpdatedHeaterDC,delta_dc=-8.6125,"{""current_dc"": 0.0, ""delta_dc"": -8.6125, ""target_temperature"": 30.4, ""latest_temperature"": 32.3125}",2026-08-25 20:23:34.247,1372.281944444444
Pulse experiments,pioreactor01,2026-08-25T14:38:54.992Z,UpdatedHeaterDC,delta_dc=5.60625,"{""current_dc"": 5.61, ""delta_dc"": 5.60625, ""target_temperature"": 34.0, ""latest_temperature"": 31.84375}",2026-08-25 20:23:54.992,1372.2875
Pulse experiments,pioreactor01,2026-08-25T14:42:21.222Z,UpdatedHeaterDC,delta_dc=11.03325,"{""current_dc"": 16.64, ""delta_dc"": 11.03325, ""target_temperature"": 34.0, ""latest_temperature"": 31.09}",2026-08-25 20:27:21.222,1372.345
Pulse experiments,pioreactor01,2026-08-25T14:45:41.224Z,UpdatedHeaterDC,delta_dc=9.293999999999988,"{""current_dc"": 25.93, ""delta_dc"": 9.293999999999988, ""target_temperature"": 34.0, ""latest_temperature"": 30.85}",2026-08-25 20:30:41.224,1372.400555555555
Pulse experiments,pioreactor01,2026-08-25T14:49:01.213Z,UpdatedHeaterDC,delta_dc=7.541999999999997,"{""current_dc"": 33.47, ""delta_dc"": 7.541999999999997, ""target_temperature"": 34.0, ""latest_temperature"": 30.94}",2026-08-25 20:34:01.213,1372.456111111111
Pulse experiments,pioreactor01,2026-08-25T14:52:21.224Z,UpdatedHeaterDC,delta_dc=6.372000000000005,"{""current_dc"": 39.84, ""delta_dc"": 6.372000000000005, ""target_temperature"": 34.0, ""latest_temperature"": 31.16}",2026-08-25 20:37:21.224,1372.511666666667
Pulse experiments,pioreactor01,2026-08-25T14:55:41.242Z,UpdatedHeaterDC,delta_dc=4.792000000000004,"{""current_dc"": 44.63, ""delta_dc"": 4.792000000000004, ""target_temperature"": 34.0, ""latest_temperature"": 31.52}",2026-08-25 20:40:41.242,1372.567222222222
Pulse experiments,pioreactor01,2026-08-25T14:59:01.222Z,UpdatedHeaterDC,delta_dc=1.8400000000000225,"{""current_dc"": 46.47, ""delta_dc"": 1.8400000000000225, ""target_temperature"": 34.0, ""latest_temperature"": 32.16}",2026-08-25 20:44:01.222,1372.622777777778
Pulse experiments,pioreactor01,2026-08-25T15:02:21.222Z,UpdatedHeaterDC,delta_dc=0.6800000000000068,"{""current_dc"": 47.15, ""delta_dc"": 0.6800000000000068, ""target_temperature"": 34.0, ""latest_temperature"": 32.73}",2026-08-25 20:47:21.222,1372.678333333333
Pulse experiments,pioreactor01,2026-08-25T15:05:41.232Z,UpdatedHeaterDC,delta_dc=-2.097999999999992,"{""current_dc"": 45.05, ""delta_dc"": -2.097999999999992, ""target_temperature"": 34.0, ""latest_temperature"": 33.48}",2026-08-25 20:50:41.232,1372.733888888889
Pulse experiments,pioreactor01,2026-08-25T15:09:01.234Z,UpdatedHeaterDC,delta_dc=-2.10400000000002,"{""current_dc"": 42.95, ""delta_dc"": -2.10400000000002, ""target_temperature"": 34.0, ""latest_temperature"": 33.96}",2026-08-25 20:54:01.234,1372.789444444444
Pulse experiments,pioreactor01,2026-08-25T15:12:21.212Z,UpdatedHeaterDC,delta_dc=-3.7120000000000104,"{""current_dc"": 39.24, ""delta_dc"": -3.7120000000000104, ""target_temperature"": 34.0, ""latest_temperature"": 34.49}",2026-08-25 20:57:21.212,1372.845
Pulse experiments,pioreactor01,2026-08-25T15:15:41.223Z,UpdatedHeaterDC,delta_dc=-3.50599999999997,"{""current_dc"": 35.73, ""delta_dc"": -3.50599999999997, ""target_temperature"": 34.0, ""latest_temperature"": 34.8}",2026-08-25 21:00:41.223,1372.900555555555
Pulse experiments,pioreactor01,2026-08-25T15:19:01.222Z,UpdatedHeaterDC,delta_dc=-4.024000000000015,"{""current_dc"": 31.71, ""delta_dc"": -4.024000000000015, ""target_temperature"": 34.0, ""latest_temperature"": 35.07}",2026-08-25 21:04:01.222,1372.956111111111
Pulse experiments,pioreactor01,2026-08-25T15:22:21.223Z,UpdatedHeaterDC,delta_dc=-4.510000000000015,"{""current_dc"": 27.2, ""delta_dc"": -4.510000000000015, ""target_temperature"": 34.0, ""latest_temperature"": 35.31}",2026-08-25 21:07:21.223,1373.011666666667
Pulse experiments,pioreactor01,2026-08-25T15:25:41.213Z,UpdatedHeaterDC,delta_dc=-3.694,"{""current_dc"": 23.51, ""delta_dc"": -3.694, ""target_temperature"": 34.0, ""latest_temperature"": 35.35}",2026-08-25 21:10:41.213,1373.067222222222
Pulse experiments,pioreactor01,2026-08-25T15:29:01.243Z,UpdatedHeaterDC,delta_dc=-2.502,"{""current_dc"": 21.01, ""delta_dc"": -2.502, ""target_temperature"": 34.0, ""latest_temperature"": 35.21}",2026-08-25 21:14:01.243,1373.122777777778
Pulse experiments,pioreactor01,2026-08-25T15:32:21.224Z,UpdatedHeaterDC,delta_dc=-1.7780000000000187,"{""current_dc"": 19.23, ""delta_dc"": -1.7780000000000187, ""target_temperature"": 34.0, ""latest_temperature"": 35.02}",2026-08-25 21:17:21.224,1373.178333333333
Pulse experiments,pioreactor01,2026-08-25T15:33:17.221Z,UpdatedHeaterDC,delta_dc=-21.6125,"{""current_dc"": 0.0, ""delta_dc"": -21.6125, ""target_temperature"": 30.4, ""latest_temperature"": 37.3125}",2026-08-25 21:18:17.221,1373.193888888889
Pulse experiments,pioreactor01,2026-08-25T15:36:44.838Z,UpdatedHeaterDC,delta_dc=-2.082500000000012,"{""current_dc"": 0.0, ""delta_dc"": -2.082500000000012, ""target_temperature"": 30.4, ""latest_temperature"": 34.6}",2026-08-25 21:21:44.838,1373.251388888889
Pulse experiments,pioreactor01,2026-08-25T15:40:04.433Z,UpdatedHeaterDC,delta_dc=-9.807999999999977,"{""current_dc"": 0.0, ""delta_dc"": -9.807999999999977, ""target_temperature"": 30.4, ""latest_temperature"": 33.94}",2026-08-25 21:25:04.433,1373.306944444445
Pulse experiments,pioreactor01,2026-08-25T15:43:24.444Z,UpdatedHeaterDC,delta_dc=-9.243999999999996,"{""current_dc"": 0.0, ""delta_dc"": -9.243999999999996, ""target_temperature"": 30.4, ""latest_temperature"": 33.44}",2026-08-25 21:28:24.444,1373.3625
Pulse experiments,pioreactor01,2026-08-25T15:46:44.402Z,UpdatedHeaterDC,delta_dc=-8.59200000000002,"{""current_dc"": 0.0, ""delta_dc"": -8.59200000000002, ""target_temperature"": 30.4, ""latest_temperature"": 33.03}",2026-08-25 21:31:44.402,1373.418055555556
Pulse experiments,pioreactor01,2026-08-25T15:50:04.403Z,UpdatedHeaterDC,delta_dc=-8.029999999999978,"{""current_dc"": 0.0, ""delta_dc"": -8.029999999999978, ""target_temperature"": 30.4, ""latest_temperature"": 32.69}",2026-08-25 21:35:04.403,1373.473611111111
Pulse experiments,pioreactor01,2026-08-25T15:53:24.413Z,UpdatedHeaterDC,delta_dc=-7.362000000000029,"{""current_dc"": 0.0, ""delta_dc"": -7.362000000000029, ""target_temperature"": 30.4, ""latest_temperature"": 32.38}",2026-08-25 21:38:24.413,1373.529166666667
Pulse experiments,pioreactor01,2026-08-25T15:56:44.413Z,UpdatedHeaterDC,delta_dc=-6.915999999999969,"{""current_dc"": 0.0, ""delta_dc"": -6.915999999999969, ""target_temperature"": 30.4, ""latest_temperature"": 32.12}",2026-08-25 21:41:44.413,1373.584722222222
Pulse experiments,pioreactor01,2026-08-25T16:00:04.413Z,UpdatedHeaterDC,delta_dc=-6.384000000000005,"{""current_dc"": 0.0, ""delta_dc"": -6.384000000000005, ""target_temperature"": 30.4, ""latest_temperature"": 31.88}",2026-08-25 21:45:04.413,1373.640277777778
Pulse experiments,pioreactor01,2026-08-25T16:03:24.418Z,UpdatedHeaterDC,delta_dc=-6.120000000000013,"{""current_dc"": 0.0, ""delta_dc"": -6.120000000000013, ""target_temperature"": 32.4, ""latest_temperature"": 31.69}",2026-08-25 21:48:24.418,1373.695833333333
Pulse experiments,pioreactor01,2026-08-25T16:06:45.034Z,UpdatedHeaterDC,delta_dc=-5.625999999999994,"{""current_dc"": 0.0, ""delta_dc"": -5.625999999999994, ""target_temperature"": 32.4, ""latest_temperature"": 31.5}",2026-08-25 21:51:45.034,1373.751666666667
Pulse experiments,pioreactor01,2026-08-25T16:10:05.151Z,UpdatedHeaterDC,delta_dc=-5.635999999999994,"{""current_dc"": 0.0, ""delta_dc"": -5.635999999999994, ""target_temperature"": 32.4, ""latest_temperature"": 31.38}",2026-08-25 21:55:05.151,1373.807222222222
Pulse experiments,pioreactor01,2026-08-25T16:13:24.423Z,UpdatedHeaterDC,delta_dc=-5.396000000000002,"{""current_dc"": 0.0, ""delta_dc"": -5.396000000000002, ""target_temperature"": 32.4, ""latest_temperature"": 31.27}",2026-08-25 21:58:24.423,1373.8625
Pulse experiments,pioreactor01,2026-08-25T16:16:44.403Z,UpdatedHeaterDC,delta_dc=-5.326000000000011,"{""current_dc"": 0.0, ""delta_dc"": -5.326000000000011, ""target_temperature"": 32.4, ""latest_temperature"": 31.19}",2026-08-25 22:01:44.403,1373.918055555556
Pulse experiments,pioreactor01,2026-08-25T16:20:04.422Z,UpdatedHeaterDC,delta_dc=-5.117999999999991,"{""current_dc"": 0.0, ""delta_dc"": -5.117999999999991, ""target_temperature"": 32.4, ""latest_temperature"": 31.11}",2026-08-25 22:05:04.422,1373.973611111111
Pulse experiments,pioreactor01,2026-08-25T16:23:24.432Z,UpdatedHeaterDC,delta_dc=-5.125999999999994,"{""current_dc"": 0.0, ""delta_dc"": -5.125999999999994, ""target_temperature"": 32.4, ""latest_temperature"": 31.06}",2026-08-25 22:08:24.432,1374.029166666667
Pulse experiments,pioreactor01,2026-08-25T16:26:44.432Z,UpdatedHeaterDC,delta_dc=-4.924000000000006,"{""current_dc"": 0.0, ""delta_dc"": -4.924000000000006, ""target_temperature"": 32.4, ""latest_temperature"": 31.0}",2026-08-25 22:11:44.432,1374.084722222222
Pulse experiments,pioreactor01,2026-08-25T16:30:04.393Z,UpdatedHeaterDC,delta_dc=-4.695999999999999,"{""current_dc"": 0.0, ""delta_dc"": -4.695999999999999, ""target_temperature"": 32.4, ""latest_temperature"": 30.93}",2026-08-25 22:15:04.393,1374.140277777778
Pulse experiments,pioreactor01,2026-08-25T16:33:24.414Z,UpdatedHeaterDC,delta_dc=-3.9380000000000095,"{""current_dc"": 0.0, ""delta_dc"": -3.9380000000000095, ""target_temperature"": 26.5, ""latest_temperature"": 30.78}",2026-08-25 22:18:24.414,1374.195833333333
Pulse experiments,pioreactor01,2026-08-25T16:36:45.021Z,UpdatedHeaterDC,delta_dc=-3.907999999999993,"{""current_dc"": 0.0, ""delta_dc"": -3.907999999999993, ""target_temperature"": 26.5, ""latest_temperature"": 30.68}",2026-08-25 22:21:45.021,1374.251666666667
Pulse experiments,pioreactor01,2026-08-25T16:40:04.898Z,UpdatedHeaterDC,delta_dc=-3.503999999999992,"{""current_dc"": 0.0, ""delta_dc"": -3.503999999999992, ""target_temperature"": 26.5, ""latest_temperature"": 30.56}",2026-08-25 22:25:04.898,1374.306944444445
Pulse experiments,pioreactor01,2026-08-25T16:43:24.442Z,UpdatedHeaterDC,delta_dc=-3.264000000000001,"{""current_dc"": 0.0, ""delta_dc"": -3.264000000000001, ""target_temperature"": 26.5, ""latest_temperature"": 30.45}",2026-08-25 22:28:24.442,1374.3625
Pulse experiments,pioreactor01,2026-08-25T16:46:44.403Z,UpdatedHeaterDC,delta_dc=-3.1219999999999994,"{""current_dc"": 0.0, ""delta_dc"": -3.1219999999999994, ""target_temperature"": 26.5, ""latest_temperature"": 30.36}",2026-08-25 22:31:44.403,1374.418055555556
Pulse experiments,pioreactor01,2026-08-25T16:50:04.433Z,UpdatedHeaterDC,delta_dc=-2.7440000000000024,"{""current_dc"": 0.0, ""delta_dc"": -2.7440000000000024, ""target_temperature"": 26.5, ""latest_temperature"": 30.25}",2026-08-25 22:35:04.433,1374.473611111111
Pulse experiments,pioreactor01,2026-08-25T16:53:24.433Z,UpdatedHeaterDC,delta_dc=-2.8180000000000094,"{""current_dc"": 0.0, ""delta_dc"": -2.8180000000000094, ""target_temperature"": 26.5, ""latest_temperature"": 30.19}",2026-08-25 22:38:24.433,1374.529166666667
Pulse experiments,pioreactor01,2026-08-25T16:56:44.435Z,UpdatedHeaterDC,delta_dc=-2.590000000000001,"{""current_dc"": 0.0, ""delta_dc"": -2.590000000000001, ""target_temperature"": 26.5, ""latest_temperature"": 30.12}",2026-08-25 22:41:44.435,1374.584722222222
Pulse experiments,pioreactor01,2026-08-25T17:00:04.414Z,UpdatedHeaterDC,delta_dc=-2.551999999999998,"{""current_dc"": 0.0, ""delta_dc"": -2.551999999999998, ""target_temperature"": 26.5, ""latest_temperature"": 30.07}",2026-08-25 22:45:04.414,1374.640277777778
Pulse experiments,pioreactor01,2026-08-25T17:03:24.412Z,UpdatedHeaterDC,delta_dc=-2.638000000000004,"{""current_dc"": 0.0, ""delta_dc"": -2.638000000000004, ""target_temperature"": 27.6, ""latest_temperature"": 30.05}",2026-08-25 22:48:24.412,1374.695833333333
Pulse experiments,pioreactor01,2026-08-25T17:06:44.905Z,UpdatedHeaterDC,delta_dc=-2.369999999999997,"{""current_dc"": 0.0, ""delta_dc"": -2.369999999999997, ""target_temperature"": 27.6, ""latest_temperature"": 30.0}",2026-08-25 22:51:44.905,1374.751388888889
Pulse experiments,pioreactor01,2026-08-25T17:10:04.970Z,UpdatedHeaterDC,delta_dc=-2.6,"{""current_dc"": 0.0, ""delta_dc"": -2.6, ""target_temperature"": 27.6, ""latest_temperature"": 30.0}",2026-08-25 22:55:04.970,1374.806944444445
Pulse experiments,pioreactor01,2026-08-25T17:13:24.544Z,UpdatedHeaterDC,delta_dc=-2.2399999999999953,"{""current_dc"": 0.0, ""delta_dc"": -2.2399999999999953, ""target_temperature"": 27.6, ""latest_temperature"": 29.95}",2026-08-25 22:58:24.544,1374.8625
Pulse experiments,pioreactor01,2026-08-25T17:16:44.423Z,UpdatedHeaterDC,delta_dc=-2.3980000000000126,"{""current_dc"": 0.0, ""delta_dc"": -2.3980000000000126, ""target_temperature"": 27.6, ""latest_temperature"": 29.94}",2026-08-25 23:01:44.423,1374.918055555556
Pulse experiments,pioreactor01,2026-08-25T17:20:04.422Z,UpdatedHeaterDC,delta_dc=-2.3000000000000065,"{""current_dc"": 0.0, ""delta_dc"": -2.3000000000000065, ""target_temperature"": 27.6, ""latest_temperature"": 29.92}",2026-08-25 23:05:04.422,1374.973611111111
Pulse experiments,pioreactor01,2026-08-25T17:23:24.423Z,UpdatedHeaterDC,delta_dc=-2.103999999999985,"{""current_dc"": 0.0, ""delta_dc"": -2.103999999999985, ""target_temperature"": 27.6, ""latest_temperature"": 29.88}",2026-08-25 23:08:24.423,1375.029166666667
Pulse experiments,pioreactor01,2026-08-25T17:26:44.413Z,UpdatedHeaterDC,delta_dc=-2.2879999999999976,"{""current_dc"": 0.0, ""delta_dc"": -2.2879999999999976, ""target_temperature"": 27.6, ""latest_temperature"": 29.88}",2026-08-25 23:11:44.413,1375.084722222222
Pulse experiments,pioreactor01,2026-08-25T17:30:04.432Z,UpdatedHeaterDC,delta_dc=-1.7839999999999954,"{""current_dc"": 0.0, ""delta_dc"": -1.7839999999999954, ""target_temperature"": 27.6, ""latest_temperature"": 29.81}",2026-08-25 23:15:04.432,1375.140277777778
Pulse experiments,pioreactor01,2026-08-25T17:33:24.432Z,UpdatedHeaterDC,delta_dc=-2.1059999999999968,"{""current_dc"": 0.0, ""delta_dc"": -2.1059999999999968, ""target_temperature"": 26.4, ""latest_temperature"": 29.81}",2026-08-25 23:18:24.432,1375.195833333333
Pulse experiments,pioreactor01,2026-08-25T17:36:45.080Z,UpdatedHeaterDC,delta_dc=-2.1059999999999968,"{""current_dc"": 0.0, ""delta_dc"": -2.1059999999999968, ""target_temperature"": 26.4, ""latest_temperature"": 29.81}",2026-08-25 23:21:45.080,1375.251666666667
Pulse experiments,pioreactor01,2026-08-25T17:40:04.937Z,UpdatedHeaterDC,delta_dc=-1.8180000000000027,"{""current_dc"": 0.0, ""delta_dc"": -1.8180000000000027, ""target_temperature"": 26.4, ""latest_temperature"": 29.77}",2026-08-25 23:25:04.937,1375.306944444445
Pulse experiments,pioreactor01,2026-08-25T17:43:24.423Z,UpdatedHeaterDC,delta_dc=-1.858000000000002,"{""current_dc"": 0.0, ""delta_dc"": -1.858000000000002, ""target_temperature"": 26.4, ""latest_temperature"": 29.75}",2026-08-25 23:28:24.423,1375.3625
Pulse experiments,pioreactor01,2026-08-25T17:46:44.432Z,UpdatedHeaterDC,delta_dc=-1.9500000000000002,"{""current_dc"": 0.0, ""delta_dc"": -1.9500000000000002, ""target_temperature"": 26.4, ""latest_temperature"": 29.75}",2026-08-25 23:31:44.432,1375.418055555556
Pulse experiments,pioreactor01,2026-08-25T17:50:04.443Z,UpdatedHeaterDC,delta_dc=-1.9500000000000002,"{""current_dc"": 0.0, ""delta_dc"": -1.9500000000000002, ""target_temperature"": 26.4, ""latest_temperature"": 29.75}",2026-08-25 23:35:04.443,1375.473611111111
Pulse experiments,pioreactor01,2026-08-25T17:53:24.404Z,UpdatedHeaterDC,delta_dc=-1.6620000000000061,"{""current_dc"": 0.0, ""delta_dc"": -1.6620000000000061, ""target_temperature"": 26.4, ""latest_temperature"": 29.71}",2026-08-25 23:38:24.404,1375.529166666667
Pulse experiments,pioreactor01,2026-08-25T17:56:44.413Z,UpdatedHeaterDC,delta_dc=-1.7020000000000053,"{""current_dc"": 0.0, ""delta_dc"": -1.7020000000000053, ""target_temperature"": 26.4, ""latest_temperature"": 29.69}",2026-08-25 23:41:44.413,1375.584722222222
Pulse experiments,pioreactor01,2026-08-25T18:00:04.402Z,UpdatedHeaterDC,delta_dc=-1.7940000000000034,"{""current_dc"": 0.0, ""delta_dc"": -1.7940000000000034, ""target_temperature"": 26.4, ""latest_temperature"": 29.69}",2026-08-25 23:45:04.402,1375.640277777778
Pulse experiments,pioreactor01,2026-08-25T18:03:24.412Z,UpdatedHeaterDC,delta_dc=-1.7219999999999922,"{""current_dc"": 0.0, ""delta_dc"": -1.7219999999999922, ""target_temperature"": 27.1, ""latest_temperature"": 29.68}",2026-08-25 23:48:24.412,1375.695833333333
Pulse experiments,pioreactor01,2026-08-25T18:06:44.952Z,UpdatedHeaterDC,delta_dc=-1.4800000000000053,"{""current_dc"": 0.0, ""delta_dc"": -1.4800000000000053, ""target_temperature"": 27.1, ""latest_temperature"": 29.64}",2026-08-25 23:51:44.952,1375.751388888889
Pulse experiments,pioreactor01,2026-08-25T18:10:04.810Z,UpdatedHeaterDC,delta_dc=-1.6640000000000015,"{""current_dc"": 0.0, ""delta_dc"": -1.6640000000000015, ""target_temperature"": 27.1, ""latest_temperature"": 29.64}",2026-08-25 23:55:04.810,1375.806944444445
Pulse experiments,pioreactor01,2026-08-25T18:13:24.413Z,UpdatedHeaterDC,delta_dc=-1.5200000000000045,"{""current_dc"": 0.0, ""delta_dc"": -1.5200000000000045, ""target_temperature"": 27.1, ""latest_temperature"": 29.62}",2026-08-25 23:58:24.413,1375.8625
Pulse experiments,pioreactor01,2026-08-25T18:16:44.423Z,UpdatedHeaterDC,delta_dc=-1.6120000000000025,"{""current_dc"": 0.0, ""delta_dc"": -1.6120000000000025, ""target_temperature"": 27.1, ""latest_temperature"": 29.62}",2026-08-26 00:01:44.423,1375.918055555556
Pulse experiments,pioreactor01,2026-08-25T18:20:04.423Z,UpdatedHeaterDC,delta_dc=-1.6120000000000025,"{""current_dc"": 0.0, ""delta_dc"": -1.6120000000000025, ""target_temperature"": 27.1, ""latest_temperature"": 29.62}",2026-08-26 00:05:04.423,1375.973611111111
Pulse experiments,pioreactor01,2026-08-25T18:23:24.422Z,UpdatedHeaterDC,delta_dc=-1.6120000000000025,"{""current_dc"": 0.0, ""delta_dc"": -1.6120000000000025, ""target_temperature"": 27.1, ""latest_temperature"": 29.62}",2026-08-26 00:08:24.422,1376.029166666667
Pulse experiments,pioreactor01,2026-08-25T18:26:44.403Z,UpdatedHeaterDC,delta_dc=-1.6120000000000025,"{""current_dc"": 0.0, ""delta_dc"": -1.6120000000000025, ""target_temperature"": 27.1, ""latest_temperature"": 29.62}",2026-08-26 00:11:44.403,1376.084722222222
Pulse experiments,pioreactor01,2026-08-25T18:30:04.413Z,UpdatedHeaterDC,delta_dc=-1.6120000000000025,"{""current_dc"": 0.0, ""delta_dc"": -1.6120000000000025, ""target_temperature"": 27.1, ""latest_temperature"": 29.62}",2026-08-26 00:15:04.413,1376.140277777778
Pulse experiments,pioreactor01,2026-08-25T18:33:24.454Z,UpdatedHeaterDC,delta_dc=-1.6120000000000025,"{""current_dc"": 0.0, ""delta_dc"": -1.6120000000000025, ""target_temperature"": 27.4, ""latest_temperature"": 29.62}",2026-08-26 00:18:24.454,1376.195833333333
Pulse experiments,pioreactor01,2026-08-25T18:36:44.995Z,UpdatedHeaterDC,delta_dc=-1.3959999999999944,"{""current_dc"": 0.0, ""delta_dc"": -1.3959999999999944, ""target_temperature"": 27.4, ""latest_temperature"": 29.59}",2026-08-26 00:21:44.995,1376.251388888889
Pulse experiments,pioreactor01,2026-08-25T18:40:05.062Z,UpdatedHeaterDC,delta_dc=-1.7500000000000078,"{""current_dc"": 0.0, ""delta_dc"": -1.7500000000000078, ""target_temperature"": 27.4, ""latest_temperature"": 29.62}",2026-08-26 00:25:05.062,1376.307222222222
Pulse experiments,pioreactor01,2026-08-25T18:43:24.852Z,UpdatedHeaterDC,delta_dc=-1.6120000000000025,"{""current_dc"": 0.0, ""delta_dc"": -1.6120000000000025, ""target_temperature"": 27.4, ""latest_temperature"": 29.62}",2026-08-26 00:28:24.852,1376.3625
Pulse experiments,pioreactor01,2026-08-25T18:46:44.433Z,UpdatedHeaterDC,delta_dc=-1.3959999999999944,"{""current_dc"": 0.0, ""delta_dc"": -1.3959999999999944, ""target_temperature"": 27.4, ""latest_temperature"": 29.59}",2026-08-26 00:31:44.433,1376.418055555556
Pulse experiments,pioreactor01,2026-08-25T18:50:04.422Z,UpdatedHeaterDC,delta_dc=-1.606000000000011,"{""current_dc"": 0.0, ""delta_dc"": -1.606000000000011, ""target_temperature"": 27.4, ""latest_temperature"": 29.6}",2026-08-26 00:35:04.422,1376.473611111111
Pulse experiments,pioreactor01,2026-08-25T18:53:24.423Z,UpdatedHeaterDC,delta_dc=-1.2719999999999843,"{""current_dc"": 0.0, ""delta_dc"": -1.2719999999999843, ""target_temperature"": 27.4, ""latest_temperature"": 29.56}",2026-08-26 00:38:24.423,1376.529166666667
Pulse experiments,pioreactor01,2026-08-25T18:56:44.443Z,UpdatedHeaterDC,delta_dc=-1.4559999999999966,"{""current_dc"": 0.0, ""delta_dc"": -1.4559999999999966, ""target_temperature"": 27.4, ""latest_temperature"": 29.56}",2026-08-26 00:41:44.443,1376.584722222222
Pulse experiments,pioreactor01,2026-08-25T19:00:04.414Z,UpdatedHeaterDC,delta_dc=-1.4559999999999966,"{""current_dc"": 0.0, ""delta_dc"": -1.4559999999999966, ""target_temperature"": 27.4, ""latest_temperature"": 29.56}",2026-08-26 00:45:04.414,1376.640277777778
Pulse experiments,pioreactor01,2026-08-25T19:03:24.432Z,UpdatedHeaterDC,delta_dc=-1.384000000000011,"{""current_dc"": 0.0, ""delta_dc"": -1.384000000000011, ""target_temperature"": 26.2, ""latest_temperature"": 29.55}",2026-08-26 00:48:24.432,1376.695833333333
Pulse experiments,pioreactor01,2026-08-25T19:06:45.066Z,UpdatedHeaterDC,delta_dc=-1.2139999999999938,"{""current_dc"": 0.0, ""delta_dc"": -1.2139999999999938, ""target_temperature"": 26.2, ""latest_temperature"": 29.52}",2026-08-26 00:51:45.066,1376.751666666667
Pulse experiments,pioreactor01,2026-08-25T19:10:05.042Z,UpdatedHeaterDC,delta_dc=-1.208000000000002,"{""current_dc"": 0.0, ""delta_dc"": -1.208000000000002, ""target_temperature"": 26.2, ""latest_temperature"": 29.5}",2026-08-26 00:55:05.042,1376.807222222222
Pulse experiments,pioreactor01,2026-08-25T19:13:24.444Z,UpdatedHeaterDC,delta_dc=-1.3,"{""current_dc"": 0.0, ""delta_dc"": -1.3, ""target_temperature"": 26.2, ""latest_temperature"": 29.5}",2026-08-26 00:58:24.444,1376.8625
Pulse experiments,pioreactor01,2026-08-25T19:16:44.434Z,UpdatedHeaterDC,delta_dc=-1.3720000000000112,"{""current_dc"": 0.0, ""delta_dc"": -1.3720000000000112, ""target_temperature"": 26.2, ""latest_temperature"": 29.51}",2026-08-26 01:01:44.434,1376.918055555556
Pulse experiments,pioreactor01,2026-08-25T19:20:04.412Z,UpdatedHeaterDC,delta_dc=-1.253999999999993,"{""current_dc"": 0.0, ""delta_dc"": -1.253999999999993, ""target_temperature"": 26.2, ""latest_temperature"": 29.5}",2026-08-26 01:05:04.412,1376.973611111111
Pulse experiments,pioreactor01,2026-08-25T19:23:24.407Z,UpdatedHeaterDC,delta_dc=-1.3,"{""current_dc"": 0.0, ""delta_dc"": -1.3, ""target_temperature"": 26.2, ""latest_temperature"": 29.5}",2026-08-26 01:08:24.407,1377.029166666667
Pulse experiments,pioreactor01,2026-08-25T19:26:44.407Z,UpdatedHeaterDC,delta_dc=-1.2279999999999889,"{""current_dc"": 0.0, ""delta_dc"": -1.2279999999999889, ""target_temperature"": 26.2, ""latest_temperature"": 29.49}",2026-08-26 01:11:44.407,1377.084722222222
Pulse experiments,pioreactor01,2026-08-25T19:30:04.424Z,UpdatedHeaterDC,delta_dc=-0.9860000000000021,"{""current_dc"": 0.0, ""delta_dc"": -0.9860000000000021, ""target_temperature"": 26.2, ""latest_temperature"": 29.45}",2026-08-26 01:15:04.424,1377.140277777778
Pulse experiments,pioreactor01,2026-08-25T19:33:24.385Z,UpdatedHeaterDC,delta_dc=-1.0980000000000125,"{""current_dc"": 0.0, ""delta_dc"": -1.0980000000000125, ""target_temperature"": 27.7, ""latest_temperature"": 29.44}",2026-08-26 01:18:24.385,1377.195833333333
Pulse experiments,pioreactor01,2026-08-25T19:36:45.172Z,UpdatedHeaterDC,delta_dc=-1.1440000000000035,"{""current_dc"": 0.0, ""delta_dc"": -1.1440000000000035, ""target_temperature"": 27.7, ""latest_temperature"": 29.44}",2026-08-26 01:21:45.172,1377.251666666667
Pulse experiments,pioreactor01,2026-08-25T19:40:05.062Z,UpdatedHeaterDC,delta_dc=-1.1440000000000035,"{""current_dc"": 0.0, ""delta_dc"": -1.1440000000000035, ""target_temperature"": 27.7, ""latest_temperature"": 29.44}",2026-08-26 01:25:05.062,1377.307222222222
Pulse experiments,pioreactor01,2026-08-25T19:43:24.502Z,UpdatedHeaterDC,delta_dc=-1.3599999999999859,"{""current_dc"": 0.0, ""delta_dc"": -1.3599999999999859, ""target_temperature"": 27.7, ""latest_temperature"": 29.47}",2026-08-26 01:28:24.502,1377.3625
Pulse experiments,pioreactor01,2026-08-25T19:46:44.432Z,UpdatedHeaterDC,delta_dc=-1.1500000000000112,"{""current_dc"": 0.0, ""delta_dc"": -1.1500000000000112, ""target_temperature"": 27.7, ""latest_temperature"": 29.46}",2026-08-26 01:31:44.432,1377.418055555556
Pulse experiments,pioreactor01,2026-08-25T19:50:04.432Z,UpdatedHeaterDC,delta_dc=-1.267999999999988,"{""current_dc"": 0.0, ""delta_dc"": -1.267999999999988, ""target_temperature"": 27.7, ""latest_temperature"": 29.47}",2026-08-26 01:35:04.432,1377.473611111111
Pulse experiments,pioreactor01,2026-08-25T19:53:24.403Z,UpdatedHeaterDC,delta_dc=-1.078,"{""current_dc"": 0.0, ""delta_dc"": -1.078, ""target_temperature"": 27.7, ""latest_temperature"": 29.45}",2026-08-26 01:38:24.403,1377.529166666667
Pulse experiments,pioreactor01,2026-08-25T19:56:44.412Z,UpdatedHeaterDC,delta_dc=-1.0980000000000125,"{""current_dc"": 0.0, ""delta_dc"": -1.0980000000000125, ""target_temperature"": 27.7, ""latest_temperature"": 29.44}",2026-08-26 01:41:44.412,1377.584722222222
Pulse experiments,pioreactor01,2026-08-25T20:00:04.403Z,UpdatedHeaterDC,delta_dc=-1.1440000000000035,"{""current_dc"": 0.0, ""delta_dc"": -1.1440000000000035, ""target_temperature"": 27.7, ""latest_temperature"": 29.44}",2026-08-26 01:45:04.403,1377.640277777778
Pulse experiments,pioreactor01,2026-08-25T20:03:24.433Z,UpdatedHeaterDC,delta_dc=-1.1440000000000035,"{""current_dc"": 0.0, ""delta_dc"": -1.1440000000000035, ""target_temperature"": 26.6, ""latest_temperature"": 29.44}",2026-08-26 01:48:24.433,1377.695833333333
Pulse experiments,pioreactor01,2026-08-25T20:06:45.040Z,UpdatedHeaterDC,delta_dc=-1.1440000000000035,"{""current_dc"": 0.0, ""delta_dc"": -1.1440000000000035, ""target_temperature"": 26.6, ""latest_temperature"": 29.44}",2026-08-26 01:51:45.040,1377.751666666667
Pulse experiments,pioreactor01,2026-08-25T20:10:05.071Z,UpdatedHeaterDC,delta_dc=-1.1440000000000035,"{""current_dc"": 0.0, ""delta_dc"": -1.1440000000000035, ""target_temperature"": 26.6, ""latest_temperature"": 29.44}",2026-08-26 01:55:05.071,1377.807222222222
Pulse experiments,pioreactor01,2026-08-25T20:13:24.445Z,UpdatedHeaterDC,delta_dc=-1.1440000000000035,"{""current_dc"": 0.0, ""delta_dc"": -1.1440000000000035, ""target_temperature"": 26.6, ""latest_temperature"": 29.44}",2026-08-26 01:58:24.445,1377.8625
Pulse experiments,pioreactor01,2026-08-25T20:16:44.422Z,UpdatedHeaterDC,delta_dc=-1.1440000000000035,"{""current_dc"": 0.0, ""delta_dc"": -1.1440000000000035, ""target_temperature"": 26.6, ""latest_temperature"": 29.44}",2026-08-26 02:01:44.422,1377.918055555556
Pulse experiments,pioreactor01,2026-08-25T20:20:04.433Z,UpdatedHeaterDC,delta_dc=-1.0000000000000064,"{""current_dc"": 0.0, ""delta_dc"": -1.0000000000000064, ""target_temperature"": 26.6, ""latest_temperature"": 29.42}",2026-08-26 02:05:04.433,1377.973611111111
Pulse experiments,pioreactor01,2026-08-25T20:23:24.413Z,UpdatedHeaterDC,delta_dc=-1.0920000000000045,"{""current_dc"": 0.0, ""delta_dc"": -1.0920000000000045, ""target_temperature"": 26.6, ""latest_temperature"": 29.42}",2026-08-26 02:08:24.413,1378.029166666667
Pulse experiments,pioreactor01,2026-08-25T20:26:44.395Z,UpdatedHeaterDC,delta_dc=-0.8039999999999851,"{""current_dc"": 0.0, ""delta_dc"": -0.8039999999999851, ""target_temperature"": 26.6, ""latest_temperature"": 29.38}",2026-08-26 02:11:44.395,1378.084722222222
Pulse experiments,pioreactor01,2026-08-25T20:30:04.413Z,UpdatedHeaterDC,delta_dc=-0.9879999999999974,"{""current_dc"": 0.0, ""delta_dc"": -0.9879999999999974, ""target_temperature"": 26.6, ""latest_temperature"": 29.38}",2026-08-26 02:15:04.413,1378.140277777778
Pulse experiments,pioreactor01,2026-08-25T20:33:24.452Z,UpdatedHeaterDC,delta_dc=-0.9879999999999974,"{""current_dc"": 0.0, ""delta_dc"": -0.9879999999999974, ""target_temperature"": 26.8, ""latest_temperature"": 29.38}",2026-08-26 02:18:24.452,1378.195833333333
Pulse experiments,pioreactor01,2026-08-25T20:36:45.063Z,UpdatedHeaterDC,delta_dc=-1.2040000000000057,"{""current_dc"": 0.0, ""delta_dc"": -1.2040000000000057, ""target_temperature"": 26.8, ""latest_temperature"": 29.41}",2026-08-26 02:21:45.063,1378.251666666667
Pulse experiments,pioreactor01,2026-08-25T20:40:05.069Z,UpdatedHeaterDC,delta_dc=-1.2820000000000087,"{""current_dc"": 0.0, ""delta_dc"": -1.2820000000000087, ""target_temperature"": 26.8, ""latest_temperature"": 29.44}",2026-08-26 02:25:05.069,1378.307222222222
Pulse experiments,pioreactor01,2026-08-25T20:43:24.433Z,UpdatedHeaterDC,delta_dc=-1.575999999999994,"{""current_dc"": 0.0, ""delta_dc"": -1.575999999999994, ""target_temperature"": 26.8, ""latest_temperature"": 29.5}",2026-08-26 02:28:24.433,1378.3625
Pulse experiments,pioreactor01,2026-08-25T20:46:44.433Z,UpdatedHeaterDC,delta_dc=-1.3,"{""current_dc"": 0.0, ""delta_dc"": -1.3, ""target_temperature"": 26.8, ""latest_temperature"": 29.5}",2026-08-26 02:31:44.433,1378.418055555556
Pulse experiments,pioreactor01,2026-08-25T20:50:04.424Z,UpdatedHeaterDC,delta_dc=-1.443999999999997,"{""current_dc"": 0.0, ""delta_dc"": -1.443999999999997, ""target_temperature"": 26.8, ""latest_temperature"": 29.52}",2026-08-26 02:35:04.424,1378.473611111111
Pulse experiments,pioreactor01,2026-08-25T20:53:24.433Z,UpdatedHeaterDC,delta_dc=-1.2800000000000131,"{""current_dc"": 0.0, ""delta_dc"": -1.2800000000000131, ""target_temperature"": 26.8, ""latest_temperature"": 29.51}",2026-08-26 02:38:24.433,1378.529166666667
Pulse experiments,pioreactor01,2026-08-25T20:56:44.422Z,UpdatedHeaterDC,delta_dc=-1.6859999999999835,"{""current_dc"": 0.0, ""delta_dc"": -1.6859999999999835, ""target_temperature"": 26.8, ""latest_temperature"": 29.56}",2026-08-26 02:41:44.422,1378.584722222222
Pulse experiments,pioreactor01,2026-08-25T21:00:04.433Z,UpdatedHeaterDC,delta_dc=-1.4559999999999966,"{""current_dc"": 0.0, ""delta_dc"": -1.4559999999999966, ""target_temperature"": 26.8, ""latest_temperature"": 29.56}",2026-08-26 02:45:04.433,1378.640277777778
Pulse experiments,pioreactor01,2026-08-25T21:03:24.422Z,UpdatedHeaterDC,delta_dc=-1.4559999999999966,"{""current_dc"": 0.0, ""delta_dc"": -1.4559999999999966, ""target_temperature"": 27.8, ""latest_temperature"": 29.56}",2026-08-26 02:48:24.422,1378.695833333333
Pulse experiments,pioreactor01,2026-08-25T21:06:45.072Z,UpdatedHeaterDC,delta_dc=-1.4559999999999966,"{""current_dc"": 0.0, ""delta_dc"": -1.4559999999999966, ""target_temperature"": 27.8, ""latest_temperature"": 29.56}",2026-08-26 02:51:45.072,1378.751666666667
Pulse experiments,pioreactor01,2026-08-25T21:10:05.023Z,UpdatedHeaterDC,delta_dc=-1.4559999999999966,"{""current_dc"": 0.0, ""delta_dc"": -1.4559999999999966, ""target_temperature"": 27.8, ""latest_temperature"": 29.56}",2026-08-26 02:55:05.023,1378.807222222222
Pulse experiments,pioreactor01,2026-08-25T21:13:24.483Z,UpdatedHeaterDC,delta_dc=-1.888000000000013,"{""current_dc"": 0.0, ""delta_dc"": -1.888000000000013, ""target_temperature"": 27.8, ""latest_temperature"": 29.62}",2026-08-26 02:58:24.483,1378.8625
Pulse experiments,pioreactor01,2026-08-25T21:16:44.464Z,UpdatedHeaterDC,delta_dc=-1.6120000000000025,"{""current_dc"": 0.0, ""delta_dc"": -1.6120000000000025, ""target_temperature"": 27.8, ""latest_temperature"": 29.62}",2026-08-26 03:01:44.464,1378.918055555556
Pulse experiments,pioreactor01,2026-08-25T21:20:04.432Z,UpdatedHeaterDC,delta_dc=-1.6120000000000025,"{""current_dc"": 0.0, ""delta_dc"": -1.6120000000000025, ""target_temperature"": 27.8, ""latest_temperature"": 29.62}",2026-08-26 03:05:04.432,1378.973611111111
Pulse experiments,pioreactor01,2026-08-25T21:23:24.423Z,UpdatedHeaterDC,delta_dc=-1.6120000000000025,"{""current_dc"": 0.0, ""delta_dc"": -1.6120000000000025, ""target_temperature"": 27.8, ""latest_temperature"": 29.62}",2026-08-26 03:08:24.423,1379.029166666667
Pulse experiments,pioreactor01,2026-08-25T21:26:44.404Z,UpdatedHeaterDC,delta_dc=-1.6120000000000025,"{""current_dc"": 0.0, ""delta_dc"": -1.6120000000000025, ""target_temperature"": 27.8, ""latest_temperature"": 29.62}",2026-08-26 03:11:44.404,1379.084722222222
Pulse experiments,pioreactor01,2026-08-25T21:30:04.443Z,UpdatedHeaterDC,delta_dc=-1.6120000000000025,"{""current_dc"": 0.0, ""delta_dc"": -1.6120000000000025, ""target_temperature"": 27.8, ""latest_temperature"": 29.62}",2026-08-26 03:15:04.443,1379.140277777778
Pulse experiments,pioreactor01,2026-08-25T21:33:24.415Z,UpdatedHeaterDC,delta_dc=-1.6120000000000025,"{""current_dc"": 0.0, ""delta_dc"": -1.6120000000000025, ""target_temperature"": 25.9, ""latest_temperature"": 29.62}",2026-08-26 03:18:24.415,1379.195833333333
Pulse experiments,pioreactor01,2026-08-25T21:36:45.084Z,UpdatedHeaterDC,delta_dc=-1.6120000000000025,"{""current_dc"": 0.0, ""delta_dc"": -1.6120000000000025, ""target_temperature"": 25.9, ""latest_temperature"": 29.62}",2026-08-26 03:21:45.084,1379.251666666667
Pulse experiments,pioreactor01,2026-08-25T21:40:05.132Z,UpdatedHeaterDC,delta_dc=-1.6120000000000025,"{""current_dc"": 0.0, ""delta_dc"": -1.6120000000000025, ""target_temperature"": 25.9, ""latest_temperature"": 29.62}",2026-08-26 03:25:05.132,1379.307222222222
Pulse experiments,pioreactor01,2026-08-25T21:43:24.502Z,UpdatedHeaterDC,delta_dc=-1.6120000000000025,"{""current_dc"": 0.0, ""delta_dc"": -1.6120000000000025, ""target_temperature"": 25.9, ""latest_temperature"": 29.62}",2026-08-26 03:28:24.502,1379.3625
Pulse experiments,pioreactor01,2026-08-25T21:46:44.445Z,UpdatedHeaterDC,delta_dc=-1.6120000000000025,"{""current_dc"": 0.0, ""delta_dc"": -1.6120000000000025, ""target_temperature"": 25.9, ""latest_temperature"": 29.62}",2026-08-26 03:31:44.445,1379.418055555556
Pulse experiments,pioreactor01,2026-08-25T21:50:04.413Z,UpdatedHeaterDC,delta_dc=-1.6120000000000025,"{""current_dc"": 0.0, ""delta_dc"": -1.6120000000000025, ""target_temperature"": 25.9, ""latest_temperature"": 29.62}",2026-08-26 03:35:04.413,1379.473611111111
Pulse experiments,pioreactor01,2026-08-25T21:53:24.433Z,UpdatedHeaterDC,delta_dc=-1.6120000000000025,"{""current_dc"": 0.0, ""delta_dc"": -1.6120000000000025, ""target_temperature"": 25.9, ""latest_temperature"": 29.62}",2026-08-26 03:38:24.433,1379.529166666667
Pulse experiments,pioreactor01,2026-08-25T21:56:44.413Z,UpdatedHeaterDC,delta_dc=-1.5399999999999914,"{""current_dc"": 0.0, ""delta_dc"": -1.5399999999999914, ""target_temperature"": 25.9, ""latest_temperature"": 29.61}",2026-08-26 03:41:44.413,1379.584722222222
Pulse experiments,pioreactor01,2026-08-25T22:00:04.423Z,UpdatedHeaterDC,delta_dc=-1.298000000000005,"{""current_dc"": 0.0, ""delta_dc"": -1.298000000000005, ""target_temperature"": 25.9, ""latest_temperature"": 29.57}",2026-08-26 03:45:04.423,1379.640277777778
Pulse experiments,pioreactor01,2026-08-25T22:03:24.414Z,UpdatedHeaterDC,delta_dc=-1.4099999999999895,"{""current_dc"": 0.0, ""delta_dc"": -1.4099999999999895, ""target_temperature"": 27.6, ""latest_temperature"": 29.56}",2026-08-26 03:48:24.414,1379.695833333333
Pulse experiments,pioreactor01,2026-08-25T22:06:45.001Z,UpdatedHeaterDC,delta_dc=-1.4559999999999966,"{""current_dc"": 0.0, ""delta_dc"": -1.4559999999999966, ""target_temperature"": 27.6, ""latest_temperature"": 29.56}",2026-08-26 03:51:45.001,1379.751666666667
Pulse experiments,pioreactor01,2026-08-25T22:10:04.957Z,UpdatedHeaterDC,delta_dc=-1.4559999999999966,"{""current_dc"": 0.0, ""delta_dc"": -1.4559999999999966, ""target_temperature"": 27.6, ""latest_temperature"": 29.56}",2026-08-26 03:55:04.957,1379.806944444445
Pulse experiments,pioreactor01,2026-08-25T22:13:24.443Z,UpdatedHeaterDC,delta_dc=-1.4559999999999966,"{""current_dc"": 0.0, ""delta_dc"": -1.4559999999999966, ""target_temperature"": 27.6, ""latest_temperature"": 29.56}",2026-08-26 03:58:24.443,1379.8625
Pulse experiments,pioreactor01,2026-08-25T22:16:44.414Z,UpdatedHeaterDC,delta_dc=-1.4559999999999966,"{""current_dc"": 0.0, ""delta_dc"": -1.4559999999999966, ""target_temperature"": 27.6, ""latest_temperature"": 29.56}",2026-08-26 04:01:44.414,1379.918055555556
Pulse experiments,pioreactor01,2026-08-25T22:20:04.414Z,UpdatedHeaterDC,delta_dc=-1.4559999999999966,"{""current_dc"": 0.0, ""delta_dc"": -1.4559999999999966, ""target_temperature"": 27.6, ""latest_temperature"": 29.56}",2026-08-26 04:05:04.414,1379.973611111111
Pulse experiments,pioreactor01,2026-08-25T22:23:24.433Z,UpdatedHeaterDC,delta_dc=-1.4559999999999966,"{""current_dc"": 0.0, ""delta_dc"": -1.4559999999999966, ""target_temperature"": 27.6, ""latest_temperature"": 29.56}",2026-08-26 04:08:24.433,1380.029166666667
Pulse experiments,pioreactor01,2026-08-25T22:26:44.412Z,UpdatedHeaterDC,delta_dc=-1.4559999999999966,"{""current_dc"": 0.0, ""delta_dc"": -1.4559999999999966, ""target_temperature"": 27.6, ""latest_temperature"": 29.56}",2026-08-26 04:11:44.412,1380.084722222222
Pulse experiments,pioreactor01,2026-08-25T22:30:04.443Z,UpdatedHeaterDC,delta_dc=-1.1680000000000028,"{""current_dc"": 0.0, ""delta_dc"": -1.1680000000000028, ""target_temperature"": 27.6, ""latest_temperature"": 29.52}",2026-08-26 04:15:04.443,1380.140277777778
Pulse experiments,pioreactor01,2026-08-25T22:33:24.413Z,UpdatedHeaterDC,delta_dc=-1.4240000000000101,"{""current_dc"": 0.0, ""delta_dc"": -1.4240000000000101, ""target_temperature"": 27.1, ""latest_temperature"": 29.53}",2026-08-26 04:18:24.413,1380.195833333333
Pulse experiments,pioreactor01,2026-08-25T22:36:45.021Z,UpdatedHeaterDC,delta_dc=-1.1619999999999948,"{""current_dc"": 0.0, ""delta_dc"": -1.1619999999999948, ""target_temperature"": 27.1, ""latest_temperature"": 29.5}",2026-08-26 04:21:45.021,1380.251666666667
Pulse experiments,pioreactor01,2026-08-25T22:40:04.929Z,UpdatedHeaterDC,delta_dc=-1.3,"{""current_dc"": 0.0, ""delta_dc"": -1.3, ""target_temperature"": 27.1, ""latest_temperature"": 29.5}",2026-08-26 04:25:04.929,1380.306944444445
Pulse experiments,pioreactor01,2026-08-25T22:43:24.474Z,UpdatedHeaterDC,delta_dc=-1.3,"{""current_dc"": 0.0, ""delta_dc"": -1.3, ""target_temperature"": 27.1, ""latest_temperature"": 29.5}",2026-08-26 04:28:24.474,1380.3625
Pulse experiments,pioreactor01,2026-08-25T22:46:44.412Z,UpdatedHeaterDC,delta_dc=-1.3,"{""current_dc"": 0.0, ""delta_dc"": -1.3, ""target_temperature"": 27.1, ""latest_temperature"": 29.5}",2026-08-26 04:31:44.412,1380.418055555556
Pulse experiments,pioreactor01,2026-08-25T22:50:04.414Z,UpdatedHeaterDC,delta_dc=-1.3,"{""current_dc"": 0.0, ""delta_dc"": -1.3, ""target_temperature"": 27.1, ""latest_temperature"": 29.5}",2026-08-26 04:35:04.414,1380.473611111111
Pulse experiments,pioreactor01,2026-08-25T22:53:24.404Z,UpdatedHeaterDC,delta_dc=-1.2279999999999889,"{""current_dc"": 0.0, ""delta_dc"": -1.2279999999999889, ""target_temperature"": 27.1, ""latest_temperature"": 29.49}",2026-08-26 04:38:24.404,1380.529166666667
Pulse experiments,pioreactor01,2026-08-25T22:56:44.423Z,UpdatedHeaterDC,delta_dc=-0.9140000000000166,"{""current_dc"": 0.0, ""delta_dc"": -0.9140000000000166, ""target_temperature"": 27.1, ""latest_temperature"": 29.44}",2026-08-26 04:41:44.423,1380.584722222222
Pulse experiments,pioreactor01,2026-08-25T23:00:04.454Z,UpdatedHeaterDC,delta_dc=-1.1440000000000035,"{""current_dc"": 0.0, ""delta_dc"": -1.1440000000000035, ""target_temperature"": 27.1, ""latest_temperature"": 29.44}",2026-08-26 04:45:04.454,1380.640277777778
Pulse experiments,pioreactor01,2026-08-25T23:03:24.403Z,UpdatedHeaterDC,delta_dc=-1.1440000000000035,"{""current_dc"": 0.0, ""delta_dc"": -1.1440000000000035, ""target_temperature"": 26.4, ""latest_temperature"": 29.44}",2026-08-26 04:48:24.403,1380.695833333333
Pulse experiments,pioreactor01,2026-08-25T23:06:45.044Z,UpdatedHeaterDC,delta_dc=-1.1440000000000035,"{""current_dc"": 0.0, ""delta_dc"": -1.1440000000000035, ""target_temperature"": 26.4, ""latest_temperature"": 29.44}",2026-08-26 04:51:45.044,1380.751666666667
Pulse experiments,pioreactor01,2026-08-25T23:10:05.157Z,UpdatedHeaterDC,delta_dc=-1.1440000000000035,"{""current_dc"": 0.0, ""delta_dc"": -1.1440000000000035, ""target_temperature"": 26.4, ""latest_temperature"": 29.44}",2026-08-26 04:55:05.157,1380.807222222222
Pulse experiments,pioreactor01,2026-08-25T23:13:24.443Z,UpdatedHeaterDC,delta_dc=-1.1440000000000035,"{""current_dc"": 0.0, ""delta_dc"": -1.1440000000000035, ""target_temperature"": 26.4, ""latest_temperature"": 29.44}",2026-08-26 04:58:24.443,1380.8625
Pulse experiments,pioreactor01,2026-08-25T23:16:44.424Z,UpdatedHeaterDC,delta_dc=-1.1440000000000035,"{""current_dc"": 0.0, ""delta_dc"": -1.1440000000000035, ""target_temperature"": 26.4, ""latest_temperature"": 29.44}",2026-08-26 05:01:44.424,1380.918055555556
Pulse experiments,pioreactor01,2026-08-25T23:20:04.425Z,UpdatedHeaterDC,delta_dc=-1.1440000000000035,"{""current_dc"": 0.0, ""delta_dc"": -1.1440000000000035, ""target_temperature"": 26.4, ""latest_temperature"": 29.44}",2026-08-26 05:05:04.425,1380.973611111111
Pulse experiments,pioreactor01,2026-08-25T23:23:24.423Z,UpdatedHeaterDC,delta_dc=-1.1440000000000035,"{""current_dc"": 0.0, ""delta_dc"": -1.1440000000000035, ""target_temperature"": 26.4, ""latest_temperature"": 29.44}",2026-08-26 05:08:24.423,1381.029166666667
Pulse experiments,pioreactor01,2026-08-25T23:26:44.402Z,UpdatedHeaterDC,delta_dc=-1.1440000000000035,"{""current_dc"": 0.0, ""delta_dc"": -1.1440000000000035, ""target_temperature"": 26.4, ""latest_temperature"": 29.44}",2026-08-26 05:11:44.402,1381.084722222222
Pulse experiments,pioreactor01,2026-08-25T23:30:04.424Z,UpdatedHeaterDC,delta_dc=-1.071999999999992,"{""current_dc"": 0.0, ""delta_dc"": -1.071999999999992, ""target_temperature"": 26.4, ""latest_temperature"": 29.43}",2026-08-26 05:15:04.424,1381.140277777778
Pulse experiments,pioreactor01,2026-08-25T23:33:24.432Z,UpdatedHeaterDC,delta_dc=-0.9740000000000024,"{""current_dc"": 0.0, ""delta_dc"": -0.9740000000000024, ""target_temperature"": 28.1, ""latest_temperature"": 29.41}",2026-08-26 05:18:24.432,1381.195833333333
Pulse experiments,pioreactor01,2026-08-25T23:36:45.033Z,UpdatedHeaterDC,delta_dc=-0.9220000000000035,"{""current_dc"": 0.0, ""delta_dc"": -0.9220000000000035, ""target_temperature"": 28.1, ""latest_temperature"": 29.39}",2026-08-26 05:21:45.033,1381.251666666667
Pulse experiments,pioreactor01,2026-08-25T23:40:05.230Z,UpdatedHeaterDC,delta_dc=-1.3740000000000068,"{""current_dc"": 0.0, ""delta_dc"": -1.3740000000000068, ""target_temperature"": 28.1, ""latest_temperature"": 29.44}",2026-08-26 05:25:05.230,1381.307222222222
Pulse experiments,pioreactor01,2026-08-25T23:43:24.656Z,UpdatedHeaterDC,delta_dc=-1.1440000000000035,"{""current_dc"": 0.0, ""delta_dc"": -1.1440000000000035, ""target_temperature"": 28.1, ""latest_temperature"": 29.44}",2026-08-26 05:28:24.656,1381.3625
Pulse experiments,pioreactor01,2026-08-25T23:46:44.442Z,UpdatedHeaterDC,delta_dc=-1.1440000000000035,"{""current_dc"": 0.0, ""delta_dc"": -1.1440000000000035, ""target_temperature"": 28.1, ""latest_temperature"": 29.44}",2026-08-26 05:31:44.442,1381.418055555556
Pulse experiments,pioreactor01,2026-08-25T23:50:04.414Z,UpdatedHeaterDC,delta_dc=-0.9279999999999953,"{""current_dc"": 0.0, ""delta_dc"": -0.9279999999999953, ""target_temperature"": 28.1, ""latest_temperature"": 29.41}",2026-08-26 05:35:04.414,1381.473611111111
Pulse experiments,pioreactor01,2026-08-25T23:53:24.402Z,UpdatedHeaterDC,delta_dc=-1.2099999999999973,"{""current_dc"": 0.0, ""delta_dc"": -1.2099999999999973, ""target_temperature"": 28.1, ""latest_temperature"": 29.43}",2026-08-26 05:38:24.402,1381.529166666667
Pulse experiments,pioreactor01,2026-08-25T23:56:44.444Z,UpdatedHeaterDC,delta_dc=-1.1179999999999992,"{""current_dc"": 0.0, ""delta_dc"": -1.1179999999999992, ""target_temperature"": 28.1, ""latest_temperature"": 29.43}",2026-08-26 05:41:44.444,1381.584722222222
Pulse experiments,pioreactor01,2026-08-26T00:00:04.392Z,UpdatedHeaterDC,delta_dc=-0.7579999999999942,"{""current_dc"": 0.0, ""delta_dc"": -0.7579999999999942, ""target_temperature"": 28.1, ""latest_temperature"": 29.38}",2026-08-26 05:45:04.392,1381.640277777778
Pulse experiments,pioreactor01,2026-08-26T00:03:24.404Z,UpdatedHeaterDC,delta_dc=-0.9879999999999974,"{""current_dc"": 0.0, ""delta_dc"": -0.9879999999999974, ""target_temperature"": 25.8, ""latest_temperature"": 29.38}",2026-08-26 05:48:24.404,1381.695833333333
Pulse experiments,pioreactor01,2026-08-26T00:06:45.001Z,UpdatedHeaterDC,delta_dc=-0.9879999999999974,"{""current_dc"": 0.0, ""delta_dc"": -0.9879999999999974, ""target_temperature"": 25.8, ""latest_temperature"": 29.38}",2026-08-26 05:51:45.001,1381.751666666667
Pulse experiments,pioreactor01,2026-08-26T00:10:05.367Z,UpdatedHeaterDC,delta_dc=-0.9879999999999974,"{""current_dc"": 0.0, ""delta_dc"": -0.9879999999999974, ""target_temperature"": 25.8, ""latest_temperature"": 29.38}",2026-08-26 05:55:05.367,1381.807222222222
Pulse experiments,pioreactor01,2026-08-26T00:13:24.432Z,UpdatedHeaterDC,delta_dc=-0.9879999999999974,"{""current_dc"": 0.0, ""delta_dc"": -0.9879999999999974, ""target_temperature"": 25.8, ""latest_temperature"": 29.38}",2026-08-26 05:58:24.432,1381.8625
Pulse experiments,pioreactor01,2026-08-26T00:16:44.413Z,UpdatedHeaterDC,delta_dc=-0.7720000000000148,"{""current_dc"": 0.0, ""delta_dc"": -0.7720000000000148, ""target_temperature"": 25.8, ""latest_temperature"": 29.35}",2026-08-26 06:01:44.413,1381.918055555556
Pulse experiments,pioreactor01,2026-08-26T00:20:04.433Z,UpdatedHeaterDC,delta_dc=-0.6939999999999955,"{""current_dc"": 0.0, ""delta_dc"": -0.6939999999999955, ""target_temperature"": 25.8, ""latest_temperature"": 29.32}",2026-08-26 06:05:04.433,1381.973611111111
Pulse experiments,pioreactor01,2026-08-26T00:23:24.422Z,UpdatedHeaterDC,delta_dc=-0.7599999999999896,"{""current_dc"": 0.0, ""delta_dc"": -0.7599999999999896, ""target_temperature"": 25.8, ""latest_temperature"": 29.31}",2026-08-26 06:08:24.422,1382.029166666667
Pulse experiments,pioreactor01,2026-08-26T00:26:44.413Z,UpdatedHeaterDC,delta_dc=-0.8059999999999967,"{""current_dc"": 0.0, ""delta_dc"": -0.8059999999999967, ""target_temperature"": 25.8, ""latest_temperature"": 29.31}",2026-08-26 06:11:44.413,1382.084722222222
Pulse experiments,pioreactor01,2026-08-26T00:30:04.414Z,UpdatedHeaterDC,delta_dc=-0.6619999999999997,"{""current_dc"": 0.0, ""delta_dc"": -0.6619999999999997, ""target_temperature"": 25.8, ""latest_temperature"": 29.29}",2026-08-26 06:15:04.414,1382.140277777778
Pulse experiments,pioreactor01,2026-08-26T00:33:24.423Z,UpdatedHeaterDC,delta_dc=-0.46600000000000397,"{""current_dc"": 0.0, ""delta_dc"": -0.46600000000000397, ""target_temperature"": 27.6, ""latest_temperature"": 29.25}",2026-08-26 06:18:24.423,1382.195833333333
Pulse experiments,pioreactor01,2026-08-26T00:36:44.933Z,UpdatedHeaterDC,delta_dc=-0.65,"{""current_dc"": 0.0, ""delta_dc"": -0.65, ""target_temperature"": 27.6, ""latest_temperature"": 29.25}",2026-08-26 06:21:44.933,1382.251388888889
Pulse experiments,pioreactor01,2026-08-26T00:40:05.092Z,UpdatedHeaterDC,delta_dc=-0.65,"{""current_dc"": 0.0, ""delta_dc"": -0.65, ""target_temperature"": 27.6, ""latest_temperature"": 29.25}",2026-08-26 06:25:05.092,1382.307222222222
Pulse experiments,pioreactor01,2026-08-26T00:43:24.443Z,UpdatedHeaterDC,delta_dc=-0.7220000000000112,"{""current_dc"": 0.0, ""delta_dc"": -0.7220000000000112, ""target_temperature"": 27.6, ""latest_temperature"": 29.26}",2026-08-26 06:28:24.443,1382.3625
Pulse experiments,pioreactor01,2026-08-26T00:46:44.413Z,UpdatedHeaterDC,delta_dc=-0.676000000000004,"{""current_dc"": 0.0, ""delta_dc"": -0.676000000000004, ""target_temperature"": 27.6, ""latest_temperature"": 29.26}",2026-08-26 06:31:44.413,1382.418055555556
Pulse experiments,pioreactor01,2026-08-26T00:50:04.413Z,UpdatedHeaterDC,delta_dc=-0.820000000000001,"{""current_dc"": 0.0, ""delta_dc"": -0.820000000000001, ""target_temperature"": 27.6, ""latest_temperature"": 29.28}",2026-08-26 06:35:04.413,1382.473611111111
Pulse experiments,pioreactor01,2026-08-26T00:53:24.453Z,UpdatedHeaterDC,delta_dc=-0.9439999999999856,"{""current_dc"": 0.0, ""delta_dc"": -0.9439999999999856, ""target_temperature"": 27.6, ""latest_temperature"": 29.31}",2026-08-26 06:38:24.453,1382.529166666667
Pulse experiments,pioreactor01,2026-08-26T00:56:44.443Z,UpdatedHeaterDC,delta_dc=-0.6619999999999997,"{""current_dc"": 0.0, ""delta_dc"": -0.6619999999999997, ""target_temperature"": 27.6, ""latest_temperature"": 29.29}",2026-08-26 06:41:44.443,1382.584722222222
Pulse experiments,pioreactor01,2026-08-26T01:00:04.462Z,UpdatedHeaterDC,delta_dc=-0.6820000000000122,"{""current_dc"": 0.0, ""delta_dc"": -0.6820000000000122, ""target_temperature"": 27.6, ""latest_temperature"": 29.28}",2026-08-26 06:45:04.462,1382.640277777778
Pulse experiments,pioreactor01,2026-08-26T01:03:24.402Z,UpdatedHeaterDC,delta_dc=-0.5840000000000061,"{""current_dc"": 0.0, ""delta_dc"": -0.5840000000000061, ""target_temperature"": 27.5, ""latest_temperature"": 29.26}",2026-08-26 06:48:24.402,1382.695833333333
Pulse experiments,pioreactor01,2026-08-26T01:06:44.974Z,UpdatedHeaterDC,delta_dc=-0.6039999999999929,"{""current_dc"": 0.0, ""delta_dc"": -0.6039999999999929, ""target_temperature"": 27.5, ""latest_temperature"": 29.25}",2026-08-26 06:51:44.974,1382.751388888889
Pulse experiments,pioreactor01,2026-08-26T01:10:05.112Z,UpdatedHeaterDC,delta_dc=-0.65,"{""current_dc"": 0.0, ""delta_dc"": -0.65, ""target_temperature"": 27.5, ""latest_temperature"": 29.25}",2026-08-26 06:55:05.112,1382.807222222222
Pulse experiments,pioreactor01,2026-08-26T01:13:24.643Z,UpdatedHeaterDC,delta_dc=-0.65,"{""current_dc"": 0.0, ""delta_dc"": -0.65, ""target_temperature"": 27.5, ""latest_temperature"": 29.25}",2026-08-26 06:58:24.643,1382.8625
Pulse experiments,pioreactor01,2026-08-26T01:16:44.443Z,UpdatedHeaterDC,delta_dc=-0.7220000000000112,"{""current_dc"": 0.0, ""delta_dc"": -0.7220000000000112, ""target_temperature"": 27.5, ""latest_temperature"": 29.26}",2026-08-26 07:01:44.443,1382.918055555556
Pulse experiments,pioreactor01,2026-08-26T01:20:04.422Z,UpdatedHeaterDC,delta_dc=-0.6039999999999929,"{""current_dc"": 0.0, ""delta_dc"": -0.6039999999999929, ""target_temperature"": 27.5, ""latest_temperature"": 29.25}",2026-08-26 07:05:04.422,1382.973611111111
Pulse experiments,pioreactor01,2026-08-26T01:23:24.445Z,UpdatedHeaterDC,delta_dc=-0.65,"{""current_dc"": 0.0, ""delta_dc"": -0.65, ""target_temperature"": 27.5, ""latest_temperature"": 29.25}",2026-08-26 07:08:24.445,1383.029166666667
Pulse experiments,pioreactor01,2026-08-26T01:26:44.412Z,UpdatedHeaterDC,delta_dc=-0.65,"{""current_dc"": 0.0, ""delta_dc"": -0.65, ""target_temperature"": 27.5, ""latest_temperature"": 29.25}",2026-08-26 07:11:44.412,1383.084722222222
Pulse experiments,pioreactor01,2026-08-26T01:30:04.412Z,UpdatedHeaterDC,delta_dc=-0.2899999999999949,"{""current_dc"": 0.0, ""delta_dc"": -0.2899999999999949, ""target_temperature"": 27.5, ""latest_temperature"": 29.2}",2026-08-26 07:15:04.412,1383.140277777778
Pulse experiments,pioreactor01,2026-08-26T01:33:24.432Z,UpdatedHeaterDC,delta_dc=-0.4480000000000125,"{""current_dc"": 0.0, ""delta_dc"": -0.4480000000000125, ""target_temperature"": 26.1, ""latest_temperature"": 29.19}",2026-08-26 07:18:24.432,1383.195833333333
Pulse experiments,pioreactor01,2026-08-26T01:36:44.973Z,UpdatedHeaterDC,delta_dc=-0.4940000000000033,"{""current_dc"": 0.0, ""delta_dc"": -0.4940000000000033, ""target_temperature"": 26.1, ""latest_temperature"": 29.19}",2026-08-26 07:21:44.973,1383.251388888889
Pulse experiments,pioreactor01,2026-08-26T01:40:05.177Z,UpdatedHeaterDC,delta_dc=-0.4940000000000033,"{""current_dc"": 0.0, ""delta_dc"": -0.4940000000000033, ""target_temperature"": 26.1, ""latest_temperature"": 29.19}",2026-08-26 07:25:05.177,1383.307222222222
Pulse experiments,pioreactor01,2026-08-26T01:43:24.463Z,UpdatedHeaterDC,delta_dc=-0.4940000000000033,"{""current_dc"": 0.0, ""delta_dc"": -0.4940000000000033, ""target_temperature"": 26.1, ""latest_temperature"": 29.19}",2026-08-26 07:28:24.463,1383.3625
Pulse experiments,pioreactor01,2026-08-26T01:46:44.433Z,UpdatedHeaterDC,delta_dc=-0.4940000000000033,"{""current_dc"": 0.0, ""delta_dc"": -0.4940000000000033, ""target_temperature"": 26.1, ""latest_temperature"": 29.19}",2026-08-26 07:31:44.433,1383.418055555556
Pulse experiments,pioreactor01,2026-08-26T01:50:04.413Z,UpdatedHeaterDC,delta_dc=-0.4940000000000033,"{""current_dc"": 0.0, ""delta_dc"": -0.4940000000000033, ""target_temperature"": 26.1, ""latest_temperature"": 29.19}",2026-08-26 07:35:04.413,1383.473611111111
Pulse experiments,pioreactor01,2026-08-26T01:53:24.422Z,UpdatedHeaterDC,delta_dc=-0.13399999999999823,"{""current_dc"": 0.0, ""delta_dc"": -0.13399999999999823, ""target_temperature"": 26.1, ""latest_temperature"": 29.14}",2026-08-26 07:38:24.422,1383.529166666667
Pulse experiments,pioreactor01,2026-08-26T01:56:44.452Z,UpdatedHeaterDC,delta_dc=-0.3640000000000015,"{""current_dc"": 0.0, ""delta_dc"": -0.3640000000000015, ""target_temperature"": 26.1, ""latest_temperature"": 29.14}",2026-08-26 07:41:44.452,1383.584722222222
Pulse experiments,pioreactor01,2026-08-26T02:00:04.453Z,UpdatedHeaterDC,delta_dc=-0.22000000000000458,"{""current_dc"": 0.0, ""delta_dc"": -0.22000000000000458, ""target_temperature"": 26.1, ""latest_temperature"": 29.12}",2026-08-26 07:45:04.453,1383.640277777778
Pulse experiments,pioreactor01,2026-08-26T02:03:24.413Z,UpdatedHeaterDC,delta_dc=-0.3120000000000026,"{""current_dc"": 0.0, ""delta_dc"": -0.3120000000000026, ""target_temperature"": 28.4, ""latest_temperature"": 29.12}",2026-08-26 07:48:24.413,1383.695833333333
Pulse experiments,pioreactor01,2026-08-26T02:06:45.153Z,UpdatedHeaterDC,delta_dc=-0.23999999999999133,"{""current_dc"": 0.0, ""delta_dc"": -0.23999999999999133, ""target_temperature"": 28.4, ""latest_temperature"": 29.11}",2026-08-26 07:51:45.153,1383.751666666667
Pulse experiments,pioreactor01,2026-08-26T02:10:05.070Z,UpdatedHeaterDC,delta_dc=-0.3580000000000098,"{""current_dc"": 0.0, ""delta_dc"": -0.3580000000000098, ""target_temperature"": 28.4, ""latest_temperature"": 29.12}",2026-08-26 07:55:05.070,1383.807222222222
Pulse experiments,pioreactor01,2026-08-26T02:13:24.788Z,UpdatedHeaterDC,delta_dc=-0.3120000000000026,"{""current_dc"": 0.0, ""delta_dc"": -0.3120000000000026, ""target_temperature"": 28.4, ""latest_temperature"": 29.12}",2026-08-26 07:58:24.788,1383.8625
Pulse experiments,pioreactor01,2026-08-26T02:16:44.423Z,UpdatedHeaterDC,delta_dc=-0.3120000000000026,"{""current_dc"": 0.0, ""delta_dc"": -0.3120000000000026, ""target_temperature"": 28.4, ""latest_temperature"": 29.12}",2026-08-26 08:01:44.423,1383.918055555556
Pulse experiments,pioreactor01,2026-08-26T02:20:04.427Z,UpdatedHeaterDC,delta_dc=-0.3120000000000026,"{""current_dc"": 0.0, ""delta_dc"": -0.3120000000000026, ""target_temperature"": 28.4, ""latest_temperature"": 29.12}",2026-08-26 08:05:04.427,1383.973611111111
Pulse experiments,pioreactor01,2026-08-26T02:23:24.423Z,UpdatedHeaterDC,delta_dc=-0.0959999999999944,"{""current_dc"": 0.0, ""delta_dc"": -0.0959999999999944, ""target_temperature"": 28.4, ""latest_temperature"": 29.09}",2026-08-26 08:08:24.423,1384.029166666667
Pulse experiments,pioreactor01,2026-08-26T02:26:44.453Z,UpdatedHeaterDC,delta_dc=-0.01799999999999144,"{""current_dc"": 0.0, ""delta_dc"": -0.01799999999999144, ""target_temperature"": 28.4, ""latest_temperature"": 29.06}",2026-08-26 08:11:44.453,1384.084722222222
Pulse experiments,pioreactor01,2026-08-26T02:30:04.414Z,UpdatedHeaterDC,delta_dc=-0.15599999999999667,"{""current_dc"": 0.0, ""delta_dc"": -0.15599999999999667, ""target_temperature"": 28.4, ""latest_temperature"": 29.06}",2026-08-26 08:15:04.414,1384.140277777778
Pulse experiments,pioreactor01,2026-08-26T02:33:24.413Z,UpdatedHeaterDC,delta_dc=-0.01199999999999976,"{""current_dc"": 0.0, ""delta_dc"": -0.01199999999999976, ""target_temperature"": 25.6, ""latest_temperature"": 29.04}",2026-08-26 08:18:24.413,1384.195833333333
Pulse experiments,pioreactor01,2026-08-26T02:36:44.964Z,UpdatedHeaterDC,delta_dc=0.11199999999998482,"{""current_dc"": 0.11, ""delta_dc"": 0.11199999999998482, ""target_temperature"": 25.6, ""latest_temperature"": 29.01}",2026-08-26 08:21:44.964,1384.251388888889
Pulse experiments,pioreactor01,2026-08-26T02:40:05.096Z,UpdatedHeaterDC,delta_dc=-0.674000000000003,"{""current_dc"": 0.0, ""delta_dc"": -0.674000000000003, ""target_temperature"": 25.6, ""latest_temperature"": 29.1}",2026-08-26 08:25:05.096,1384.307222222222
Pulse experiments,pioreactor01,2026-08-26T02:43:24.656Z,UpdatedHeaterDC,delta_dc=0.028000000000015735,"{""current_dc"": 0.03, ""delta_dc"": 0.028000000000015735, ""target_temperature"": 25.6, ""latest_temperature"": 29.06}",2026-08-26 08:28:24.656,1384.3625
Pulse experiments,pioreactor01,2026-08-26T02:46:44.423Z,UpdatedHeaterDC,delta_dc=-1.4519999999999946,"{""current_dc"": 0.0, ""delta_dc"": -1.4519999999999946, ""target_temperature"": 25.6, ""latest_temperature"": 29.24}",2026-08-26 08:31:44.423,1384.418055555556
Pulse experiments,pioreactor01,2026-08-26T02:50:04.433Z,UpdatedHeaterDC,delta_dc=0.6720000000000019,"{""current_dc"": 0.67, ""delta_dc"": 0.6720000000000019, ""target_temperature"": 25.6, ""latest_temperature"": 29.06}",2026-08-26 08:35:04.433,1384.473611111111
Pulse experiments,pioreactor01,2026-08-26T02:53:24.433Z,UpdatedHeaterDC,delta_dc=-2.0999999999999934,"{""current_dc"": 0.0, ""delta_dc"": -2.0999999999999934, ""target_temperature"": 25.6, ""latest_temperature"": 29.33}",2026-08-26 08:38:24.433,1384.529166666667
Pulse experiments,pioreactor01,2026-08-26T02:56:44.432Z,UpdatedHeaterDC,delta_dc=1.1579999999999868,"{""current_dc"": 1.16, ""delta_dc"": 1.1579999999999868, ""target_temperature"": 25.6, ""latest_temperature"": 29.05}",2026-08-26 08:41:44.432,1384.584722222222
Pulse experiments,pioreactor01,2026-08-26T03:00:04.453Z,UpdatedHeaterDC,delta_dc=-2.3619999999999925,"{""current_dc"": 0.0, ""delta_dc"": -2.3619999999999925, ""target_temperature"": 25.6, ""latest_temperature"": 29.36}",2026-08-26 08:45:04.453,1384.640277777778
Pulse experiments,pioreactor01,2026-08-26T03:03:24.414Z,UpdatedHeaterDC,delta_dc=1.6559999999999973,"{""current_dc"": 1.66, ""delta_dc"": 1.6559999999999973, ""target_temperature"": 27.7, ""latest_temperature"": 29.0}",2026-08-26 08:48:24.414,1384.695833333333
Pulse experiments,pioreactor01,2026-08-26T03:06:44.945Z,UpdatedHeaterDC,delta_dc=-1.0799999999999896,"{""current_dc"": 0.58, ""delta_dc"": -1.0799999999999896, ""target_temperature"": 27.7, ""latest_temperature"": 29.15}",2026-08-26 08:51:44.945,1384.751388888889
Pulse experiments,pioreactor01,2026-08-26T03:10:05.087Z,UpdatedHeaterDC,delta_dc=-1.3980000000000004,"{""current_dc"": 0.0, ""delta_dc"": -1.3980000000000004, ""target_temperature"": 27.7, ""latest_temperature"": 29.29}",2026-08-26 08:55:05.087,1384.807222222222
Pulse experiments,pioreactor01,2026-08-26T03:13:24.402Z,UpdatedHeaterDC,delta_dc=1.333999999999996,"{""current_dc"": 1.33, ""delta_dc"": 1.333999999999996, ""target_temperature"": 27.7, ""latest_temperature"": 29.0}",2026-08-26 08:58:24.402,1384.8625
Pulse experiments,pioreactor01,2026-08-26T03:16:44.413Z,UpdatedHeaterDC,delta_dc=0.21600000000000819,"{""current_dc"": 1.55, ""delta_dc"": 0.21600000000000819, ""target_temperature"": 27.7, ""latest_temperature"": 28.97}",2026-08-26 09:01:44.413,1384.918055555556
Pulse experiments,pioreactor01,2026-08-26T03:20:04.413Z,UpdatedHeaterDC,delta_dc=-2.082000000000002,"{""current_dc"": 0.0, ""delta_dc"": -2.082000000000002, ""target_temperature"": 27.7, ""latest_temperature"": 29.27}",2026-08-26 09:05:04.413,1384.973611111111
Pulse experiments,pioreactor01,2026-08-26T03:23:24.434Z,UpdatedHeaterDC,delta_dc=1.241999999999998,"{""current_dc"": 1.24, ""delta_dc"": 1.241999999999998, ""target_temperature"": 27.7, ""latest_temperature"": 29.0}",2026-08-26 09:08:24.434,1385.029166666667
Pulse experiments,pioreactor01,2026-08-26T03:26:44.413Z,UpdatedHeaterDC,delta_dc=-2.016000000000008,"{""current_dc"": 0.0, ""delta_dc"": -2.016000000000008, ""target_temperature"": 27.7, ""latest_temperature"": 29.28}",2026-08-26 09:11:44.413,1385.084722222222
Pulse experiments,pioreactor01,2026-08-26T03:30:04.384Z,UpdatedHeaterDC,delta_dc=1.5040000000000133,"{""current_dc"": 1.5, ""delta_dc"": 1.5040000000000133, ""target_temperature"": 27.7, ""latest_temperature"": 28.97}",2026-08-26 09:15:04.384,1385.140277777778
Pulse experiments,pioreactor01,2026-08-26T03:33:24.425Z,UpdatedHeaterDC,delta_dc=-0.569999999999996,"{""current_dc"": 0.93, ""delta_dc"": -0.569999999999996, ""target_temperature"": 27.8, ""latest_temperature"": 29.06}",2026-08-26 09:18:24.425,1385.195833333333
Pulse experiments,pioreactor01,2026-08-26T03:36:44.957Z,UpdatedHeaterDC,delta_dc=1.06799999999999,"{""current_dc"": 2.0, ""delta_dc"": 1.06799999999999, ""target_temperature"": 27.8, ""latest_temperature"": 28.89}",2026-08-26 09:21:44.957,1385.251388888889
Pulse experiments,pioreactor01,2026-08-26T03:40:05.054Z,UpdatedHeaterDC,delta_dc=-0.5059999999999973,"{""current_dc"": 1.49, ""delta_dc"": -0.5059999999999973, ""target_temperature"": 27.8, ""latest_temperature"": 29.0}",2026-08-26 09:25:05.054,1385.307222222222
Pulse experiments,pioreactor01,2026-08-26T03:43:25.028Z,UpdatedHeaterDC,delta_dc=-2.2319999999999904,"{""current_dc"": 0.0, ""delta_dc"": -2.2319999999999904, ""target_temperature"": 27.8, ""latest_temperature"": 29.31}",2026-08-26 09:28:25.028,1385.362777777778
Pulse experiments,pioreactor01,2026-08-26T03:46:44.453Z,UpdatedHeaterDC,delta_dc=1.3539999999999828,"{""current_dc"": 1.35, ""delta_dc"": 1.3539999999999828, ""target_temperature"": 27.8, ""latest_temperature"": 29.01}",2026-08-26 09:31:44.453,1385.418055555556
Pulse experiments,pioreactor01,2026-08-26T03:50:04.473Z,UpdatedHeaterDC,delta_dc=-1.89799999999999,"{""current_dc"": 0.0, ""delta_dc"": -1.89799999999999, ""target_temperature"": 27.8, ""latest_temperature"": 29.27}",2026-08-26 09:35:04.473,1385.473611111111
Pulse experiments,pioreactor01,2026-08-26T03:53:24.424Z,UpdatedHeaterDC,delta_dc=1.241999999999998,"{""current_dc"": 1.24, ""delta_dc"": 1.241999999999998, ""target_temperature"": 27.8, ""latest_temperature"": 29.0}",2026-08-26 09:38:24.424,1385.529166666667
Pulse experiments,pioreactor01,2026-08-26T03:56:44.443Z,UpdatedHeaterDC,delta_dc=-0.2879999999999938,"{""current_dc"": 0.95, ""delta_dc"": -0.2879999999999938, ""target_temperature"": 27.8, ""latest_temperature"": 29.04}",2026-08-26 09:41:44.443,1385.584722222222
Pulse experiments,pioreactor01,2026-08-26T04:00:04.473Z,UpdatedHeaterDC,delta_dc=-0.2479999999999947,"{""current_dc"": 0.7, ""delta_dc"": -0.2479999999999947, ""target_temperature"": 27.8, ""latest_temperature"": 29.06}",2026-08-26 09:45:04.473,1385.640277777778
Pulse experiments,pioreactor01,2026-08-26T04:03:24.442Z,UpdatedHeaterDC,delta_dc=-1.8119999999999996,"{""current_dc"": 0.0, ""delta_dc"": -1.8119999999999996, ""target_temperature"": 26.1, ""latest_temperature"": 29.29}",2026-08-26 09:48:24.442,1385.695833333333
Pulse experiments,pioreactor01,2026-08-26T04:06:45.072Z,UpdatedHeaterDC,delta_dc=1.333999999999996,"{""current_dc"": 1.33, ""delta_dc"": 1.333999999999996, ""target_temperature"": 26.1, ""latest_temperature"": 29.0}",2026-08-26 09:51:45.072,1385.751666666667
Pulse experiments,pioreactor01,2026-08-26T04:10:04.950Z,UpdatedHeaterDC,delta_dc=-1.008000000000004,"{""current_dc"": 0.32, ""delta_dc"": -1.008000000000004, ""target_temperature"": 26.1, ""latest_temperature"": 29.14}",2026-08-26 09:55:04.950,1385.806944444445
Pulse experiments,pioreactor01,2026-08-26T04:13:24.493Z,UpdatedHeaterDC,delta_dc=0.9319999999999964,"{""current_dc"": 1.25, ""delta_dc"": 0.9319999999999964, ""target_temperature"": 26.1, ""latest_temperature"": 28.96}",2026-08-26 09:58:24.493,1385.8625
Pulse experiments,pioreactor01,2026-08-26T04:16:44.454Z,UpdatedHeaterDC,delta_dc=-0.25600000000000733,"{""current_dc"": 0.99, ""delta_dc"": -0.25600000000000733, ""target_temperature"": 26.1, ""latest_temperature"": 29.01}",2026-08-26 10:01:44.454,1385.918055555556
Pulse experiments,pioreactor01,2026-08-26T04:20:04.433Z,UpdatedHeaterDC,delta_dc=-0.31399999999999795,"{""current_dc"": 0.68, ""delta_dc"": -0.31399999999999795, ""target_temperature"": 26.1, ""latest_temperature"": 29.05}",2026-08-26 10:05:04.433,1385.973611111111
Pulse experiments,pioreactor01,2026-08-26T04:23:24.424Z,UpdatedHeaterDC,delta_dc=0.8780000000000022,"{""current_dc"": 1.56, ""delta_dc"": 0.8780000000000022, ""target_temperature"": 26.1, ""latest_temperature"": 28.91}",2026-08-26 10:08:24.424,1386.029166666667
Pulse experiments,pioreactor01,2026-08-26T04:26:44.433Z,UpdatedHeaterDC,delta_dc=-2.7180000000000013,"{""current_dc"": 0.0, ""delta_dc"": -2.7180000000000013, ""target_temperature"": 26.1, ""latest_temperature"": 29.32}",2026-08-26 10:11:44.433,1386.084722222222
Pulse experiments,pioreactor01,2026-08-26T04:30:04.433Z,UpdatedHeaterDC,delta_dc=1.472000000000001,"{""current_dc"": 1.47, ""delta_dc"": 1.472000000000001, ""target_temperature"": 26.1, ""latest_temperature"": 29.0}",2026-08-26 10:15:04.433,1386.140277777778
Pulse experiments,pioreactor01,2026-08-26T04:33:24.453Z,UpdatedHeaterDC,delta_dc=-0.7200000000000102,"{""current_dc"": 0.75, ""delta_dc"": -0.7200000000000102, ""target_temperature"": 28.8, ""latest_temperature"": 29.1}",2026-08-26 10:18:24.453,1386.195833333333
Pulse experiments,pioreactor01,2026-08-26T04:36:45.201Z,UpdatedHeaterDC,delta_dc=-1.0519999999999996,"{""current_dc"": 0.0, ""delta_dc"": -1.0519999999999996, ""target_temperature"": 28.8, ""latest_temperature"": 29.21}",2026-08-26 10:21:45.201,1386.251666666667
Pulse experiments,pioreactor01,2026-08-26T04:40:04.947Z,UpdatedHeaterDC,delta_dc=0.9660000000000039,"{""current_dc"": 0.97, ""delta_dc"": 0.9660000000000039, ""target_temperature"": 28.8, ""latest_temperature"": 29.0}",2026-08-26 10:25:04.947,1386.306944444445
Pulse experiments,pioreactor01,2026-08-26T04:43:24.918Z,UpdatedHeaterDC,delta_dc=-0.8640000000000071,"{""current_dc"": 0.11, ""delta_dc"": -0.8640000000000071, ""target_temperature"": 28.8, ""latest_temperature"": 29.12}",2026-08-26 10:28:24.918,1386.3625
Pulse experiments,pioreactor01,2026-08-26T04:46:44.434Z,UpdatedHeaterDC,delta_dc=-1.0319999999999871,"{""current_dc"": 0.0, ""delta_dc"": -1.0319999999999871, ""target_temperature"": 28.8, ""latest_temperature"": 29.22}",2026-08-26 10:31:44.434,1386.418055555556
Pulse experiments,pioreactor01,2026-08-26T04:50:04.423Z,UpdatedHeaterDC,delta_dc=1.0119999999999947,"{""current_dc"": 1.01, ""delta_dc"": 1.0119999999999947, ""target_temperature"": 28.8, ""latest_temperature"": 29.0}",2026-08-26 10:35:04.423,1386.473611111111
Pulse experiments,pioreactor01,2026-08-26T04:53:24.444Z,UpdatedHeaterDC,delta_dc=1.152000000000001,"{""current_dc"": 2.16, ""delta_dc"": 1.152000000000001, ""target_temperature"": 28.8, ""latest_temperature"": 28.84}",2026-08-26 10:38:24.444,1386.529166666667
Pulse experiments,pioreactor01,2026-08-26T04:56:44.414Z,UpdatedHeaterDC,delta_dc=0.41600000000000037,"{""current_dc"": 2.58, ""delta_dc"": 0.41600000000000037, ""target_temperature"": 28.8, ""latest_temperature"": 28.84}",2026-08-26 10:41:44.414,1386.584722222222
Pulse experiments,pioreactor01,2026-08-26T05:00:04.432Z,UpdatedHeaterDC,delta_dc=-0.5920000000000036,"{""current_dc"": 1.99, ""delta_dc"": -0.5920000000000036, ""target_temperature"": 28.8, ""latest_temperature"": 28.98}",2026-08-26 10:45:04.432,1386.640277777778
Pulse experiments,pioreactor01,2026-08-26T05:03:24.432Z,UpdatedHeaterDC,delta_dc=-0.019999999999986782,"{""current_dc"": 1.97, ""delta_dc"": -0.019999999999986782, ""target_temperature"": 24.9, ""latest_temperature"": 28.99}",2026-08-26 10:48:24.432,1386.695833333333
Pulse experiments,pioreactor01,2026-08-26T05:06:44.987Z,UpdatedHeaterDC,delta_dc=-0.5500000000000093,"{""current_dc"": 1.42, ""delta_dc"": -0.5500000000000093, ""target_temperature"": 24.9, ""latest_temperature"": 29.07}",2026-08-26 10:51:44.987,1386.751388888889
Pulse experiments,pioreactor01,2026-08-26T05:10:05.053Z,UpdatedHeaterDC,delta_dc=0.3220000000000013,"{""current_dc"": 1.74, ""delta_dc"": 0.3220000000000013, ""target_temperature"": 24.9, ""latest_temperature"": 29.0}",2026-08-26 10:55:05.053,1386.807222222222
Pulse experiments,pioreactor01,2026-08-26T05:13:24.807Z,UpdatedHeaterDC,delta_dc=-0.07200000000001125,"{""current_dc"": 1.67, ""delta_dc"": -0.07200000000001125, ""target_temperature"": 24.9, ""latest_temperature"": 29.01}",2026-08-26 10:58:24.807,1386.8625
Pulse experiments,pioreactor01,2026-08-26T05:16:44.433Z,UpdatedHeaterDC,delta_dc=0.40600000000001235,"{""current_dc"": 2.08, ""delta_dc"": 0.40600000000001235, ""target_temperature"": 24.9, ""latest_temperature"": 28.95}",2026-08-26 11:01:44.433,1386.918055555556
Pulse experiments,pioreactor01,2026-08-26T05:20:04.413Z,UpdatedHeaterDC,delta_dc=-0.661999999999994,"{""current_dc"": 1.42, ""delta_dc"": -0.661999999999994, ""target_temperature"": 24.9, ""latest_temperature"": 29.06}",2026-08-26 11:05:04.413,1386.973611111111
Pulse experiments,pioreactor01,2026-08-26T05:23:24.403Z,UpdatedHeaterDC,delta_dc=-0.73200000000001,"{""current_dc"": 0.69, ""delta_dc"": -0.73200000000001, ""target_temperature"": 24.9, ""latest_temperature"": 29.14}",2026-08-26 11:08:24.403,1387.029166666667
Pulse experiments,pioreactor01,2026-08-26T05:26:44.413Z,UpdatedHeaterDC,delta_dc=-0.9399999999999892,"{""current_dc"": 0.0, ""delta_dc"": -0.9399999999999892, ""target_temperature"": 24.9, ""latest_temperature"": 29.22}",2026-08-26 11:11:44.413,1387.084722222222
Pulse experiments,pioreactor01,2026-08-26T05:30:04.403Z,UpdatedHeaterDC,delta_dc=1.3719999999999999,"{""current_dc"": 1.37, ""delta_dc"": 1.3719999999999999, ""target_temperature"": 24.9, ""latest_temperature"": 28.95}",2026-08-26 11:15:04.403,1387.140277777778
Pulse experiments,pioreactor01,2026-08-26T05:33:24.413Z,UpdatedHeaterDC,delta_dc=0.8499999999999864,"{""current_dc"": 2.22, ""delta_dc"": 0.8499999999999864, ""target_temperature"": 28.4, ""latest_temperature"": 28.85}",2026-08-26 11:18:24.413,1387.195833333333
Pulse experiments,pioreactor01,2026-08-26T05:36:44.833Z,UpdatedHeaterDC,delta_dc=-0.9779999999999872,"{""current_dc"": 1.24, ""delta_dc"": -0.9779999999999872, ""target_temperature"": 28.4, ""latest_temperature"": 29.04}",2026-08-26 11:21:44.833,1387.251388888889
Pulse experiments,pioreactor01,2026-08-26T05:43:24.869Z,UpdatedHeaterDC,delta_dc=-0.6079999999999999,"{""current_dc"": 0.63, ""delta_dc"": -0.6079999999999999, ""target_temperature"": 28.4, ""latest_temperature"": 29.11}",2026-08-26 11:28:24.869,1387.3625
Pulse experiments,pioreactor01,2026-08-26T05:46:44.433Z,UpdatedHeaterDC,delta_dc=-2.0140000000000127,"{""current_dc"": 0.0, ""delta_dc"": -2.0140000000000127, ""target_temperature"": 28.4, ""latest_temperature"": 29.35}",2026-08-26 11:31:44.433,1387.418055555556
Pulse experiments,pioreactor01,2026-08-26T05:50:04.413Z,UpdatedHeaterDC,delta_dc=1.7540000000000033,"{""current_dc"": 1.75, ""delta_dc"": 1.7540000000000033, ""target_temperature"": 28.4, ""latest_temperature"": 28.98}",2026-08-26 11:35:04.413,1387.473611111111
Pulse experiments,pioreactor01,2026-08-26T05:53:24.423Z,UpdatedHeaterDC,delta_dc=-0.8120000000000083,"{""current_dc"": 0.94, ""delta_dc"": -0.8120000000000083, ""target_temperature"": 28.4, ""latest_temperature"": 29.1}",2026-08-26 11:38:24.423,1387.529166666667
Pulse experiments,pioreactor01,2026-08-26T05:56:44.424Z,UpdatedHeaterDC,delta_dc=-0.9799999999999882,"{""current_dc"": 0.0, ""delta_dc"": -0.9799999999999882, ""target_temperature"": 28.4, ""latest_temperature"": 29.2}",2026-08-26 11:41:44.424,1387.584722222222
Pulse experiments,pioreactor01,2026-08-26T06:00:04.412Z,UpdatedHeaterDC,delta_dc=1.3519999999999874,"{""current_dc"": 1.35, ""delta_dc"": 1.3519999999999874, ""target_temperature"": 28.4, ""latest_temperature"": 28.94}",2026-08-26 11:45:04.412,1387.640277777778
Pulse experiments,pioreactor01,2026-08-26T06:03:24.404Z,UpdatedHeaterDC,delta_dc=1.0920000000000152,"{""current_dc"": 2.44, ""delta_dc"": 1.0920000000000152, ""target_temperature"": 26.9, ""latest_temperature"": 28.81}",2026-08-26 11:48:24.404,1387.695833333333
Pulse experiments,pioreactor01,2026-08-26T06:06:45.035Z,UpdatedHeaterDC,delta_dc=-0.946000000000017,"{""current_dc"": 1.49, ""delta_dc"": -0.946000000000017, ""target_temperature"": 26.9, ""latest_temperature"": 29.01}",2026-08-26 11:51:45.035,1387.751666666667
Pulse experiments,pioreactor01,2026-08-26T06:10:04.984Z,UpdatedHeaterDC,delta_dc=-1.6099999999999959,"{""current_dc"": 0.0, ""delta_dc"": -1.6099999999999959, ""target_temperature"": 26.9, ""latest_temperature"": 29.23}",2026-08-26 11:55:04.984,1387.806944444445
Pulse experiments,pioreactor01,2026-08-26T06:13:24.777Z,UpdatedHeaterDC,delta_dc=1.3459999999999959,"{""current_dc"": 1.35, ""delta_dc"": 1.3459999999999959, ""target_temperature"": 26.9, ""latest_temperature"": 28.96}",2026-08-26 11:58:24.777,1387.8625
Pulse experiments,pioreactor01,2026-08-26T06:16:44.414Z,UpdatedHeaterDC,delta_dc=-1.2639999999999858,"{""current_dc"": 0.09, ""delta_dc"": -1.2639999999999858, ""target_temperature"": 26.9, ""latest_temperature"": 29.15}",2026-08-26 12:01:44.414,1387.918055555556
Pulse experiments,pioreactor01,2026-08-26T06:20:04.464Z,UpdatedHeaterDC,delta_dc=0.9779999999999872,"{""current_dc"": 1.07, ""delta_dc"": 0.9779999999999872, ""target_temperature"": 26.9, ""latest_temperature"": 28.96}",2026-08-26 12:05:04.464,1387.973611111111
Pulse experiments,pioreactor01,2026-08-26T06:23:24.424Z,UpdatedHeaterDC,delta_dc=0.680000000000011,"{""current_dc"": 1.75, ""delta_dc"": 0.680000000000011, ""target_temperature"": 26.9, ""latest_temperature"": 28.88}",2026-08-26 12:08:24.424,1388.029166666667
Pulse experiments,pioreactor01,2026-08-26T06:26:44.413Z,UpdatedHeaterDC,delta_dc=-1.272000000000015,"{""current_dc"": 0.48, ""delta_dc"": -1.272000000000015, ""target_temperature"": 26.9, ""latest_temperature"": 29.1}",2026-08-26 12:11:44.413,1388.084722222222
Pulse experiments,pioreactor01,2026-08-26T06:30:04.443Z,UpdatedHeaterDC,delta_dc=-1.4839999999999904,"{""current_dc"": 0.0, ""delta_dc"": -1.4839999999999904, ""target_temperature"": 26.9, ""latest_temperature"": 29.27}",2026-08-26 12:15:04.443,1388.140277777778
Pulse experiments,pioreactor01,2026-08-26T06:33:24.423Z,UpdatedHeaterDC,delta_dc=1.9620000000000082,"{""current_dc"": 1.96, ""delta_dc"": 1.9620000000000082, ""target_temperature"": 27.4, ""latest_temperature"": 28.9}",2026-08-26 12:18:24.423,1388.195833333333
Pulse experiments,pioreactor01,2026-08-26T06:36:44.754Z,UpdatedHeaterDC,delta_dc=0.6199999999999832,"{""current_dc"": 2.58, ""delta_dc"": 0.6199999999999832, ""target_temperature"": 27.4, ""latest_temperature"": 28.85}",2026-08-26 12:21:44.754,1388.251388888889
Pulse experiments,pioreactor01,2026-08-26T06:40:04.900Z,UpdatedHeaterDC,delta_dc=-1.1939999999999955,"{""current_dc"": 1.39, ""delta_dc"": -1.1939999999999955, ""target_temperature"": 27.4, ""latest_temperature"": 29.07}",2026-08-26 12:25:04.900,1388.306944444445
Pulse experiments,pioreactor01,2026-08-26T06:43:24.809Z,UpdatedHeaterDC,delta_dc=-1.7659999999999925,"{""current_dc"": 0.0, ""delta_dc"": -1.7659999999999925, ""target_temperature"": 27.4, ""latest_temperature"": 29.29}",2026-08-26 12:28:24.809,1388.3625
Pulse experiments,pioreactor01,2026-08-26T06:46:44.523Z,UpdatedHeaterDC,delta_dc=1.333999999999996,"{""current_dc"": 1.33, ""delta_dc"": 1.333999999999996, ""target_temperature"": 27.4, ""latest_temperature"": 29.0}",2026-08-26 12:31:44.523,1388.418055555556
Pulse experiments,pioreactor01,2026-08-26T06:50:04.443Z,UpdatedHeaterDC,delta_dc=-3.239999999999995,"{""current_dc"": 0.0, ""delta_dc"": -3.239999999999995, ""target_temperature"": 27.4, ""latest_temperature"": 29.45}",2026-08-26 12:35:04.443,1388.473611111111
Pulse experiments,pioreactor01,2026-08-26T06:53:24.414Z,UpdatedHeaterDC,delta_dc=1.9979999999999853,"{""current_dc"": 2.0, ""delta_dc"": 1.9979999999999853, ""target_temperature"": 27.4, ""latest_temperature"": 29.01}",2026-08-26 12:38:24.414,1388.529166666667
Pulse experiments,pioreactor01,2026-08-26T06:56:44.423Z,UpdatedHeaterDC,delta_dc=-1.4659999999999989,"{""current_dc"": 0.53, ""delta_dc"": -1.4659999999999989, ""target_temperature"": 27.4, ""latest_temperature"": 29.21}",2026-08-26 12:41:44.423,1388.584722222222
Pulse experiments,pioreactor01,2026-08-26T07:00:04.442Z,UpdatedHeaterDC,delta_dc=-1.698000000000003,"{""current_dc"": 0.0, ""delta_dc"": -1.698000000000003, ""target_temperature"": 27.4, ""latest_temperature"": 29.37}",2026-08-26 12:45:04.442,1388.640277777778
Pulse experiments,pioreactor01,2026-08-26T07:03:24.423Z,UpdatedHeaterDC,delta_dc=1.7020000000000044,"{""current_dc"": 1.7, ""delta_dc"": 1.7020000000000044, ""target_temperature"": 29.2, ""latest_temperature"": 29.0}",2026-08-26 12:48:24.423,1388.695833333333
Pulse experiments,pioreactor01,2026-08-26T07:06:44.901Z,UpdatedHeaterDC,delta_dc=-0.4319999999999907,"{""current_dc"": 1.27, ""delta_dc"": -0.4319999999999907, ""target_temperature"": 29.2, ""latest_temperature"": 29.06}",2026-08-26 12:51:44.901,1388.751388888889
Pulse experiments,pioreactor01,2026-08-26T07:10:04.665Z,UpdatedHeaterDC,delta_dc=0.563999999999988,"{""current_dc"": 1.83, ""delta_dc"": 0.563999999999988, ""target_temperature"": 29.2, ""latest_temperature"": 28.96}",2026-08-26 12:55:04.665,1388.806944444445
