experiment,pioreactor_unit,timestamp,co2_reading_ppm,temperature_c,relative_humidity,timestamp_localtime,hours_since_experiment_created
Pulse experiments,pioreactor01,2026-06-29T12:30:17.840Z,466.0,32.65,56.42,2026-06-29 18:15:17.840,2.143888888889
Pulse experiments,pioreactor01,2026-06-29T12:30:47.838Z,464.0,32.68,56.43,2026-06-29 18:15:47.838,2.152222222222
Pulse experiments,pioreactor01,2026-06-29T12:31:17.830Z,467.0,32.66,56.41,2026-06-29 18:16:17.830,2.160555555556
Pulse experiments,pioreactor01,2026-06-29T12:31:47.834Z,464.0,32.65,56.54,2026-06-29 18:16:47.834,2.168888888889
Pulse experiments,pioreactor01,2026-06-29T12:32:55.086Z,418.0,32.67,56.6,2026-06-29 18:17:55.086,2.187777777778
Pulse experiments,pioreactor01,2026-06-29T12:35:19.277Z,387.0,32.52,56.71,2026-06-29 18:20:19.277,2.227777777778
Pulse experiments,pioreactor01,2026-06-29T12:35:49.329Z,399.0,32.5,56.81,2026-06-29 18:20:49.329,2.236111111111
Pulse experiments,pioreactor01,2026-06-29T12:36:19.301Z,410.0,32.54,56.69,2026-06-29 18:21:19.301,2.244444444444
Pulse experiments,pioreactor01,2026-06-29T12:40:49.292Z,460.0,,,2026-06-29 18:25:49.292,2.319444444444
Pulse experiments,pioreactor01,2026-06-29T12:41:19.294Z,463.0,31.95,56.4,2026-06-29 18:26:19.294,2.327777777778
Pulse experiments,pioreactor01,2026-06-29T12:41:49.293Z,468.0,31.79,56.74,2026-06-29 18:26:49.293,2.336111111111
Pulse experiments,pioreactor01,2026-06-29T12:42:19.297Z,468.0,31.62,57.04,2026-06-29 18:27:19.297,2.344444444444
Pulse experiments,pioreactor01,2026-06-29T12:42:49.294Z,470.0,31.5,57.37,2026-06-29 18:27:49.294,2.352777777778
Pulse experiments,pioreactor01,2026-06-29T12:43:19.293Z,470.0,31.37,57.65,2026-06-29 18:28:19.293,2.361111111111
Pulse experiments,pioreactor01,2026-06-29T12:43:49.287Z,473.0,31.24,58.12,2026-06-29 18:28:49.287,2.369444444444
Pulse experiments,pioreactor01,2026-06-29T12:44:19.297Z,468.0,31.16,58.43,2026-06-29 18:29:19.297,2.377777777778
Pulse experiments,pioreactor01,2026-06-29T12:44:49.294Z,464.0,31.08,58.76,2026-06-29 18:29:49.294,2.386111111111
Pulse experiments,pioreactor01,2026-06-29T12:45:19.299Z,462.0,31.09,58.96,2026-06-29 18:30:19.299,2.394444444444
Pulse experiments,pioreactor01,2026-06-29T12:45:49.290Z,465.0,31.03,59.23,2026-06-29 18:30:49.290,2.402777777778
Pulse experiments,pioreactor01,2026-06-29T12:46:19.338Z,465.0,31.05,59.34,2026-06-29 18:31:19.338,2.411111111111
Pulse experiments,pioreactor01,2026-06-29T12:46:49.308Z,461.0,31.04,59.44,2026-06-29 18:31:49.308,2.419444444444
Pulse experiments,pioreactor01,2026-06-29T12:47:19.315Z,461.0,31.04,59.53,2026-06-29 18:32:19.315,2.427777777778
Pulse experiments,pioreactor01,2026-06-29T12:47:49.332Z,458.0,31.03,59.75,2026-06-29 18:32:49.332,2.436111111111
Pulse experiments,pioreactor01,2026-06-29T12:48:19.286Z,456.0,31.01,59.89,2026-06-29 18:33:19.286,2.444444444444
Pulse experiments,pioreactor01,2026-06-29T12:48:49.322Z,459.0,31.02,60.03,2026-06-29 18:33:49.322,2.452777777778
Pulse experiments,pioreactor01,2026-06-29T12:49:19.353Z,458.0,31.07,59.94,2026-06-29 18:34:19.353,2.461111111111
Pulse experiments,pioreactor01,2026-06-29T12:49:49.294Z,461.0,31.11,59.96,2026-06-29 18:34:49.294,2.469444444444
Pulse experiments,pioreactor01,2026-06-29T12:50:19.292Z,461.0,31.16,59.88,2026-06-29 18:35:19.292,2.477777777778
Pulse experiments,pioreactor01,2026-06-29T12:50:49.299Z,459.0,31.19,59.81,2026-06-29 18:35:49.299,2.486111111111
Pulse experiments,pioreactor01,2026-06-29T12:51:19.298Z,457.0,31.25,59.77,2026-06-29 18:36:19.298,2.494444444444
Pulse experiments,pioreactor01,2026-06-29T12:51:49.294Z,460.0,31.26,59.81,2026-06-29 18:36:49.294,2.502777777778
Pulse experiments,pioreactor01,2026-06-29T12:52:19.288Z,460.0,31.35,59.79,2026-06-29 18:37:19.288,2.511111111111
Pulse experiments,pioreactor01,2026-06-29T12:52:49.289Z,457.0,31.4,59.71,2026-06-29 18:37:49.289,2.519444444444
Pulse experiments,pioreactor01,2026-06-29T12:53:19.287Z,462.0,31.45,59.48,2026-06-29 18:38:19.287,2.527777777778
Pulse experiments,pioreactor01,2026-06-29T12:53:49.290Z,461.0,31.46,59.39,2026-06-29 18:38:49.290,2.536111111111
Pulse experiments,pioreactor01,2026-06-29T12:54:19.292Z,465.0,31.5,59.35,2026-06-29 18:39:19.292,2.544444444444
Pulse experiments,pioreactor01,2026-06-29T12:54:49.293Z,459.0,31.52,59.38,2026-06-29 18:39:49.293,2.552777777778
Pulse experiments,pioreactor01,2026-06-29T12:55:19.291Z,466.0,31.6,59.44,2026-06-29 18:40:19.291,2.561111111111
Pulse experiments,pioreactor01,2026-06-29T12:55:49.292Z,462.0,31.68,59.36,2026-06-29 18:40:49.292,2.569444444444
Pulse experiments,pioreactor01,2026-06-29T12:56:19.292Z,465.0,31.71,59.21,2026-06-29 18:41:19.292,2.577777777778
Pulse experiments,pioreactor01,2026-06-29T12:56:49.293Z,466.0,31.76,59.07,2026-06-29 18:41:49.293,2.586111111111
Pulse experiments,pioreactor01,2026-06-29T12:57:19.294Z,468.0,31.78,58.92,2026-06-29 18:42:19.294,2.594444444444
Pulse experiments,pioreactor01,2026-06-29T12:57:49.294Z,469.0,31.81,58.86,2026-06-29 18:42:49.294,2.602777777778
Pulse experiments,pioreactor01,2026-06-29T12:58:19.296Z,470.0,31.86,58.91,2026-06-29 18:43:19.296,2.611111111111
Pulse experiments,pioreactor01,2026-06-29T12:58:49.295Z,475.0,31.91,58.91,2026-06-29 18:43:49.295,2.619444444444
Pulse experiments,pioreactor01,2026-06-29T12:59:19.294Z,473.0,31.94,58.83,2026-06-29 18:44:19.294,2.627777777778
Pulse experiments,pioreactor01,2026-06-29T12:59:49.294Z,470.0,32.02,58.7,2026-06-29 18:44:49.294,2.636111111111
Pulse experiments,pioreactor01,2026-06-29T13:00:19.292Z,473.0,32.06,58.49,2026-06-29 18:45:19.292,2.644444444444
Pulse experiments,pioreactor01,2026-06-29T13:00:49.296Z,471.0,32.05,58.28,2026-06-29 18:45:49.296,2.652777777778
Pulse experiments,pioreactor01,2026-06-29T13:01:19.294Z,470.0,32.09,58.29,2026-06-29 18:46:19.294,2.661111111111
Pulse experiments,pioreactor01,2026-06-29T13:01:49.295Z,469.0,32.12,58.24,2026-06-29 18:46:49.295,2.669444444444
Pulse experiments,pioreactor01,2026-06-29T13:02:19.295Z,466.0,32.22,58.16,2026-06-29 18:47:19.295,2.677777777778
Pulse experiments,pioreactor01,2026-06-29T13:02:49.295Z,470.0,32.26,58.02,2026-06-29 18:47:49.295,2.686111111111
Pulse experiments,pioreactor01,2026-06-29T13:03:19.359Z,468.0,32.29,57.79,2026-06-29 18:48:19.359,2.694444444444
Pulse experiments,pioreactor01,2026-06-29T13:03:49.301Z,465.0,32.32,57.71,2026-06-29 18:48:49.301,2.702777777778
Pulse experiments,pioreactor01,2026-06-29T13:04:19.296Z,467.0,32.36,57.69,2026-06-29 18:49:19.296,2.711111111111
Pulse experiments,pioreactor01,2026-06-29T13:04:49.297Z,470.0,32.37,57.64,2026-06-29 18:49:49.297,2.719444444444
Pulse experiments,pioreactor01,2026-06-29T13:05:19.300Z,471.0,32.37,57.68,2026-06-29 18:50:19.300,2.727777777778
Pulse experiments,pioreactor01,2026-06-29T13:05:49.295Z,468.0,32.42,57.6,2026-06-29 18:50:49.295,2.736111111111
Pulse experiments,pioreactor01,2026-06-29T13:06:19.300Z,467.0,32.42,57.5,2026-06-29 18:51:19.300,2.744444444444
Pulse experiments,pioreactor01,2026-06-29T13:06:49.298Z,466.0,32.41,57.41,2026-06-29 18:51:49.298,2.752777777778
Pulse experiments,pioreactor01,2026-06-29T13:07:19.297Z,465.0,32.41,57.34,2026-06-29 18:52:19.297,2.761111111111
Pulse experiments,pioreactor01,2026-06-29T13:07:49.296Z,469.0,32.4,57.33,2026-06-29 18:52:49.296,2.769444444444
Pulse experiments,pioreactor01,2026-06-29T13:08:19.300Z,468.0,32.41,57.36,2026-06-29 18:53:19.300,2.777777777778
Pulse experiments,pioreactor01,2026-06-29T13:08:49.331Z,465.0,32.41,57.37,2026-06-29 18:53:49.331,2.786111111111
Pulse experiments,pioreactor01,2026-06-29T13:09:19.306Z,465.0,32.44,57.37,2026-06-29 18:54:19.306,2.794444444444
Pulse experiments,pioreactor01,2026-06-29T13:09:49.299Z,464.0,32.46,57.23,2026-06-29 18:54:49.299,2.802777777778
Pulse experiments,pioreactor01,2026-06-29T13:10:19.301Z,468.0,32.48,57.23,2026-06-29 18:55:19.301,2.811111111111
Pulse experiments,pioreactor01,2026-06-29T13:10:49.321Z,472.0,32.46,57.13,2026-06-29 18:55:49.321,2.819444444444
Pulse experiments,pioreactor01,2026-06-29T13:11:19.304Z,472.0,32.51,57.1,2026-06-29 18:56:19.304,2.827777777778
Pulse experiments,pioreactor01,2026-06-29T13:11:49.300Z,470.0,32.5,57.16,2026-06-29 18:56:49.300,2.836111111111
Pulse experiments,pioreactor01,2026-06-29T13:12:19.300Z,471.0,32.52,57.17,2026-06-29 18:57:19.300,2.844444444444
Pulse experiments,pioreactor01,2026-06-29T13:12:49.299Z,472.0,32.55,57.15,2026-06-29 18:57:49.299,2.852777777778
Pulse experiments,pioreactor01,2026-06-29T13:13:19.302Z,477.0,32.55,57.05,2026-06-29 18:58:19.302,2.861111111111
Pulse experiments,pioreactor01,2026-06-29T13:13:49.302Z,482.0,32.57,57.03,2026-06-29 18:58:49.302,2.869444444444
Pulse experiments,pioreactor01,2026-06-29T13:14:19.301Z,480.0,32.6,56.98,2026-06-29 18:59:19.301,2.877777777778
Pulse experiments,pioreactor01,2026-06-29T13:14:49.301Z,487.0,32.59,57.01,2026-06-29 18:59:49.301,2.886111111111
Pulse experiments,pioreactor01,2026-06-29T13:15:19.302Z,484.0,32.56,57.1,2026-06-29 19:00:19.302,2.894444444444
Pulse experiments,pioreactor01,2026-06-29T13:15:49.304Z,482.0,32.54,57.15,2026-06-29 19:00:49.304,2.902777777778
Pulse experiments,pioreactor01,2026-06-29T13:16:19.318Z,485.0,32.58,57.08,2026-06-29 19:01:19.318,2.911111111111
Pulse experiments,pioreactor01,2026-06-29T13:16:49.303Z,488.0,32.59,57.06,2026-06-29 19:01:49.303,2.919444444444
Pulse experiments,pioreactor01,2026-06-29T13:17:19.303Z,490.0,32.55,57.11,2026-06-29 19:02:19.303,2.927777777778
Pulse experiments,pioreactor01,2026-06-29T13:17:49.304Z,491.0,32.58,57.11,2026-06-29 19:02:49.304,2.936111111111
Pulse experiments,pioreactor01,2026-06-29T13:18:19.305Z,501.0,32.62,57.14,2026-06-29 19:03:19.305,2.944444444444
Pulse experiments,pioreactor01,2026-06-29T13:18:49.304Z,506.0,32.62,57.12,2026-06-29 19:03:49.304,2.952777777778
Pulse experiments,pioreactor01,2026-06-29T13:19:19.304Z,513.0,32.65,57.06,2026-06-29 19:04:19.304,2.961111111111
Pulse experiments,pioreactor01,2026-06-29T13:19:49.304Z,520.0,32.64,57.03,2026-06-29 19:04:49.304,2.969444444444
Pulse experiments,pioreactor01,2026-06-29T13:20:19.305Z,521.0,32.65,57.0,2026-06-29 19:05:19.305,2.977777777778
Pulse experiments,pioreactor01,2026-06-29T13:20:49.306Z,517.0,32.62,56.99,2026-06-29 19:05:49.306,2.986111111111
Pulse experiments,pioreactor01,2026-06-29T13:21:19.307Z,517.0,32.63,57.04,2026-06-29 19:06:19.307,2.994444444444
Pulse experiments,pioreactor01,2026-06-29T13:21:49.305Z,520.0,32.58,57.17,2026-06-29 19:06:49.305,3.002777777778
Pulse experiments,pioreactor01,2026-06-29T13:22:19.308Z,520.0,32.53,57.21,2026-06-29 19:07:19.308,3.011111111111
Pulse experiments,pioreactor01,2026-06-29T13:22:49.308Z,521.0,32.54,57.25,2026-06-29 19:07:49.308,3.019444444444
Pulse experiments,pioreactor01,2026-06-29T13:23:19.309Z,522.0,32.51,57.31,2026-06-29 19:08:19.309,3.027777777778
Pulse experiments,pioreactor01,2026-06-29T13:23:49.308Z,523.0,32.46,57.34,2026-06-29 19:08:49.308,3.036111111111
Pulse experiments,pioreactor01,2026-06-29T13:24:19.309Z,529.0,32.5,57.32,2026-06-29 19:09:19.309,3.044444444444
Pulse experiments,pioreactor01,2026-06-29T13:24:49.315Z,529.0,32.51,57.36,2026-06-29 19:09:49.315,3.052777777778
Pulse experiments,pioreactor01,2026-06-29T13:25:19.306Z,527.0,32.5,57.43,2026-06-29 19:10:19.306,3.061111111111
Pulse experiments,pioreactor01,2026-06-29T13:25:49.309Z,535.0,32.49,57.4,2026-06-29 19:10:49.309,3.069444444444
Pulse experiments,pioreactor01,2026-06-29T13:26:19.310Z,536.0,32.53,57.41,2026-06-29 19:11:19.310,3.077777777778
Pulse experiments,pioreactor01,2026-06-29T13:26:49.311Z,538.0,32.48,57.41,2026-06-29 19:11:49.311,3.086111111111
Pulse experiments,pioreactor01,2026-06-29T13:27:19.311Z,536.0,32.48,57.45,2026-06-29 19:12:19.311,3.094444444444
Pulse experiments,pioreactor01,2026-06-29T13:27:49.311Z,539.0,32.44,57.45,2026-06-29 19:12:49.311,3.102777777778
Pulse experiments,pioreactor01,2026-06-29T13:28:19.312Z,532.0,32.43,57.46,2026-06-29 19:13:19.312,3.111111111111
Pulse experiments,pioreactor01,2026-06-29T13:28:49.311Z,524.0,32.4,57.54,2026-06-29 19:13:49.311,3.119444444444
Pulse experiments,pioreactor01,2026-06-29T13:29:19.313Z,523.0,32.37,57.52,2026-06-29 19:14:19.313,3.127777777778
Pulse experiments,pioreactor01,2026-06-29T13:29:49.313Z,514.0,32.35,57.5,2026-06-29 19:14:49.313,3.136111111111
Pulse experiments,pioreactor01,2026-06-29T13:30:19.343Z,513.0,32.37,57.42,2026-06-29 19:15:19.343,3.144444444444
Pulse experiments,pioreactor01,2026-06-29T13:30:49.364Z,508.0,32.37,57.44,2026-06-29 19:15:49.364,3.152777777778
Pulse experiments,pioreactor01,2026-06-29T13:31:19.318Z,501.0,32.35,57.42,2026-06-29 19:16:19.318,3.161111111111
Pulse experiments,pioreactor01,2026-06-29T13:31:49.319Z,498.0,32.35,57.41,2026-06-29 19:16:49.319,3.169444444444
Pulse experiments,pioreactor01,2026-06-29T13:32:19.330Z,498.0,32.31,57.46,2026-06-29 19:17:19.330,3.177777777778
Pulse experiments,pioreactor01,2026-06-29T13:32:49.317Z,500.0,32.37,57.43,2026-06-29 19:17:49.317,3.186111111111
Pulse experiments,pioreactor01,2026-06-29T13:33:19.318Z,498.0,32.34,57.34,2026-06-29 19:18:19.318,3.194444444444
Pulse experiments,pioreactor01,2026-06-29T13:33:49.316Z,495.0,32.31,57.39,2026-06-29 19:18:49.316,3.202777777778
Pulse experiments,pioreactor01,2026-06-29T13:34:19.315Z,489.0,32.27,57.43,2026-06-29 19:19:19.315,3.211111111111
Pulse experiments,pioreactor01,2026-06-29T13:34:49.315Z,486.0,32.24,57.51,2026-06-29 19:19:49.315,3.219444444444
Pulse experiments,pioreactor01,2026-06-29T13:35:19.317Z,487.0,32.22,57.61,2026-06-29 19:20:19.317,3.227777777778
Pulse experiments,pioreactor01,2026-06-29T13:35:49.318Z,487.0,32.23,57.64,2026-06-29 19:20:49.318,3.236111111111
Pulse experiments,pioreactor01,2026-06-29T13:36:19.316Z,486.0,32.21,57.65,2026-06-29 19:21:19.316,3.244444444444
Pulse experiments,pioreactor01,2026-06-29T13:36:49.318Z,482.0,32.24,57.69,2026-06-29 19:21:49.318,3.252777777778
Pulse experiments,pioreactor01,2026-06-29T13:37:19.315Z,481.0,32.22,57.69,2026-06-29 19:22:19.315,3.261111111111
Pulse experiments,pioreactor01,2026-06-29T13:37:49.317Z,483.0,32.2,57.79,2026-06-29 19:22:49.317,3.269444444444
Pulse experiments,pioreactor01,2026-06-29T13:38:19.321Z,484.0,32.18,57.85,2026-06-29 19:23:19.321,3.277777777778
Pulse experiments,pioreactor01,2026-06-29T13:38:49.319Z,483.0,32.19,57.89,2026-06-29 19:23:49.319,3.286111111111
Pulse experiments,pioreactor01,2026-06-29T13:39:19.318Z,480.0,32.16,57.9,2026-06-29 19:24:19.318,3.294444444444
Pulse experiments,pioreactor01,2026-06-29T13:39:49.319Z,480.0,32.14,57.95,2026-06-29 19:24:49.319,3.302777777778
Pulse experiments,pioreactor01,2026-06-29T13:40:19.319Z,480.0,32.16,57.9,2026-06-29 19:25:19.319,3.311111111111
Pulse experiments,pioreactor01,2026-06-29T13:40:49.316Z,478.0,32.14,57.88,2026-06-29 19:25:49.316,3.319444444444
Pulse experiments,pioreactor01,2026-06-29T13:41:19.317Z,476.0,32.12,57.92,2026-06-29 19:26:19.317,3.327777777778
Pulse experiments,pioreactor01,2026-06-29T13:41:49.320Z,477.0,32.12,57.96,2026-06-29 19:26:49.320,3.336111111111
Pulse experiments,pioreactor01,2026-06-29T13:42:19.321Z,477.0,32.11,57.98,2026-06-29 19:27:19.321,3.344444444444
Pulse experiments,pioreactor01,2026-06-29T13:42:49.321Z,472.0,32.09,57.95,2026-06-29 19:27:49.321,3.352777777778
Pulse experiments,pioreactor01,2026-06-29T13:43:19.322Z,470.0,32.11,57.92,2026-06-29 19:28:19.322,3.361111111111
Pulse experiments,pioreactor01,2026-06-29T13:43:49.318Z,470.0,32.09,57.98,2026-06-29 19:28:49.318,3.369444444444
Pulse experiments,pioreactor01,2026-06-29T13:44:19.323Z,470.0,32.08,57.99,2026-06-29 19:29:19.323,3.377777777778
Pulse experiments,pioreactor01,2026-06-29T13:44:49.322Z,475.0,32.07,58.06,2026-06-29 19:29:49.322,3.386111111111
Pulse experiments,pioreactor01,2026-06-29T13:45:19.322Z,475.0,32.08,58.14,2026-06-29 19:30:19.322,3.394444444444
Pulse experiments,pioreactor01,2026-06-29T13:45:49.320Z,476.0,32.1,58.16,2026-06-29 19:30:49.320,3.402777777778
Pulse experiments,pioreactor01,2026-06-29T13:46:19.323Z,479.0,32.1,58.13,2026-06-29 19:31:19.323,3.411111111111
Pulse experiments,pioreactor01,2026-06-29T13:46:49.323Z,482.0,32.08,58.18,2026-06-29 19:31:49.323,3.419444444444
Pulse experiments,pioreactor01,2026-06-29T13:47:19.324Z,483.0,32.05,58.23,2026-06-29 19:32:19.324,3.427777777778
Pulse experiments,pioreactor01,2026-06-29T13:47:49.321Z,488.0,32.04,58.24,2026-06-29 19:32:49.321,3.436111111111
Pulse experiments,pioreactor01,2026-06-29T13:48:19.323Z,489.0,32.07,58.31,2026-06-29 19:33:19.323,3.444444444444
Pulse experiments,pioreactor01,2026-06-29T13:48:49.323Z,495.0,32.09,58.33,2026-06-29 19:33:49.323,3.452777777778
Pulse experiments,pioreactor01,2026-06-29T13:49:19.325Z,492.0,32.08,58.36,2026-06-29 19:34:19.325,3.461111111111
Pulse experiments,pioreactor01,2026-06-29T13:49:49.325Z,492.0,32.09,58.38,2026-06-29 19:34:49.325,3.469444444444
Pulse experiments,pioreactor01,2026-06-29T13:50:19.324Z,493.0,32.11,58.32,2026-06-29 19:35:19.324,3.477777777778
Pulse experiments,pioreactor01,2026-06-29T13:50:49.323Z,496.0,32.12,58.33,2026-06-29 19:35:49.323,3.486111111111
Pulse experiments,pioreactor01,2026-06-29T13:51:19.325Z,503.0,32.12,58.32,2026-06-29 19:36:19.325,3.494444444444
Pulse experiments,pioreactor01,2026-06-29T13:51:49.322Z,506.0,32.13,58.42,2026-06-29 19:36:49.322,3.502777777778
Pulse experiments,pioreactor01,2026-06-29T13:52:19.326Z,507.0,32.1,58.5,2026-06-29 19:37:19.326,3.511111111111
Pulse experiments,pioreactor01,2026-06-29T13:52:49.325Z,510.0,32.1,58.51,2026-06-29 19:37:49.325,3.519444444444
Pulse experiments,pioreactor01,2026-06-29T13:53:19.330Z,514.0,32.11,58.47,2026-06-29 19:38:19.330,3.527777777778
Pulse experiments,pioreactor01,2026-06-29T13:53:49.329Z,514.0,32.05,58.51,2026-06-29 19:38:49.329,3.536111111111
Pulse experiments,pioreactor01,2026-06-29T13:54:19.332Z,515.0,32.08,58.52,2026-06-29 19:39:19.332,3.544444444444
Pulse experiments,pioreactor01,2026-06-29T13:54:49.335Z,515.0,32.11,58.47,2026-06-29 19:39:49.335,3.552777777778
Pulse experiments,pioreactor01,2026-06-29T13:55:19.327Z,517.0,32.12,58.47,2026-06-29 19:40:19.327,3.561111111111
Pulse experiments,pioreactor01,2026-06-29T13:55:49.327Z,513.0,32.13,58.49,2026-06-29 19:40:49.327,3.569444444444
Pulse experiments,pioreactor01,2026-06-29T13:56:19.331Z,511.0,32.12,58.5,2026-06-29 19:41:19.331,3.577777777778
Pulse experiments,pioreactor01,2026-06-29T13:56:49.328Z,512.0,32.14,58.44,2026-06-29 19:41:49.328,3.586111111111
Pulse experiments,pioreactor01,2026-06-29T13:57:19.326Z,514.0,32.11,58.46,2026-06-29 19:42:19.326,3.594444444444
Pulse experiments,pioreactor01,2026-06-29T13:57:49.328Z,516.0,32.12,58.49,2026-06-29 19:42:49.328,3.602777777778
Pulse experiments,pioreactor01,2026-06-29T13:58:19.327Z,514.0,32.11,58.59,2026-06-29 19:43:19.327,3.611111111111
Pulse experiments,pioreactor01,2026-06-29T13:58:49.327Z,517.0,32.13,58.62,2026-06-29 19:43:49.327,3.619444444444
Pulse experiments,pioreactor01,2026-06-29T13:59:19.340Z,515.0,32.14,58.6,2026-06-29 19:44:19.340,3.627777777778
Pulse experiments,pioreactor01,2026-06-29T13:59:49.329Z,512.0,32.18,58.56,2026-06-29 19:44:49.329,3.636111111111
Pulse experiments,pioreactor01,2026-06-29T14:00:19.328Z,513.0,32.19,58.59,2026-06-29 19:45:19.328,3.644444444444
Pulse experiments,pioreactor01,2026-06-29T14:00:49.329Z,517.0,32.18,58.53,2026-06-29 19:45:49.329,3.652777777778
Pulse experiments,pioreactor01,2026-06-29T14:01:19.331Z,517.0,32.16,58.63,2026-06-29 19:46:19.331,3.661111111111
Pulse experiments,pioreactor01,2026-06-29T14:01:49.329Z,517.0,32.14,58.76,2026-06-29 19:46:49.329,3.669444444444
Pulse experiments,pioreactor01,2026-06-29T14:02:19.330Z,515.0,32.16,58.79,2026-06-29 19:47:19.330,3.677777777778
Pulse experiments,pioreactor01,2026-06-29T14:02:49.330Z,517.0,32.17,58.78,2026-06-29 19:47:49.330,3.686111111111
Pulse experiments,pioreactor01,2026-06-29T14:03:19.330Z,522.0,32.19,58.77,2026-06-29 19:48:19.330,3.694444444444
Pulse experiments,pioreactor01,2026-06-29T14:03:49.363Z,525.0,32.2,58.71,2026-06-29 19:48:49.363,3.702777777778
Pulse experiments,pioreactor01,2026-06-29T14:04:19.331Z,532.0,32.26,58.69,2026-06-29 19:49:19.331,3.711111111111
Pulse experiments,pioreactor01,2026-06-29T14:04:49.331Z,531.0,32.23,58.72,2026-06-29 19:49:49.331,3.719444444444
Pulse experiments,pioreactor01,2026-06-29T14:05:19.331Z,527.0,32.23,58.77,2026-06-29 19:50:19.331,3.727777777778
Pulse experiments,pioreactor01,2026-06-29T14:05:49.331Z,528.0,32.22,58.78,2026-06-29 19:50:49.331,3.736111111111
Pulse experiments,pioreactor01,2026-06-29T14:06:19.333Z,527.0,32.25,58.74,2026-06-29 19:51:19.333,3.744444444444
Pulse experiments,pioreactor01,2026-06-29T14:06:49.332Z,528.0,32.24,58.7,2026-06-29 19:51:49.332,3.752777777778
Pulse experiments,pioreactor01,2026-06-29T14:07:19.331Z,523.0,32.23,58.72,2026-06-29 19:52:19.331,3.761111111111
Pulse experiments,pioreactor01,2026-06-29T14:07:49.328Z,519.0,32.23,58.73,2026-06-29 19:52:49.328,3.769444444444
Pulse experiments,pioreactor01,2026-06-29T14:08:19.330Z,517.0,32.2,58.79,2026-06-29 19:53:19.330,3.777777777778
Pulse experiments,pioreactor01,2026-06-29T14:08:49.331Z,518.0,32.22,58.87,2026-06-29 19:53:49.331,3.786111111111
Pulse experiments,pioreactor01,2026-06-29T14:09:19.329Z,515.0,32.17,58.91,2026-06-29 19:54:19.329,3.794444444444
Pulse experiments,pioreactor01,2026-06-29T14:09:49.330Z,514.0,32.16,58.91,2026-06-29 19:54:49.330,3.802777777778
Pulse experiments,pioreactor01,2026-06-29T14:10:19.333Z,516.0,32.13,58.95,2026-06-29 19:55:19.333,3.811111111111
Pulse experiments,pioreactor01,2026-06-29T14:10:49.328Z,516.0,32.09,58.96,2026-06-29 19:55:49.328,3.819444444444
Pulse experiments,pioreactor01,2026-06-29T14:11:19.331Z,515.0,32.09,59.07,2026-06-29 19:56:19.331,3.827777777778
Pulse experiments,pioreactor01,2026-06-29T14:11:49.332Z,512.0,32.11,59.09,2026-06-29 19:56:49.332,3.836111111111
Pulse experiments,pioreactor01,2026-06-29T14:12:19.375Z,510.0,32.08,59.18,2026-06-29 19:57:19.375,3.844444444444
Pulse experiments,pioreactor01,2026-06-29T14:12:49.327Z,514.0,32.07,59.2,2026-06-29 19:57:49.327,3.852777777778
Pulse experiments,pioreactor01,2026-06-29T14:13:19.325Z,524.0,32.15,59.2,2026-06-29 19:58:19.325,3.861111111111
Pulse experiments,pioreactor01,2026-06-29T14:13:49.403Z,541.0,32.21,59.22,2026-06-29 19:58:49.403,3.869444444444
Pulse experiments,pioreactor01,2026-06-29T14:14:19.329Z,548.0,32.26,59.38,2026-06-29 19:59:19.329,3.877777777778
Pulse experiments,pioreactor01,2026-06-29T14:14:49.386Z,555.0,32.28,59.31,2026-06-29 19:59:49.386,3.886111111111
Pulse experiments,pioreactor01,2026-06-29T14:15:19.379Z,562.0,32.34,59.32,2026-06-29 20:00:19.379,3.894444444444
Pulse experiments,pioreactor01,2026-06-29T14:15:49.343Z,570.0,32.36,59.36,2026-06-29 20:00:49.343,3.902777777778
Pulse experiments,pioreactor01,2026-06-29T14:16:19.338Z,581.0,32.4,59.41,2026-06-29 20:01:19.338,3.911111111111
Pulse experiments,pioreactor01,2026-06-29T14:16:49.333Z,585.0,32.46,59.5,2026-06-29 20:01:49.333,3.919444444444
Pulse experiments,pioreactor01,2026-06-29T14:17:19.333Z,589.0,32.49,59.43,2026-06-29 20:02:19.333,3.927777777778
Pulse experiments,pioreactor01,2026-06-29T14:17:49.332Z,591.0,32.48,59.46,2026-06-29 20:02:49.332,3.936111111111
Pulse experiments,pioreactor01,2026-06-29T14:18:19.347Z,591.0,32.48,59.52,2026-06-29 20:03:19.347,3.944444444444
Pulse experiments,pioreactor01,2026-06-29T14:18:49.331Z,596.0,32.48,59.5,2026-06-29 20:03:49.331,3.952777777778
Pulse experiments,pioreactor01,2026-06-29T14:19:19.331Z,596.0,32.48,59.47,2026-06-29 20:04:19.331,3.961111111111
Pulse experiments,pioreactor01,2026-06-29T14:19:49.332Z,600.0,32.45,59.38,2026-06-29 20:04:49.332,3.969444444444
Pulse experiments,pioreactor01,2026-06-29T14:20:19.345Z,604.0,32.43,59.44,2026-06-29 20:05:19.345,3.977777777778
Pulse experiments,pioreactor01,2026-06-29T14:20:49.332Z,604.0,32.42,59.53,2026-06-29 20:05:49.332,3.986111111111
Pulse experiments,pioreactor01,2026-06-29T14:21:19.332Z,608.0,32.39,59.56,2026-06-29 20:06:19.332,3.994444444444
Pulse experiments,pioreactor01,2026-06-29T14:21:49.346Z,610.0,32.37,59.58,2026-06-29 20:06:49.346,4.002777777778
Pulse experiments,pioreactor01,2026-06-29T14:22:19.332Z,605.0,32.36,59.62,2026-06-29 20:07:19.332,4.011111111111
Pulse experiments,pioreactor01,2026-06-29T14:22:49.374Z,602.0,32.34,59.58,2026-06-29 20:07:49.374,4.019444444444
Pulse experiments,pioreactor01,2026-06-29T14:23:19.334Z,607.0,32.33,59.55,2026-06-29 20:08:19.334,4.027777777778
Pulse experiments,pioreactor01,2026-06-29T14:23:49.333Z,602.0,32.33,59.49,2026-06-29 20:08:49.333,4.036111111111
Pulse experiments,pioreactor01,2026-06-29T14:24:19.333Z,603.0,32.37,59.42,2026-06-29 20:09:19.333,4.044444444444
Pulse experiments,pioreactor01,2026-06-29T14:24:49.333Z,603.0,32.31,59.43,2026-06-29 20:09:49.333,4.052777777778
Pulse experiments,pioreactor01,2026-06-29T14:25:19.333Z,603.0,32.36,59.45,2026-06-29 20:10:19.333,4.061111111111
Pulse experiments,pioreactor01,2026-06-29T14:25:49.335Z,593.0,32.36,59.46,2026-06-29 20:10:49.335,4.069444444444
Pulse experiments,pioreactor01,2026-06-29T14:26:19.338Z,590.0,32.33,59.4,2026-06-29 20:11:19.338,4.077777777778
Pulse experiments,pioreactor01,2026-06-29T14:26:49.335Z,585.0,32.36,59.28,2026-06-29 20:11:49.335,4.086111111111
Pulse experiments,pioreactor01,2026-06-29T14:27:19.334Z,587.0,32.32,59.26,2026-06-29 20:12:19.334,4.094444444444
Pulse experiments,pioreactor01,2026-06-29T14:27:49.337Z,588.0,32.28,59.3,2026-06-29 20:12:49.337,4.102777777778
Pulse experiments,pioreactor01,2026-06-29T14:28:19.350Z,586.0,32.25,59.37,2026-06-29 20:13:19.350,4.111111111111
Pulse experiments,pioreactor01,2026-06-29T14:28:49.335Z,584.0,32.23,59.41,2026-06-29 20:13:49.335,4.119444444444
Pulse experiments,pioreactor01,2026-06-29T14:29:19.331Z,582.0,32.23,59.4,2026-06-29 20:14:19.331,4.127777777778
Pulse experiments,pioreactor01,2026-06-29T14:29:49.334Z,583.0,32.22,59.35,2026-06-29 20:14:49.334,4.136111111111
Pulse experiments,pioreactor01,2026-06-29T14:30:19.334Z,581.0,32.23,59.32,2026-06-29 20:15:19.334,4.144444444444
Pulse experiments,pioreactor01,2026-06-29T14:30:49.334Z,582.0,32.22,59.29,2026-06-29 20:15:49.334,4.152777777778
Pulse experiments,pioreactor01,2026-06-29T14:31:19.334Z,581.0,32.21,59.31,2026-06-29 20:16:19.334,4.161111111111
Pulse experiments,pioreactor01,2026-06-29T14:31:49.334Z,578.0,32.22,59.37,2026-06-29 20:16:49.334,4.169444444444
Pulse experiments,pioreactor01,2026-06-29T14:32:19.340Z,576.0,32.19,59.37,2026-06-29 20:17:19.340,4.177777777778
Pulse experiments,pioreactor01,2026-06-29T14:32:49.335Z,576.0,32.2,59.39,2026-06-29 20:17:49.335,4.186111111111
Pulse experiments,pioreactor01,2026-06-29T14:33:19.335Z,578.0,32.2,59.4,2026-06-29 20:18:19.335,4.194444444444
Pulse experiments,pioreactor01,2026-06-29T14:33:49.336Z,576.0,32.18,59.38,2026-06-29 20:18:49.336,4.202777777778
Pulse experiments,pioreactor01,2026-06-29T14:34:19.336Z,576.0,32.14,59.49,2026-06-29 20:19:19.336,4.211111111111
Pulse experiments,pioreactor01,2026-06-29T14:34:49.365Z,570.0,32.12,59.52,2026-06-29 20:19:49.365,4.219444444444
Pulse experiments,pioreactor01,2026-06-29T14:35:19.334Z,571.0,32.12,59.57,2026-06-29 20:20:19.334,4.227777777778
Pulse experiments,pioreactor01,2026-06-29T14:35:49.365Z,567.0,32.11,59.56,2026-06-29 20:20:49.365,4.236111111111
Pulse experiments,pioreactor01,2026-06-29T14:36:19.337Z,565.0,32.07,59.58,2026-06-29 20:21:19.337,4.244444444444
Pulse experiments,pioreactor01,2026-06-29T14:36:49.335Z,565.0,32.1,59.54,2026-06-29 20:21:49.335,4.252777777778
Pulse experiments,pioreactor01,2026-06-29T14:37:19.336Z,561.0,32.07,59.54,2026-06-29 20:22:19.336,4.261111111111
Pulse experiments,pioreactor01,2026-06-29T14:37:49.333Z,559.0,32.1,59.5,2026-06-29 20:22:49.333,4.269444444444
Pulse experiments,pioreactor01,2026-06-29T14:38:19.338Z,559.0,32.08,59.51,2026-06-29 20:23:19.338,4.277777777778
Pulse experiments,pioreactor01,2026-06-29T14:38:49.338Z,561.0,32.1,59.57,2026-06-29 20:23:49.338,4.286111111111
Pulse experiments,pioreactor01,2026-06-29T14:39:19.340Z,560.0,32.1,59.57,2026-06-29 20:24:19.340,4.294444444444
Pulse experiments,pioreactor01,2026-06-29T14:39:49.337Z,562.0,32.1,59.51,2026-06-29 20:24:49.337,4.302777777778
Pulse experiments,pioreactor01,2026-06-29T14:40:19.336Z,567.0,32.11,59.55,2026-06-29 20:25:19.336,4.311111111111
Pulse experiments,pioreactor01,2026-06-29T14:40:49.337Z,566.0,32.13,59.46,2026-06-29 20:25:49.337,4.319444444444
Pulse experiments,pioreactor01,2026-06-29T14:41:19.336Z,562.0,32.14,59.49,2026-06-29 20:26:19.336,4.327777777778
Pulse experiments,pioreactor01,2026-06-29T14:41:49.341Z,568.0,32.16,59.47,2026-06-29 20:26:49.341,4.336111111111
Pulse experiments,pioreactor01,2026-06-29T14:42:19.357Z,571.0,32.17,59.43,2026-06-29 20:27:19.357,4.344444444444
Pulse experiments,pioreactor01,2026-06-29T14:42:49.338Z,572.0,32.15,59.49,2026-06-29 20:27:49.338,4.352777777778
Pulse experiments,pioreactor01,2026-06-29T14:43:19.338Z,571.0,32.19,59.42,2026-06-29 20:28:19.338,4.361111111111
Pulse experiments,pioreactor01,2026-06-29T14:43:49.337Z,573.0,32.18,59.4,2026-06-29 20:28:49.337,4.369444444444
Pulse experiments,pioreactor01,2026-06-29T14:44:19.341Z,575.0,32.15,59.4,2026-06-29 20:29:19.341,4.377777777778
Pulse experiments,pioreactor01,2026-06-29T14:44:49.347Z,578.0,32.16,59.47,2026-06-29 20:29:49.347,4.386111111111
Pulse experiments,pioreactor01,2026-06-29T14:45:19.341Z,577.0,32.14,59.51,2026-06-29 20:30:19.341,4.394444444444
Pulse experiments,pioreactor01,2026-06-29T14:45:49.340Z,572.0,32.16,59.51,2026-06-29 20:30:49.340,4.402777777778
Pulse experiments,pioreactor01,2026-06-29T14:46:19.364Z,566.0,32.15,59.5,2026-06-29 20:31:19.364,4.411111111111
Pulse experiments,pioreactor01,2026-06-29T14:46:49.390Z,562.0,32.16,59.47,2026-06-29 20:31:49.390,4.419444444444
Pulse experiments,pioreactor01,2026-06-29T14:47:19.339Z,563.0,32.11,59.53,2026-06-29 20:32:19.339,4.427777777778
Pulse experiments,pioreactor01,2026-06-29T14:47:49.339Z,563.0,32.05,59.69,2026-06-29 20:32:49.339,4.436111111111
Pulse experiments,pioreactor01,2026-06-29T14:48:19.339Z,566.0,32.04,59.78,2026-06-29 20:33:19.339,4.444444444444
Pulse experiments,pioreactor01,2026-06-29T14:48:49.340Z,558.0,32.06,59.82,2026-06-29 20:33:49.340,4.452777777778
Pulse experiments,pioreactor01,2026-06-29T14:49:19.341Z,559.0,32.06,59.8,2026-06-29 20:34:19.341,4.461111111111
Pulse experiments,pioreactor01,2026-06-29T14:49:49.340Z,554.0,32.07,59.78,2026-06-29 20:34:49.340,4.469444444444
Pulse experiments,pioreactor01,2026-06-29T14:50:19.365Z,547.0,32.06,59.84,2026-06-29 20:35:19.365,4.477777777778
Pulse experiments,pioreactor01,2026-06-29T14:50:49.340Z,544.0,32.07,59.83,2026-06-29 20:35:49.340,4.486111111111
Pulse experiments,pioreactor01,2026-06-29T14:51:19.341Z,545.0,32.09,59.89,2026-06-29 20:36:19.341,4.494444444444
Pulse experiments,pioreactor01,2026-06-29T14:51:49.352Z,547.0,32.06,59.94,2026-06-29 20:36:49.352,4.502777777778
Pulse experiments,pioreactor01,2026-06-29T14:52:19.344Z,547.0,32.06,60.04,2026-06-29 20:37:19.344,4.511111111111
Pulse experiments,pioreactor01,2026-06-29T14:52:49.345Z,546.0,32.06,60.01,2026-06-29 20:37:49.345,4.519444444444
Pulse experiments,pioreactor01,2026-06-29T14:53:19.341Z,540.0,32.07,59.97,2026-06-29 20:38:19.341,4.527777777778
Pulse experiments,pioreactor01,2026-06-29T14:53:49.343Z,544.0,32.07,60.0,2026-06-29 20:38:49.343,4.536111111111
Pulse experiments,pioreactor01,2026-06-29T14:54:19.363Z,543.0,32.04,60.0,2026-06-29 20:39:19.363,4.544444444444
Pulse experiments,pioreactor01,2026-06-29T14:54:49.342Z,538.0,32.0,60.11,2026-06-29 20:39:49.342,4.552777777778
Pulse experiments,pioreactor01,2026-06-29T14:55:19.344Z,538.0,32.02,60.17,2026-06-29 20:40:19.344,4.561111111111
Pulse experiments,pioreactor01,2026-06-29T14:55:49.342Z,536.0,32.04,60.14,2026-06-29 20:40:49.342,4.569444444444
Pulse experiments,pioreactor01,2026-06-29T14:56:19.344Z,537.0,32.04,60.21,2026-06-29 20:41:19.344,4.577777777778
Pulse experiments,pioreactor01,2026-06-29T14:56:49.345Z,540.0,32.03,60.23,2026-06-29 20:41:49.345,4.586111111111
Pulse experiments,pioreactor01,2026-06-29T14:57:19.343Z,539.0,32.04,60.23,2026-06-29 20:42:19.343,4.594444444444
Pulse experiments,pioreactor01,2026-06-29T14:57:49.345Z,542.0,32.03,60.19,2026-06-29 20:42:49.345,4.602777777778
Pulse experiments,pioreactor01,2026-06-29T14:58:19.346Z,550.0,32.04,60.22,2026-06-29 20:43:19.346,4.611111111111
Pulse experiments,pioreactor01,2026-06-29T14:58:49.351Z,549.0,32.04,60.34,2026-06-29 20:43:49.351,4.619444444444
Pulse experiments,pioreactor01,2026-06-29T14:59:19.459Z,549.0,32.04,60.36,2026-06-29 20:44:19.459,4.627777777778
Pulse experiments,pioreactor01,2026-06-29T14:59:49.346Z,547.0,32.06,60.32,2026-06-29 20:44:49.346,4.636111111111
Pulse experiments,pioreactor01,2026-06-29T15:00:19.344Z,546.0,32.04,60.34,2026-06-29 20:45:19.344,4.644444444444
Pulse experiments,pioreactor01,2026-06-29T15:00:49.642Z,550.0,32.05,60.28,2026-06-29 20:45:49.642,4.652777777778
Pulse experiments,pioreactor01,2026-06-29T15:01:19.347Z,550.0,32.0,60.39,2026-06-29 20:46:19.347,4.661111111111
Pulse experiments,pioreactor01,2026-06-29T15:01:49.346Z,543.0,32.01,60.43,2026-06-29 20:46:49.346,4.669444444444
Pulse experiments,pioreactor01,2026-06-29T15:02:19.348Z,541.0,32.02,60.41,2026-06-29 20:47:19.348,4.677777777778
Pulse experiments,pioreactor01,2026-06-29T15:02:49.358Z,542.0,32.04,60.37,2026-06-29 20:47:49.358,4.686111111111
Pulse experiments,pioreactor01,2026-06-29T15:03:19.445Z,541.0,32.07,60.36,2026-06-29 20:48:19.445,4.694444444444
Pulse experiments,pioreactor01,2026-06-29T15:03:49.346Z,540.0,32.08,60.31,2026-06-29 20:48:49.346,4.702777777778
Pulse experiments,pioreactor01,2026-06-29T15:04:19.346Z,540.0,32.08,60.25,2026-06-29 20:49:19.346,4.711111111111
Pulse experiments,pioreactor01,2026-06-29T15:04:49.346Z,535.0,32.08,60.31,2026-06-29 20:49:49.346,4.719444444444
Pulse experiments,pioreactor01,2026-06-29T15:05:19.347Z,534.0,32.08,60.36,2026-06-29 20:50:19.347,4.727777777778
Pulse experiments,pioreactor01,2026-06-29T15:05:49.346Z,533.0,32.03,60.54,2026-06-29 20:50:49.346,4.736111111111
Pulse experiments,pioreactor01,2026-06-29T15:06:19.347Z,535.0,32.0,60.59,2026-06-29 20:51:19.347,4.744444444444
Pulse experiments,pioreactor01,2026-06-29T15:06:49.347Z,536.0,32.03,60.51,2026-06-29 20:51:49.347,4.752777777778
Pulse experiments,pioreactor01,2026-06-29T15:07:19.349Z,541.0,32.02,60.52,2026-06-29 20:52:19.349,4.761111111111
Pulse experiments,pioreactor01,2026-06-29T15:07:49.346Z,537.0,32.0,60.58,2026-06-29 20:52:49.346,4.769444444444
Pulse experiments,pioreactor01,2026-06-29T15:08:19.345Z,536.0,32.0,60.62,2026-06-29 20:53:19.345,4.777777777778
Pulse experiments,pioreactor01,2026-06-29T15:08:49.353Z,536.0,32.01,60.7,2026-06-29 20:53:49.353,4.786111111111
Pulse experiments,pioreactor01,2026-06-29T15:09:19.374Z,539.0,32.04,60.66,2026-06-29 20:54:19.374,4.794444444444
Pulse experiments,pioreactor01,2026-06-29T15:09:49.349Z,545.0,32.07,60.56,2026-06-29 20:54:49.349,4.802777777778
Pulse experiments,pioreactor01,2026-06-29T15:10:19.348Z,547.0,32.08,60.53,2026-06-29 20:55:19.348,4.811111111111
Pulse experiments,pioreactor01,2026-06-29T15:10:49.350Z,549.0,32.1,60.48,2026-06-29 20:55:49.350,4.819444444444
Pulse experiments,pioreactor01,2026-06-29T15:11:19.352Z,555.0,32.11,60.55,2026-06-29 20:56:19.352,4.827777777778
Pulse experiments,pioreactor01,2026-06-29T15:11:49.350Z,555.0,32.06,60.66,2026-06-29 20:56:49.350,4.836111111111
Pulse experiments,pioreactor01,2026-06-29T15:12:19.396Z,555.0,32.06,60.7,2026-06-29 20:57:19.396,4.844444444444
Pulse experiments,pioreactor01,2026-06-29T15:12:49.350Z,553.0,32.03,60.64,2026-06-29 20:57:49.350,4.852777777778
Pulse experiments,pioreactor01,2026-06-29T15:13:19.383Z,549.0,32.07,60.62,2026-06-29 20:58:19.383,4.861111111111
Pulse experiments,pioreactor01,2026-06-29T15:13:49.351Z,551.0,32.05,60.61,2026-06-29 20:58:49.351,4.869444444444
Pulse experiments,pioreactor01,2026-06-29T15:14:19.357Z,551.0,32.07,60.54,2026-06-29 20:59:19.357,4.877777777778
Pulse experiments,pioreactor01,2026-06-29T15:14:49.351Z,552.0,32.03,60.66,2026-06-29 20:59:49.351,4.886111111111
Pulse experiments,pioreactor01,2026-06-29T15:15:19.354Z,547.0,32.01,60.7,2026-06-29 21:00:19.354,4.894444444444
Pulse experiments,pioreactor01,2026-06-29T15:15:49.352Z,543.0,32.02,60.74,2026-06-29 21:00:49.352,4.902777777778
Pulse experiments,pioreactor01,2026-06-29T15:16:19.356Z,544.0,32.03,60.69,2026-06-29 21:01:19.356,4.911111111111
Pulse experiments,pioreactor01,2026-06-29T15:16:49.352Z,545.0,32.03,60.68,2026-06-29 21:01:49.352,4.919444444444
Pulse experiments,pioreactor01,2026-06-29T15:17:19.353Z,547.0,32.07,60.55,2026-06-29 21:02:19.353,4.927777777778
Pulse experiments,pioreactor01,2026-06-29T15:17:49.353Z,550.0,32.1,60.53,2026-06-29 21:02:49.353,4.936111111111
Pulse experiments,pioreactor01,2026-06-29T15:18:19.356Z,554.0,32.1,60.5,2026-06-29 21:03:19.356,4.944444444444
Pulse experiments,pioreactor01,2026-06-29T15:18:49.353Z,552.0,32.07,60.49,2026-06-29 21:03:49.353,4.952777777778
Pulse experiments,pioreactor01,2026-06-29T15:19:19.550Z,550.0,32.08,60.48,2026-06-29 21:04:19.550,4.961111111111
Pulse experiments,pioreactor01,2026-06-29T15:19:49.354Z,549.0,32.1,60.44,2026-06-29 21:04:49.354,4.969444444444
Pulse experiments,pioreactor01,2026-06-29T15:20:19.353Z,550.0,32.11,60.34,2026-06-29 21:05:19.353,4.977777777778
Pulse experiments,pioreactor01,2026-06-29T15:20:49.353Z,547.0,32.12,60.26,2026-06-29 21:05:49.353,4.986111111111
Pulse experiments,pioreactor01,2026-06-29T15:21:19.354Z,538.0,32.11,60.27,2026-06-29 21:06:19.354,4.994444444444
Pulse experiments,pioreactor01,2026-06-29T15:21:49.354Z,537.0,32.13,60.23,2026-06-29 21:06:49.354,5.002777777778
Pulse experiments,pioreactor01,2026-06-29T15:22:19.371Z,542.0,32.14,60.22,2026-06-29 21:07:19.371,5.011111111111
Pulse experiments,pioreactor01,2026-06-29T15:22:49.355Z,543.0,32.16,60.14,2026-06-29 21:07:49.355,5.019444444444
Pulse experiments,pioreactor01,2026-06-29T15:23:19.355Z,540.0,32.16,60.06,2026-06-29 21:08:19.355,5.027777777778
Pulse experiments,pioreactor01,2026-06-29T15:23:49.390Z,535.0,32.17,59.93,2026-06-29 21:08:49.390,5.036111111111
Pulse experiments,pioreactor01,2026-06-29T15:24:19.356Z,538.0,32.15,59.92,2026-06-29 21:09:19.356,5.044444444444
Pulse experiments,pioreactor01,2026-06-29T15:24:49.355Z,536.0,32.15,59.87,2026-06-29 21:09:49.355,5.052777777778
Pulse experiments,pioreactor01,2026-06-29T15:25:19.359Z,536.0,32.17,59.89,2026-06-29 21:10:19.359,5.061111111111
Pulse experiments,pioreactor01,2026-06-29T15:25:49.356Z,531.0,32.18,59.87,2026-06-29 21:10:49.356,5.069444444444
Pulse experiments,pioreactor01,2026-06-29T15:26:19.358Z,533.0,32.14,59.83,2026-06-29 21:11:19.358,5.077777777778
Pulse experiments,pioreactor01,2026-06-29T15:26:49.356Z,531.0,32.15,59.8,2026-06-29 21:11:49.356,5.086111111111
Pulse experiments,pioreactor01,2026-06-29T15:27:19.358Z,531.0,32.18,59.68,2026-06-29 21:12:19.358,5.094444444444
Pulse experiments,pioreactor01,2026-06-29T15:27:49.358Z,536.0,32.18,59.62,2026-06-29 21:12:49.358,5.102777777778
Pulse experiments,pioreactor01,2026-06-29T15:28:19.357Z,535.0,32.15,59.68,2026-06-29 21:13:19.357,5.111111111111
Pulse experiments,pioreactor01,2026-06-29T15:28:49.357Z,534.0,32.14,59.7,2026-06-29 21:13:49.357,5.119444444444
Pulse experiments,pioreactor01,2026-06-29T15:29:19.357Z,538.0,32.12,59.67,2026-06-29 21:14:19.357,5.127777777778
Pulse experiments,pioreactor01,2026-06-29T15:29:49.358Z,538.0,32.11,59.66,2026-06-29 21:14:49.358,5.136111111111
Pulse experiments,pioreactor01,2026-06-29T15:30:19.361Z,536.0,32.13,59.5,2026-06-29 21:15:19.361,5.144444444444
Pulse experiments,pioreactor01,2026-06-29T15:30:49.364Z,534.0,32.07,59.55,2026-06-29 21:15:49.364,5.152777777778
Pulse experiments,pioreactor01,2026-06-29T15:31:19.358Z,534.0,32.07,59.52,2026-06-29 21:16:19.358,5.161111111111
Pulse experiments,pioreactor01,2026-06-29T15:31:49.362Z,528.0,32.05,59.6,2026-06-29 21:16:49.362,5.169444444444
Pulse experiments,pioreactor01,2026-06-29T15:32:19.412Z,526.0,32.01,59.64,2026-06-29 21:17:19.412,5.177777777778
Pulse experiments,pioreactor01,2026-06-29T15:32:49.361Z,524.0,32.0,59.57,2026-06-29 21:17:49.361,5.186111111111
Pulse experiments,pioreactor01,2026-06-29T15:33:19.424Z,525.0,32.02,59.5,2026-06-29 21:18:19.424,5.194444444444
Pulse experiments,pioreactor01,2026-06-29T15:33:49.360Z,520.0,32.01,59.42,2026-06-29 21:18:49.360,5.202777777778
Pulse experiments,pioreactor01,2026-06-29T15:34:19.360Z,517.0,31.99,59.31,2026-06-29 21:19:19.360,5.211111111111
Pulse experiments,pioreactor01,2026-06-29T15:34:49.360Z,515.0,31.97,59.37,2026-06-29 21:19:49.360,5.219444444444
Pulse experiments,pioreactor01,2026-06-29T15:35:19.370Z,513.0,32.01,59.32,2026-06-29 21:20:19.370,5.227777777778
Pulse experiments,pioreactor01,2026-06-29T15:35:49.361Z,516.0,32.03,59.3,2026-06-29 21:20:49.361,5.236111111111
Pulse experiments,pioreactor01,2026-06-29T15:36:19.370Z,525.0,32.01,59.21,2026-06-29 21:21:19.370,5.244444444444
Pulse experiments,pioreactor01,2026-06-29T15:36:49.359Z,524.0,32.02,59.12,2026-06-29 21:21:49.359,5.252777777778
Pulse experiments,pioreactor01,2026-06-29T15:37:19.363Z,522.0,32.0,59.12,2026-06-29 21:22:19.363,5.261111111111
Pulse experiments,pioreactor01,2026-06-29T15:37:49.363Z,518.0,32.03,59.04,2026-06-29 21:22:49.363,5.269444444444
Pulse experiments,pioreactor01,2026-06-29T15:38:19.371Z,520.0,32.06,58.93,2026-06-29 21:23:19.371,5.277777777778
Pulse experiments,pioreactor01,2026-06-29T15:38:49.363Z,521.0,32.06,58.85,2026-06-29 21:23:49.363,5.286111111111
Pulse experiments,pioreactor01,2026-06-29T15:39:19.375Z,522.0,32.07,58.82,2026-06-29 21:24:19.375,5.294444444444
Pulse experiments,pioreactor01,2026-06-29T15:39:49.368Z,522.0,32.06,58.79,2026-06-29 21:24:49.368,5.302777777778
Pulse experiments,pioreactor01,2026-06-29T15:40:19.375Z,523.0,32.04,58.72,2026-06-29 21:25:19.375,5.311111111111
Pulse experiments,pioreactor01,2026-06-29T15:40:49.370Z,525.0,32.0,58.67,2026-06-29 21:25:49.370,5.319444444444
Pulse experiments,pioreactor01,2026-06-29T15:41:19.367Z,525.0,32.04,58.66,2026-06-29 21:26:19.367,5.327777777778
Pulse experiments,pioreactor01,2026-06-29T15:41:49.370Z,524.0,32.01,58.72,2026-06-29 21:26:49.370,5.336111111111
Pulse experiments,pioreactor01,2026-06-29T15:42:19.360Z,525.0,32.0,58.74,2026-06-29 21:27:19.360,5.344444444444
Pulse experiments,pioreactor01,2026-06-29T15:42:49.365Z,525.0,32.04,58.66,2026-06-29 21:27:49.365,5.352777777778
Pulse experiments,pioreactor01,2026-06-29T15:43:19.364Z,528.0,32.07,58.57,2026-06-29 21:28:19.364,5.361111111111
Pulse experiments,pioreactor01,2026-06-29T15:43:49.361Z,531.0,32.06,58.5,2026-06-29 21:28:49.361,5.369444444444
Pulse experiments,pioreactor01,2026-06-29T15:44:19.364Z,535.0,32.09,58.43,2026-06-29 21:29:19.364,5.377777777778
Pulse experiments,pioreactor01,2026-06-29T15:44:49.363Z,534.0,32.09,58.38,2026-06-29 21:29:49.363,5.386111111111
Pulse experiments,pioreactor01,2026-06-29T15:45:19.363Z,531.0,32.06,58.38,2026-06-29 21:30:19.363,5.394444444444
Pulse experiments,pioreactor01,2026-06-29T15:45:49.366Z,530.0,32.05,58.35,2026-06-29 21:30:49.366,5.402777777778
Pulse experiments,pioreactor01,2026-06-29T15:46:19.367Z,526.0,32.04,58.26,2026-06-29 21:31:19.367,5.411111111111
Pulse experiments,pioreactor01,2026-06-29T15:46:49.364Z,521.0,32.03,58.2,2026-06-29 21:31:49.364,5.419444444444
Pulse experiments,pioreactor01,2026-06-29T15:47:19.378Z,520.0,32.04,58.11,2026-06-29 21:32:19.378,5.427777777778
Pulse experiments,pioreactor01,2026-06-29T15:47:49.366Z,515.0,32.01,58.18,2026-06-29 21:32:49.366,5.436111111111
Pulse experiments,pioreactor01,2026-06-29T15:48:19.372Z,514.0,32.01,58.18,2026-06-29 21:33:19.372,5.444444444444
Pulse experiments,pioreactor01,2026-06-29T15:48:49.364Z,515.0,32.03,58.18,2026-06-29 21:33:49.364,5.452777777778
Pulse experiments,pioreactor01,2026-06-29T15:49:19.364Z,515.0,32.03,58.14,2026-06-29 21:34:19.364,5.461111111111
Pulse experiments,pioreactor01,2026-06-29T15:49:49.365Z,515.0,32.09,58.08,2026-06-29 21:34:49.365,5.469444444444
Pulse experiments,pioreactor01,2026-06-29T15:50:19.367Z,514.0,32.05,57.98,2026-06-29 21:35:19.367,5.477777777778
Pulse experiments,pioreactor01,2026-06-29T15:50:49.368Z,517.0,32.04,57.92,2026-06-29 21:35:49.368,5.486111111111
Pulse experiments,pioreactor01,2026-06-29T15:51:19.369Z,514.0,32.01,57.98,2026-06-29 21:36:19.369,5.494444444444
Pulse experiments,pioreactor01,2026-06-29T15:51:49.366Z,512.0,32.03,58.03,2026-06-29 21:36:49.366,5.502777777778
Pulse experiments,pioreactor01,2026-06-29T15:52:19.368Z,509.0,32.04,58.04,2026-06-29 21:37:19.368,5.511111111111
Pulse experiments,pioreactor01,2026-06-29T15:52:49.366Z,509.0,32.08,57.95,2026-06-29 21:37:49.366,5.519444444444
Pulse experiments,pioreactor01,2026-06-29T15:53:19.376Z,507.0,32.08,57.9,2026-06-29 21:38:19.376,5.527777777778
Pulse experiments,pioreactor01,2026-06-29T15:53:49.369Z,503.0,32.08,57.84,2026-06-29 21:38:49.369,5.536111111111
Pulse experiments,pioreactor01,2026-06-29T15:54:19.368Z,505.0,32.09,57.8,2026-06-29 21:39:19.368,5.544444444444
Pulse experiments,pioreactor01,2026-06-29T15:54:49.373Z,509.0,32.07,57.87,2026-06-29 21:39:49.373,5.552777777778
Pulse experiments,pioreactor01,2026-06-29T15:55:19.368Z,508.0,32.07,57.95,2026-06-29 21:40:19.368,5.561111111111
Pulse experiments,pioreactor01,2026-06-29T15:55:49.370Z,512.0,32.08,57.89,2026-06-29 21:40:49.370,5.569444444444
Pulse experiments,pioreactor01,2026-06-29T15:56:19.373Z,511.0,32.07,57.92,2026-06-29 21:41:19.373,5.577777777778
Pulse experiments,pioreactor01,2026-06-29T15:56:49.370Z,508.0,32.08,57.86,2026-06-29 21:41:49.370,5.586111111111
Pulse experiments,pioreactor01,2026-06-29T15:57:19.368Z,511.0,32.08,57.78,2026-06-29 21:42:19.368,5.594444444444
Pulse experiments,pioreactor01,2026-06-29T15:57:49.373Z,510.0,32.08,57.72,2026-06-29 21:42:49.373,5.602777777778
Pulse experiments,pioreactor01,2026-06-29T15:58:19.380Z,509.0,32.04,57.81,2026-06-29 21:43:19.380,5.611111111111
Pulse experiments,pioreactor01,2026-06-29T15:58:49.371Z,509.0,32.01,57.88,2026-06-29 21:43:49.371,5.619444444444
Pulse experiments,pioreactor01,2026-06-29T15:59:19.372Z,505.0,32.01,57.88,2026-06-29 21:44:19.372,5.627777777778
Pulse experiments,pioreactor01,2026-06-29T15:59:49.371Z,508.0,32.0,57.88,2026-06-29 21:44:49.371,5.636111111111
Pulse experiments,pioreactor01,2026-06-29T16:00:19.372Z,510.0,31.95,57.82,2026-06-29 21:45:19.372,5.644444444444
Pulse experiments,pioreactor01,2026-06-29T16:00:49.370Z,513.0,31.93,57.85,2026-06-29 21:45:49.370,5.652777777778
Pulse experiments,pioreactor01,2026-06-29T16:01:19.373Z,512.0,31.97,57.9,2026-06-29 21:46:19.373,5.661111111111
Pulse experiments,pioreactor01,2026-06-29T16:01:49.388Z,509.0,31.97,57.93,2026-06-29 21:46:49.388,5.669444444444
Pulse experiments,pioreactor01,2026-06-29T16:02:19.376Z,508.0,31.93,57.97,2026-06-29 21:47:19.376,5.677777777778
Pulse experiments,pioreactor01,2026-06-29T16:02:49.375Z,506.0,31.96,57.86,2026-06-29 21:47:49.375,5.686111111111
Pulse experiments,pioreactor01,2026-06-29T16:03:19.376Z,1007.0,31.98,58.09,2026-06-29 21:48:19.376,5.694444444444
Pulse experiments,pioreactor01,2026-06-29T16:03:49.375Z,1031.0,32.03,58.2,2026-06-29 21:48:49.375,5.702777777778
Pulse experiments,pioreactor01,2026-06-29T16:04:19.372Z,1010.0,32.03,58.01,2026-06-29 21:49:19.372,5.711111111111
Pulse experiments,pioreactor01,2026-06-29T16:04:49.375Z,908.0,32.01,58.19,2026-06-29 21:49:49.375,5.719444444444
Pulse experiments,pioreactor01,2026-06-29T16:05:19.380Z,759.0,31.99,58.14,2026-06-29 21:50:19.380,5.727777777778
Pulse experiments,pioreactor01,2026-06-29T16:05:49.378Z,710.0,31.99,58.06,2026-06-29 21:50:49.378,5.736111111111
Pulse experiments,pioreactor01,2026-06-29T16:06:19.376Z,654.0,32.03,57.99,2026-06-29 21:51:19.376,5.744444444444
Pulse experiments,pioreactor01,2026-06-29T16:06:49.376Z,642.0,32.06,57.89,2026-06-29 21:51:49.376,5.752777777778
Pulse experiments,pioreactor01,2026-06-29T16:07:19.387Z,626.0,32.07,57.77,2026-06-29 21:52:19.387,5.761111111111
Pulse experiments,pioreactor01,2026-06-29T16:07:49.376Z,610.0,32.07,57.76,2026-06-29 21:52:49.376,5.769444444444
Pulse experiments,pioreactor01,2026-06-29T16:08:19.376Z,597.0,32.05,57.88,2026-06-29 21:53:19.376,5.777777777778
Pulse experiments,pioreactor01,2026-06-29T16:08:49.382Z,580.0,32.01,57.92,2026-06-29 21:53:49.382,5.786111111111
Pulse experiments,pioreactor01,2026-06-29T16:09:19.375Z,570.0,32.03,57.96,2026-06-29 21:54:19.375,5.794444444444
Pulse experiments,pioreactor01,2026-06-29T16:09:49.377Z,556.0,32.03,57.84,2026-06-29 21:54:49.377,5.802777777778
Pulse experiments,pioreactor01,2026-06-29T16:10:19.382Z,550.0,32.03,57.81,2026-06-29 21:55:19.382,5.811111111111
Pulse experiments,pioreactor01,2026-06-29T16:10:49.382Z,544.0,32.0,57.78,2026-06-29 21:55:49.382,5.819444444444
Pulse experiments,pioreactor01,2026-06-29T16:11:19.382Z,540.0,31.99,57.81,2026-06-29 21:56:19.382,5.827777777778
Pulse experiments,pioreactor01,2026-06-29T16:11:49.383Z,533.0,32.01,57.86,2026-06-29 21:56:49.383,5.836111111111
Pulse experiments,pioreactor01,2026-06-29T16:12:19.386Z,531.0,32.03,57.82,2026-06-29 21:57:19.386,5.844444444444
Pulse experiments,pioreactor01,2026-06-29T16:12:49.382Z,528.0,32.03,57.83,2026-06-29 21:57:49.382,5.852777777778
Pulse experiments,pioreactor01,2026-06-29T16:13:19.416Z,527.0,31.99,57.82,2026-06-29 21:58:19.416,5.861111111111
Pulse experiments,pioreactor01,2026-06-29T16:13:49.380Z,516.0,32.0,57.87,2026-06-29 21:58:49.380,5.869444444444
Pulse experiments,pioreactor01,2026-06-29T16:14:19.416Z,514.0,31.99,57.84,2026-06-29 21:59:19.416,5.877777777778
Pulse experiments,pioreactor01,2026-06-29T16:14:49.388Z,517.0,32.01,57.92,2026-06-29 21:59:49.388,5.886111111111
Pulse experiments,pioreactor01,2026-06-29T16:15:19.381Z,517.0,32.0,57.99,2026-06-29 22:00:19.381,5.894444444444
Pulse experiments,pioreactor01,2026-06-29T16:15:49.384Z,524.0,32.03,58.02,2026-06-29 22:00:49.384,5.902777777778
Pulse experiments,pioreactor01,2026-06-29T16:16:19.379Z,526.0,32.04,57.94,2026-06-29 22:01:19.379,5.911111111111
Pulse experiments,pioreactor01,2026-06-29T16:16:49.383Z,530.0,32.05,57.92,2026-06-29 22:01:49.383,5.919444444444
Pulse experiments,pioreactor01,2026-06-29T16:17:19.384Z,531.0,31.99,57.94,2026-06-29 22:02:19.384,5.927777777778
Pulse experiments,pioreactor01,2026-06-29T16:17:49.385Z,529.0,32.01,57.91,2026-06-29 22:02:49.385,5.936111111111
Pulse experiments,pioreactor01,2026-06-29T16:18:19.391Z,529.0,32.03,57.92,2026-06-29 22:03:19.391,5.944444444444
Pulse experiments,pioreactor01,2026-06-29T16:18:49.392Z,525.0,32.05,57.89,2026-06-29 22:03:49.392,5.952777777778
Pulse experiments,pioreactor01,2026-06-29T16:19:19.397Z,529.0,32.08,57.88,2026-06-29 22:04:19.397,5.961111111111
Pulse experiments,pioreactor01,2026-06-29T16:19:49.380Z,533.0,32.09,57.82,2026-06-29 22:04:49.380,5.969444444444
Pulse experiments,pioreactor01,2026-06-29T16:20:19.381Z,535.0,32.06,57.88,2026-06-29 22:05:19.381,5.977777777778
Pulse experiments,pioreactor01,2026-06-29T16:20:49.406Z,536.0,32.05,57.88,2026-06-29 22:05:49.406,5.986111111111
Pulse experiments,pioreactor01,2026-06-29T16:21:19.394Z,540.0,32.06,58.07,2026-06-29 22:06:19.394,5.994444444444
Pulse experiments,pioreactor01,2026-06-29T16:21:49.395Z,541.0,32.05,57.96,2026-06-29 22:06:49.395,6.002777777778
Pulse experiments,pioreactor01,2026-06-29T16:22:19.429Z,543.0,32.08,57.99,2026-06-29 22:07:19.429,6.011111111111
Pulse experiments,pioreactor01,2026-06-29T16:22:49.423Z,545.0,32.11,57.91,2026-06-29 22:07:49.423,6.019444444444
Pulse experiments,pioreactor01,2026-06-29T16:23:19.383Z,539.0,32.13,57.87,2026-06-29 22:08:19.383,6.027777777778
Pulse experiments,pioreactor01,2026-06-29T16:23:49.403Z,537.0,32.13,57.76,2026-06-29 22:08:49.403,6.036111111111
Pulse experiments,pioreactor01,2026-06-29T16:24:19.390Z,536.0,32.17,57.74,2026-06-29 22:09:19.390,6.044444444444
Pulse experiments,pioreactor01,2026-06-29T16:24:49.387Z,534.0,32.17,57.77,2026-06-29 22:09:49.387,6.052777777778
Pulse experiments,pioreactor01,2026-06-29T16:25:19.394Z,538.0,32.15,57.86,2026-06-29 22:10:19.394,6.061111111111
Pulse experiments,pioreactor01,2026-06-29T16:25:49.387Z,537.0,32.15,57.83,2026-06-29 22:10:49.387,6.069444444444
Pulse experiments,pioreactor01,2026-06-29T16:26:19.386Z,545.0,32.13,57.82,2026-06-29 22:11:19.386,6.077777777778
Pulse experiments,pioreactor01,2026-06-29T16:26:49.387Z,543.0,32.13,57.84,2026-06-29 22:11:49.387,6.086111111111
Pulse experiments,pioreactor01,2026-06-29T16:27:19.386Z,541.0,32.1,57.82,2026-06-29 22:12:19.386,6.094444444444
Pulse experiments,pioreactor01,2026-06-29T16:27:49.392Z,545.0,32.11,57.9,2026-06-29 22:12:49.392,6.102777777778
Pulse experiments,pioreactor01,2026-06-29T16:28:19.385Z,545.0,32.08,57.94,2026-06-29 22:13:19.385,6.111111111111
Pulse experiments,pioreactor01,2026-06-29T16:28:49.385Z,544.0,32.06,57.97,2026-06-29 22:13:49.385,6.119444444444
Pulse experiments,pioreactor01,2026-06-29T16:29:19.392Z,542.0,32.1,57.99,2026-06-29 22:14:19.392,6.127777777778
Pulse experiments,pioreactor01,2026-06-29T16:29:49.386Z,541.0,32.07,58.0,2026-06-29 22:14:49.386,6.136111111111
Pulse experiments,pioreactor01,2026-06-29T16:30:19.388Z,541.0,32.06,57.99,2026-06-29 22:15:19.388,6.144444444444
Pulse experiments,pioreactor01,2026-06-29T16:30:49.392Z,548.0,32.04,57.98,2026-06-29 22:15:49.392,6.152777777778
Pulse experiments,pioreactor01,2026-06-29T16:31:19.388Z,549.0,32.02,58.01,2026-06-29 22:16:19.388,6.161111111111
Pulse experiments,pioreactor01,2026-06-29T16:31:49.408Z,549.0,32.0,58.11,2026-06-29 22:16:49.408,6.169444444444
Pulse experiments,pioreactor01,2026-06-29T16:32:19.389Z,550.0,32.01,58.19,2026-06-29 22:17:19.389,6.177777777778
Pulse experiments,pioreactor01,2026-06-29T16:32:49.391Z,547.0,31.99,58.2,2026-06-29 22:17:49.391,6.186111111111
Pulse experiments,pioreactor01,2026-06-29T16:33:19.389Z,551.0,31.94,58.22,2026-06-29 22:18:19.389,6.194444444444
Pulse experiments,pioreactor01,2026-06-29T16:33:49.391Z,552.0,31.96,58.27,2026-06-29 22:18:49.391,6.202777777778
Pulse experiments,pioreactor01,2026-06-29T16:34:19.396Z,558.0,31.94,58.31,2026-06-29 22:19:19.396,6.211111111111
Pulse experiments,pioreactor01,2026-06-29T16:34:49.391Z,558.0,31.93,58.39,2026-06-29 22:19:49.391,6.219444444444
Pulse experiments,pioreactor01,2026-06-29T16:35:19.389Z,560.0,31.92,58.51,2026-06-29 22:20:19.389,6.227777777778
Pulse experiments,pioreactor01,2026-06-29T16:35:49.397Z,564.0,31.96,58.49,2026-06-29 22:20:49.397,6.236111111111
Pulse experiments,pioreactor01,2026-06-29T16:36:19.395Z,570.0,31.96,58.48,2026-06-29 22:21:19.395,6.244444444444
Pulse experiments,pioreactor01,2026-06-29T16:36:49.392Z,569.0,31.91,58.47,2026-06-29 22:21:49.392,6.252777777778
Pulse experiments,pioreactor01,2026-06-29T16:37:19.388Z,569.0,31.9,58.52,2026-06-29 22:22:19.388,6.261111111111
Pulse experiments,pioreactor01,2026-06-29T16:37:49.399Z,568.0,31.87,58.55,2026-06-29 22:22:49.399,6.269444444444
Pulse experiments,pioreactor01,2026-06-29T16:38:19.392Z,571.0,31.85,58.69,2026-06-29 22:23:19.392,6.277777777778
Pulse experiments,pioreactor01,2026-06-29T16:38:49.392Z,574.0,31.85,58.72,2026-06-29 22:23:49.392,6.286111111111
Pulse experiments,pioreactor01,2026-06-29T16:39:19.393Z,577.0,31.88,58.72,2026-06-29 22:24:19.393,6.294444444444
Pulse experiments,pioreactor01,2026-06-29T16:39:49.394Z,574.0,31.87,58.69,2026-06-29 22:24:49.394,6.302777777778
Pulse experiments,pioreactor01,2026-06-29T16:40:19.405Z,575.0,31.89,58.62,2026-06-29 22:25:19.405,6.311111111111
Pulse experiments,pioreactor01,2026-06-29T16:40:49.429Z,576.0,31.88,58.6,2026-06-29 22:25:49.429,6.319444444444
Pulse experiments,pioreactor01,2026-06-29T16:41:19.398Z,574.0,31.87,58.63,2026-06-29 22:26:19.398,6.327777777778
Pulse experiments,pioreactor01,2026-06-29T16:41:49.428Z,575.0,31.9,58.7,2026-06-29 22:26:49.428,6.336111111111
Pulse experiments,pioreactor01,2026-06-29T16:42:19.394Z,575.0,31.89,58.68,2026-06-29 22:27:19.394,6.344444444444
Pulse experiments,pioreactor01,2026-06-29T16:42:49.394Z,578.0,31.9,58.62,2026-06-29 22:27:49.394,6.352777777778
Pulse experiments,pioreactor01,2026-06-29T16:43:19.392Z,580.0,31.9,58.61,2026-06-29 22:28:19.392,6.361111111111
Pulse experiments,pioreactor01,2026-06-29T16:43:49.395Z,579.0,31.89,58.54,2026-06-29 22:28:49.395,6.369444444444
Pulse experiments,pioreactor01,2026-06-29T16:44:19.393Z,587.0,31.88,58.57,2026-06-29 22:29:19.393,6.377777777778
Pulse experiments,pioreactor01,2026-06-29T16:44:49.395Z,589.0,31.88,58.62,2026-06-29 22:29:49.395,6.386111111111
Pulse experiments,pioreactor01,2026-06-29T16:45:19.399Z,590.0,31.87,58.72,2026-06-29 22:30:19.399,6.394444444444
Pulse experiments,pioreactor01,2026-06-29T16:45:49.397Z,590.0,31.88,58.71,2026-06-29 22:30:49.397,6.402777777778
Pulse experiments,pioreactor01,2026-06-29T16:46:19.396Z,590.0,31.89,58.71,2026-06-29 22:31:19.396,6.411111111111
Pulse experiments,pioreactor01,2026-06-29T16:46:49.398Z,591.0,31.88,58.62,2026-06-29 22:31:49.398,6.419444444444
Pulse experiments,pioreactor01,2026-06-29T16:47:19.397Z,590.0,31.87,58.65,2026-06-29 22:32:19.397,6.427777777778
Pulse experiments,pioreactor01,2026-06-29T16:47:49.397Z,590.0,31.85,58.71,2026-06-29 22:32:49.397,6.436111111111
Pulse experiments,pioreactor01,2026-06-29T16:48:19.397Z,594.0,31.87,58.8,2026-06-29 22:33:19.397,6.444444444444
Pulse experiments,pioreactor01,2026-06-29T16:48:49.397Z,596.0,31.86,58.94,2026-06-29 22:33:49.397,6.452777777778
Pulse experiments,pioreactor01,2026-06-29T16:49:19.408Z,600.0,31.87,58.93,2026-06-29 22:34:19.408,6.461111111111
Pulse experiments,pioreactor01,2026-06-29T16:49:49.397Z,606.0,31.87,58.89,2026-06-29 22:34:49.397,6.469444444444
Pulse experiments,pioreactor01,2026-06-29T16:50:19.399Z,612.0,31.87,58.87,2026-06-29 22:35:19.399,6.477777777778
Pulse experiments,pioreactor01,2026-06-29T16:50:49.410Z,609.0,31.86,58.85,2026-06-29 22:35:49.410,6.486111111111
Pulse experiments,pioreactor01,2026-06-29T16:51:19.404Z,612.0,31.87,58.88,2026-06-29 22:36:19.404,6.494444444444
Pulse experiments,pioreactor01,2026-06-29T16:51:49.405Z,617.0,31.86,58.87,2026-06-29 22:36:49.405,6.502777777778
Pulse experiments,pioreactor01,2026-06-29T16:52:19.411Z,620.0,31.91,58.9,2026-06-29 22:37:19.411,6.511111111111
Pulse experiments,pioreactor01,2026-06-29T16:52:49.399Z,619.0,31.94,58.86,2026-06-29 22:37:49.399,6.519444444444
Pulse experiments,pioreactor01,2026-06-29T16:53:19.399Z,616.0,31.92,58.78,2026-06-29 22:38:19.399,6.527777777778
Pulse experiments,pioreactor01,2026-06-29T16:53:49.401Z,619.0,31.93,58.78,2026-06-29 22:38:49.401,6.536111111111
Pulse experiments,pioreactor01,2026-06-29T16:54:19.400Z,623.0,31.96,58.66,2026-06-29 22:39:19.400,6.544444444444
Pulse experiments,pioreactor01,2026-06-29T16:54:49.403Z,630.0,31.97,58.69,2026-06-29 22:39:49.403,6.552777777778
Pulse experiments,pioreactor01,2026-06-29T16:55:19.400Z,629.0,32.02,58.68,2026-06-29 22:40:19.400,6.561111111111
Pulse experiments,pioreactor01,2026-06-29T16:55:49.401Z,630.0,32.06,58.58,2026-06-29 22:40:49.401,6.569444444444
Pulse experiments,pioreactor01,2026-06-29T16:56:19.400Z,629.0,32.06,58.49,2026-06-29 22:41:19.400,6.577777777778
Pulse experiments,pioreactor01,2026-06-29T16:56:49.408Z,627.0,32.09,58.42,2026-06-29 22:41:49.408,6.586111111111
Pulse experiments,pioreactor01,2026-06-29T16:57:19.399Z,625.0,32.05,58.41,2026-06-29 22:42:19.399,6.594444444444
Pulse experiments,pioreactor01,2026-06-29T16:57:49.399Z,625.0,32.05,58.43,2026-06-29 22:42:49.399,6.602777777778
Pulse experiments,pioreactor01,2026-06-29T16:58:19.409Z,625.0,32.06,58.39,2026-06-29 22:43:19.409,6.611111111111
Pulse experiments,pioreactor01,2026-06-29T16:58:49.409Z,626.0,32.08,58.39,2026-06-29 22:43:49.409,6.619444444444
Pulse experiments,pioreactor01,2026-06-29T16:59:19.402Z,626.0,32.1,58.29,2026-06-29 22:44:19.402,6.627777777778
Pulse experiments,pioreactor01,2026-06-29T16:59:49.400Z,627.0,32.12,58.25,2026-06-29 22:44:49.400,6.636111111111
Pulse experiments,pioreactor01,2026-06-29T17:00:19.403Z,626.0,32.08,58.2,2026-06-29 22:45:19.403,6.644444444444
Pulse experiments,pioreactor01,2026-06-29T17:00:49.403Z,624.0,32.1,58.11,2026-06-29 22:45:49.403,6.652777777778
Pulse experiments,pioreactor01,2026-06-29T17:01:19.403Z,623.0,32.11,58.16,2026-06-29 22:46:19.403,6.661111111111
Pulse experiments,pioreactor01,2026-06-29T17:01:49.408Z,625.0,32.1,58.13,2026-06-29 22:46:49.408,6.669444444444
Pulse experiments,pioreactor01,2026-06-29T17:02:19.404Z,618.0,32.13,58.17,2026-06-29 22:47:19.404,6.677777777778
Pulse experiments,pioreactor01,2026-06-29T17:02:49.405Z,615.0,32.09,58.17,2026-06-29 22:47:49.405,6.686111111111
Pulse experiments,pioreactor01,2026-06-29T17:03:19.408Z,617.0,32.12,58.07,2026-06-29 22:48:19.408,6.694444444444
Pulse experiments,pioreactor01,2026-06-29T17:03:49.404Z,613.0,32.12,58.05,2026-06-29 22:48:49.404,6.702777777778
Pulse experiments,pioreactor01,2026-06-29T17:04:19.403Z,609.0,32.09,58.06,2026-06-29 22:49:19.403,6.711111111111
Pulse experiments,pioreactor01,2026-06-29T17:04:49.404Z,606.0,32.11,58.07,2026-06-29 22:49:49.404,6.719444444444
Pulse experiments,pioreactor01,2026-06-29T17:05:19.407Z,605.0,32.12,58.11,2026-06-29 22:50:19.407,6.727777777778
Pulse experiments,pioreactor01,2026-06-29T17:05:49.403Z,603.0,32.1,58.12,2026-06-29 22:50:49.403,6.736111111111
Pulse experiments,pioreactor01,2026-06-29T17:06:19.405Z,596.0,32.11,58.0,2026-06-29 22:51:19.405,6.744444444444
Pulse experiments,pioreactor01,2026-06-29T17:06:49.403Z,593.0,32.1,57.99,2026-06-29 22:51:49.403,6.752777777778
Pulse experiments,pioreactor01,2026-06-29T17:07:19.403Z,590.0,32.08,57.9,2026-06-29 22:52:19.403,6.761111111111
Pulse experiments,pioreactor01,2026-06-29T17:07:49.405Z,591.0,32.06,57.99,2026-06-29 22:52:49.405,6.769444444444
Pulse experiments,pioreactor01,2026-06-29T17:08:19.403Z,588.0,32.05,58.01,2026-06-29 22:53:19.403,6.777777777778
Pulse experiments,pioreactor01,2026-06-29T17:08:49.411Z,586.0,32.01,58.09,2026-06-29 22:53:49.411,6.786111111111
Pulse experiments,pioreactor01,2026-06-29T17:09:19.404Z,582.0,32.02,58.07,2026-06-29 22:54:19.404,6.794444444444
Pulse experiments,pioreactor01,2026-06-29T17:09:49.408Z,588.0,32.03,58.0,2026-06-29 22:54:49.408,6.802777777778
Pulse experiments,pioreactor01,2026-06-29T17:10:21.026Z,589.0,32.01,57.95,2026-06-29 22:55:21.026,6.811666666667
Pulse experiments,pioreactor01,2026-06-29T17:10:49.409Z,591.0,31.99,58.06,2026-06-29 22:55:49.409,6.819444444444
Pulse experiments,pioreactor01,2026-06-29T17:11:19.405Z,596.0,31.99,58.06,2026-06-29 22:56:19.405,6.827777777778
Pulse experiments,pioreactor01,2026-06-29T17:11:49.417Z,598.0,31.99,58.06,2026-06-29 22:56:49.417,6.836111111111
Pulse experiments,pioreactor01,2026-06-29T17:12:19.408Z,598.0,31.96,58.06,2026-06-29 22:57:19.408,6.844444444444
Pulse experiments,pioreactor01,2026-06-29T17:12:49.409Z,598.0,31.98,58.01,2026-06-29 22:57:49.409,6.852777777778
Pulse experiments,pioreactor01,2026-06-29T17:13:19.409Z,601.0,31.95,58.0,2026-06-29 22:58:19.409,6.861111111111
Pulse experiments,pioreactor01,2026-06-29T17:13:49.409Z,606.0,31.92,58.05,2026-06-29 22:58:49.409,6.869444444444
Pulse experiments,pioreactor01,2026-06-29T17:14:19.409Z,607.0,31.91,58.18,2026-06-29 22:59:19.409,6.877777777778
Pulse experiments,pioreactor01,2026-06-29T17:14:49.418Z,608.0,31.92,58.2,2026-06-29 22:59:49.418,6.886111111111
Pulse experiments,pioreactor01,2026-06-29T17:15:19.410Z,603.0,31.92,58.3,2026-06-29 23:00:19.410,6.894444444444
Pulse experiments,pioreactor01,2026-06-29T17:15:49.407Z,605.0,31.91,58.34,2026-06-29 23:00:49.407,6.902777777778
Pulse experiments,pioreactor01,2026-06-29T17:16:19.424Z,604.0,31.94,58.33,2026-06-29 23:01:19.424,6.911111111111
Pulse experiments,pioreactor01,2026-06-29T17:16:49.411Z,602.0,31.96,58.25,2026-06-29 23:01:49.411,6.919444444444
Pulse experiments,pioreactor01,2026-06-29T17:17:19.408Z,600.0,31.94,58.26,2026-06-29 23:02:19.408,6.927777777778
Pulse experiments,pioreactor01,2026-06-29T17:17:49.414Z,596.0,31.95,58.25,2026-06-29 23:02:49.414,6.936111111111
Pulse experiments,pioreactor01,2026-06-29T17:18:19.409Z,599.0,31.97,58.34,2026-06-29 23:03:19.409,6.944444444444
Pulse experiments,pioreactor01,2026-06-29T17:18:49.412Z,597.0,31.95,58.39,2026-06-29 23:03:49.412,6.952777777778
Pulse experiments,pioreactor01,2026-06-29T17:19:19.554Z,603.0,31.96,58.46,2026-06-29 23:04:19.554,6.961111111111
Pulse experiments,pioreactor01,2026-06-29T17:19:49.414Z,600.0,31.94,58.4,2026-06-29 23:04:49.414,6.969444444444
Pulse experiments,pioreactor01,2026-06-29T17:20:19.423Z,602.0,31.94,58.38,2026-06-29 23:05:19.423,6.977777777778
Pulse experiments,pioreactor01,2026-06-29T17:20:49.412Z,603.0,31.95,58.34,2026-06-29 23:05:49.412,6.986111111111
Pulse experiments,pioreactor01,2026-06-29T17:21:19.412Z,605.0,31.94,58.41,2026-06-29 23:06:19.412,6.994444444444
Pulse experiments,pioreactor01,2026-06-29T17:21:49.414Z,607.0,31.96,58.51,2026-06-29 23:06:49.414,7.002777777778
Pulse experiments,pioreactor01,2026-06-29T17:22:19.413Z,611.0,31.99,58.52,2026-06-29 23:07:19.413,7.011111111111
Pulse experiments,pioreactor01,2026-06-29T17:22:49.415Z,614.0,32.0,58.52,2026-06-29 23:07:49.415,7.019444444444
Pulse experiments,pioreactor01,2026-06-29T17:23:19.412Z,617.0,32.03,58.37,2026-06-29 23:08:19.412,7.027777777778
Pulse experiments,pioreactor01,2026-06-29T17:23:49.414Z,623.0,32.04,58.37,2026-06-29 23:08:49.414,7.036111111111
Pulse experiments,pioreactor01,2026-06-29T17:24:19.414Z,629.0,32.05,58.3,2026-06-29 23:09:19.414,7.044444444444
Pulse experiments,pioreactor01,2026-06-29T17:24:49.411Z,625.0,32.07,58.35,2026-06-29 23:09:49.411,7.052777777778
Pulse experiments,pioreactor01,2026-06-29T17:25:19.421Z,625.0,32.1,58.36,2026-06-29 23:10:19.421,7.061111111111
Pulse experiments,pioreactor01,2026-06-29T17:25:49.414Z,627.0,32.08,58.42,2026-06-29 23:10:49.414,7.069444444444
Pulse experiments,pioreactor01,2026-06-29T17:26:19.414Z,629.0,32.11,58.36,2026-06-29 23:11:19.414,7.077777777778
Pulse experiments,pioreactor01,2026-06-29T17:26:49.415Z,633.0,32.13,58.26,2026-06-29 23:11:49.415,7.086111111111
Pulse experiments,pioreactor01,2026-06-29T17:27:19.415Z,629.0,32.12,58.25,2026-06-29 23:12:19.415,7.094444444444
Pulse experiments,pioreactor01,2026-06-29T17:27:49.416Z,632.0,32.13,58.23,2026-06-29 23:12:49.416,7.102777777778
Pulse experiments,pioreactor01,2026-06-29T17:28:19.415Z,634.0,32.14,58.26,2026-06-29 23:13:19.415,7.111111111111
Pulse experiments,pioreactor01,2026-06-29T17:28:49.420Z,636.0,32.16,58.29,2026-06-29 23:13:49.420,7.119444444444
Pulse experiments,pioreactor01,2026-06-29T17:29:19.415Z,637.0,32.15,58.29,2026-06-29 23:14:19.415,7.127777777778
Pulse experiments,pioreactor01,2026-06-29T17:29:49.415Z,640.0,32.19,58.25,2026-06-29 23:14:49.415,7.136111111111
Pulse experiments,pioreactor01,2026-06-29T17:30:19.417Z,641.0,32.2,58.16,2026-06-29 23:15:19.417,7.144444444444
Pulse experiments,pioreactor01,2026-06-29T17:30:49.417Z,640.0,32.18,58.16,2026-06-29 23:15:49.417,7.152777777778
Pulse experiments,pioreactor01,2026-06-29T17:31:19.417Z,642.0,32.16,58.29,2026-06-29 23:16:19.417,7.161111111111
Pulse experiments,pioreactor01,2026-06-29T17:31:49.414Z,643.0,32.16,58.35,2026-06-29 23:16:49.414,7.169444444444
Pulse experiments,pioreactor01,2026-06-29T17:32:19.419Z,643.0,32.17,58.35,2026-06-29 23:17:19.419,7.177777777778
Pulse experiments,pioreactor01,2026-06-29T17:32:49.417Z,645.0,32.18,58.36,2026-06-29 23:17:49.417,7.186111111111
Pulse experiments,pioreactor01,2026-06-29T17:33:19.419Z,647.0,32.18,58.36,2026-06-29 23:18:19.419,7.194444444444
Pulse experiments,pioreactor01,2026-06-29T17:33:49.418Z,648.0,32.18,58.3,2026-06-29 23:18:49.418,7.202777777778
Pulse experiments,pioreactor01,2026-06-29T17:34:19.418Z,649.0,32.17,58.3,2026-06-29 23:19:19.418,7.211111111111
Pulse experiments,pioreactor01,2026-06-29T17:34:49.418Z,651.0,32.16,58.35,2026-06-29 23:19:49.418,7.219444444444
Pulse experiments,pioreactor01,2026-06-29T17:35:19.419Z,650.0,32.17,58.47,2026-06-29 23:20:19.419,7.227777777778
Pulse experiments,pioreactor01,2026-06-29T17:35:49.419Z,652.0,32.17,58.45,2026-06-29 23:20:49.419,7.236111111111
Pulse experiments,pioreactor01,2026-06-29T17:36:19.418Z,656.0,32.18,58.42,2026-06-29 23:21:19.418,7.244444444444
Pulse experiments,pioreactor01,2026-06-29T17:36:49.421Z,652.0,32.19,58.38,2026-06-29 23:21:49.421,7.252777777778
Pulse experiments,pioreactor01,2026-06-29T17:37:19.420Z,658.0,32.16,58.37,2026-06-29 23:22:19.420,7.261111111111
Pulse experiments,pioreactor01,2026-06-29T17:37:49.419Z,660.0,32.13,58.55,2026-06-29 23:22:49.419,7.269444444444
Pulse experiments,pioreactor01,2026-06-29T17:38:19.424Z,666.0,32.14,58.59,2026-06-29 23:23:19.424,7.277777777778
Pulse experiments,pioreactor01,2026-06-29T17:38:49.421Z,672.0,32.14,58.63,2026-06-29 23:23:49.421,7.286111111111
Pulse experiments,pioreactor01,2026-06-29T17:39:19.421Z,675.0,32.21,58.67,2026-06-29 23:24:19.421,7.294444444444
Pulse experiments,pioreactor01,2026-06-29T17:39:49.421Z,676.0,32.2,58.55,2026-06-29 23:24:49.421,7.302777777778
Pulse experiments,pioreactor01,2026-06-29T17:40:19.422Z,669.0,32.18,58.51,2026-06-29 23:25:19.422,7.311111111111
Pulse experiments,pioreactor01,2026-06-29T17:40:49.421Z,665.0,32.18,58.54,2026-06-29 23:25:49.421,7.319444444444
Pulse experiments,pioreactor01,2026-06-29T17:41:19.422Z,664.0,32.18,58.57,2026-06-29 23:26:19.422,7.327777777778
Pulse experiments,pioreactor01,2026-06-29T17:41:49.422Z,667.0,32.16,58.62,2026-06-29 23:26:49.422,7.336111111111
Pulse experiments,pioreactor01,2026-06-29T17:42:19.422Z,667.0,32.13,58.73,2026-06-29 23:27:19.422,7.344444444444
Pulse experiments,pioreactor01,2026-06-29T17:42:49.422Z,665.0,32.13,58.79,2026-06-29 23:27:49.422,7.352777777778
Pulse experiments,pioreactor01,2026-06-29T17:43:19.429Z,665.0,32.11,58.71,2026-06-29 23:28:19.429,7.361111111111
Pulse experiments,pioreactor01,2026-06-29T17:43:49.423Z,668.0,32.13,58.72,2026-06-29 23:28:49.423,7.369444444444
Pulse experiments,pioreactor01,2026-06-29T17:44:19.420Z,669.0,32.15,58.72,2026-06-29 23:29:19.420,7.377777777778
Pulse experiments,pioreactor01,2026-06-29T17:44:49.423Z,672.0,32.16,58.75,2026-06-29 23:29:49.423,7.386111111111
Pulse experiments,pioreactor01,2026-06-29T17:45:19.423Z,678.0,32.2,58.77,2026-06-29 23:30:19.423,7.394444444444
Pulse experiments,pioreactor01,2026-06-29T17:45:49.423Z,685.0,32.21,58.76,2026-06-29 23:30:49.423,7.402777777778
Pulse experiments,pioreactor01,2026-06-29T17:46:19.424Z,691.0,32.22,58.69,2026-06-29 23:31:19.424,7.411111111111
Pulse experiments,pioreactor01,2026-06-29T17:46:49.423Z,697.0,32.23,58.68,2026-06-29 23:31:49.423,7.419444444444
Pulse experiments,pioreactor01,2026-06-29T17:47:19.420Z,698.0,32.24,58.63,2026-06-29 23:32:19.420,7.427777777778
Pulse experiments,pioreactor01,2026-06-29T17:47:49.449Z,703.0,32.24,58.64,2026-06-29 23:32:49.449,7.436111111111
Pulse experiments,pioreactor01,2026-06-29T17:48:19.683Z,696.0,32.23,58.74,2026-06-29 23:33:19.683,7.444444444444
Pulse experiments,pioreactor01,2026-06-29T17:48:49.856Z,691.0,32.24,58.74,2026-06-29 23:33:49.856,7.452777777778
Pulse experiments,pioreactor01,2026-06-29T17:49:19.425Z,687.0,32.26,58.69,2026-06-29 23:34:19.425,7.461111111111
Pulse experiments,pioreactor01,2026-06-29T17:49:49.427Z,686.0,32.3,58.55,2026-06-29 23:34:49.427,7.469444444444
Pulse experiments,pioreactor01,2026-06-29T17:50:19.426Z,684.0,32.3,58.5,2026-06-29 23:35:19.426,7.477777777778
Pulse experiments,pioreactor01,2026-06-29T17:50:49.425Z,688.0,32.27,58.46,2026-06-29 23:35:49.425,7.486111111111
Pulse experiments,pioreactor01,2026-06-29T17:51:19.434Z,682.0,32.26,58.48,2026-06-29 23:36:19.434,7.494444444444
Pulse experiments,pioreactor01,2026-06-29T17:51:49.426Z,685.0,32.25,58.56,2026-06-29 23:36:49.426,7.502777777778
Pulse experiments,pioreactor01,2026-06-29T17:52:19.427Z,686.0,32.22,58.62,2026-06-29 23:37:19.427,7.511111111111
Pulse experiments,pioreactor01,2026-06-29T17:52:49.430Z,685.0,32.2,58.63,2026-06-29 23:37:49.430,7.519444444444
Pulse experiments,pioreactor01,2026-06-29T17:53:19.427Z,690.0,32.22,58.59,2026-06-29 23:38:19.427,7.527777777778
Pulse experiments,pioreactor01,2026-06-29T17:53:49.431Z,694.0,32.22,58.54,2026-06-29 23:38:49.431,7.536111111111
Pulse experiments,pioreactor01,2026-06-29T17:54:19.430Z,695.0,32.26,58.51,2026-06-29 23:39:19.430,7.544444444444
Pulse experiments,pioreactor01,2026-06-29T17:54:49.430Z,696.0,32.27,58.52,2026-06-29 23:39:49.430,7.552777777778
Pulse experiments,pioreactor01,2026-06-29T17:55:19.428Z,696.0,32.3,58.51,2026-06-29 23:40:19.428,7.561111111111
Pulse experiments,pioreactor01,2026-06-29T17:55:49.429Z,695.0,32.29,58.47,2026-06-29 23:40:49.429,7.569444444444
Pulse experiments,pioreactor01,2026-06-29T17:56:19.425Z,689.0,32.3,58.41,2026-06-29 23:41:19.425,7.577777777778
Pulse experiments,pioreactor01,2026-06-29T17:56:49.435Z,689.0,32.29,58.36,2026-06-29 23:41:49.435,7.586111111111
Pulse experiments,pioreactor01,2026-06-29T17:57:19.429Z,683.0,32.27,58.32,2026-06-29 23:42:19.429,7.594444444444
Pulse experiments,pioreactor01,2026-06-29T17:57:49.472Z,677.0,32.27,58.3,2026-06-29 23:42:49.472,7.602777777778
Pulse experiments,pioreactor01,2026-06-29T17:58:19.433Z,680.0,32.27,58.38,2026-06-29 23:43:19.433,7.611111111111
Pulse experiments,pioreactor01,2026-06-29T17:58:49.453Z,677.0,32.27,58.38,2026-06-29 23:43:49.453,7.619444444444
Pulse experiments,pioreactor01,2026-06-29T17:59:19.429Z,675.0,32.28,58.38,2026-06-29 23:44:19.429,7.627777777778
Pulse experiments,pioreactor01,2026-06-29T17:59:49.460Z,673.0,32.24,58.41,2026-06-29 23:44:49.460,7.636111111111
Pulse experiments,pioreactor01,2026-06-29T18:00:19.470Z,671.0,32.27,58.36,2026-06-29 23:45:19.470,7.644444444444
Pulse experiments,pioreactor01,2026-06-29T18:00:49.427Z,674.0,32.24,58.34,2026-06-29 23:45:49.427,7.652777777778
Pulse experiments,pioreactor01,2026-06-29T18:01:19.439Z,673.0,32.26,58.42,2026-06-29 23:46:19.439,7.661111111111
Pulse experiments,pioreactor01,2026-06-29T18:01:49.462Z,674.0,32.23,58.42,2026-06-29 23:46:49.462,7.669444444444
Pulse experiments,pioreactor01,2026-06-29T18:02:19.452Z,675.0,32.23,58.44,2026-06-29 23:47:19.452,7.677777777778
Pulse experiments,pioreactor01,2026-06-29T18:02:49.431Z,677.0,32.2,58.45,2026-06-29 23:47:49.431,7.686111111111
Pulse experiments,pioreactor01,2026-06-29T18:03:19.525Z,677.0,32.18,58.45,2026-06-29 23:48:19.525,7.694444444444
Pulse experiments,pioreactor01,2026-06-29T18:03:49.514Z,676.0,32.18,58.46,2026-06-29 23:48:49.514,7.702777777778
Pulse experiments,pioreactor01,2026-06-29T18:04:19.464Z,675.0,32.15,58.41,2026-06-29 23:49:19.464,7.711111111111
Pulse experiments,pioreactor01,2026-06-29T18:04:49.503Z,671.0,32.18,58.49,2026-06-29 23:49:49.503,7.719444444444
Pulse experiments,pioreactor01,2026-06-29T18:05:19.500Z,672.0,32.18,58.51,2026-06-29 23:50:19.500,7.727777777778
Pulse experiments,pioreactor01,2026-06-29T18:05:49.455Z,675.0,32.17,58.58,2026-06-29 23:50:49.455,7.736111111111
Pulse experiments,pioreactor01,2026-06-29T18:06:19.480Z,675.0,32.16,58.52,2026-06-29 23:51:19.480,7.744444444444
Pulse experiments,pioreactor01,2026-06-29T18:06:49.430Z,679.0,32.18,58.48,2026-06-29 23:51:49.430,7.752777777778
Pulse experiments,pioreactor01,2026-06-29T18:07:19.504Z,685.0,32.19,58.49,2026-06-29 23:52:19.504,7.761111111111
Pulse experiments,pioreactor01,2026-06-29T18:07:49.435Z,685.0,32.18,58.45,2026-06-29 23:52:49.435,7.769444444444
Pulse experiments,pioreactor01,2026-06-29T18:08:19.441Z,692.0,32.18,58.53,2026-06-29 23:53:19.441,7.777777777778
Pulse experiments,pioreactor01,2026-06-29T18:08:49.437Z,700.0,32.2,58.55,2026-06-29 23:53:49.437,7.786111111111
Pulse experiments,pioreactor01,2026-06-29T18:09:19.441Z,702.0,32.2,58.54,2026-06-29 23:54:19.441,7.794444444444
Pulse experiments,pioreactor01,2026-06-29T18:09:49.456Z,709.0,32.23,58.41,2026-06-29 23:54:49.456,7.802777777778
Pulse experiments,pioreactor01,2026-06-29T18:10:19.441Z,712.0,32.24,58.33,2026-06-29 23:55:19.441,7.811111111111
Pulse experiments,pioreactor01,2026-06-29T18:10:49.438Z,705.0,32.23,58.36,2026-06-29 23:55:49.438,7.819444444444
Pulse experiments,pioreactor01,2026-06-29T18:11:19.455Z,703.0,32.24,58.32,2026-06-29 23:56:19.455,7.827777777778
Pulse experiments,pioreactor01,2026-06-29T18:11:49.437Z,700.0,32.21,58.38,2026-06-29 23:56:49.437,7.836111111111
Pulse experiments,pioreactor01,2026-06-29T18:12:19.433Z,693.0,32.21,58.42,2026-06-29 23:57:19.433,7.844444444444
Pulse experiments,pioreactor01,2026-06-29T18:12:49.435Z,690.0,32.16,58.52,2026-06-29 23:57:49.435,7.852777777778
Pulse experiments,pioreactor01,2026-06-29T18:13:19.451Z,683.0,32.14,58.5,2026-06-29 23:58:19.451,7.861111111111
Pulse experiments,pioreactor01,2026-06-29T18:13:49.458Z,682.0,32.15,58.41,2026-06-29 23:58:49.458,7.869444444444
Pulse experiments,pioreactor01,2026-06-29T18:14:19.433Z,679.0,32.11,58.46,2026-06-29 23:59:19.433,7.877777777778
Pulse experiments,pioreactor01,2026-06-29T18:14:49.438Z,677.0,32.12,58.56,2026-06-29 23:59:49.438,7.886111111111
Pulse experiments,pioreactor01,2026-06-29T18:15:19.440Z,677.0,32.11,58.65,2026-06-30 00:00:19.440,7.894444444444
Pulse experiments,pioreactor01,2026-06-29T18:15:49.437Z,675.0,32.11,58.7,2026-06-30 00:00:49.437,7.902777777778
Pulse experiments,pioreactor01,2026-06-29T18:16:19.436Z,674.0,32.11,58.67,2026-06-30 00:01:19.436,7.911111111111
Pulse experiments,pioreactor01,2026-06-29T18:16:49.438Z,673.0,32.12,58.63,2026-06-30 00:01:49.438,7.919444444444
Pulse experiments,pioreactor01,2026-06-29T18:17:19.437Z,673.0,32.14,58.57,2026-06-30 00:02:19.437,7.927777777778
Pulse experiments,pioreactor01,2026-06-29T18:17:49.438Z,673.0,32.13,58.57,2026-06-30 00:02:49.438,7.936111111111
Pulse experiments,pioreactor01,2026-06-29T18:18:19.439Z,673.0,32.15,58.62,2026-06-30 00:03:19.439,7.944444444444
Pulse experiments,pioreactor01,2026-06-29T18:18:49.438Z,676.0,32.15,58.71,2026-06-30 00:03:49.438,7.952777777778
Pulse experiments,pioreactor01,2026-06-29T18:19:19.441Z,678.0,32.17,58.66,2026-06-30 00:04:19.441,7.961111111111
Pulse experiments,pioreactor01,2026-06-29T18:19:49.440Z,679.0,32.16,58.69,2026-06-30 00:04:49.440,7.969444444444
Pulse experiments,pioreactor01,2026-06-29T18:20:19.447Z,686.0,32.14,58.59,2026-06-30 00:05:19.447,7.977777777778
Pulse experiments,pioreactor01,2026-06-29T18:20:49.439Z,689.0,32.17,58.56,2026-06-30 00:05:49.439,7.986111111111
Pulse experiments,pioreactor01,2026-06-29T18:21:19.469Z,687.0,32.18,58.6,2026-06-30 00:06:19.469,7.994444444444
Pulse experiments,pioreactor01,2026-06-29T18:21:49.457Z,688.0,32.16,58.7,2026-06-30 00:06:49.457,8.002777777778
Pulse experiments,pioreactor01,2026-06-29T18:22:19.470Z,689.0,32.18,58.72,2026-06-30 00:07:19.470,8.011111111111
Pulse experiments,pioreactor01,2026-06-29T18:22:49.445Z,692.0,32.18,58.7,2026-06-30 00:07:49.445,8.019444444444
Pulse experiments,pioreactor01,2026-06-29T18:23:19.442Z,698.0,32.16,58.68,2026-06-30 00:08:19.442,8.027777777778
Pulse experiments,pioreactor01,2026-06-29T18:23:49.444Z,699.0,32.16,58.65,2026-06-30 00:08:49.444,8.036111111111
Pulse experiments,pioreactor01,2026-06-29T18:24:19.441Z,701.0,32.13,58.66,2026-06-30 00:09:19.441,8.044444444444
Pulse experiments,pioreactor01,2026-06-29T18:24:49.445Z,707.0,32.16,58.72,2026-06-30 00:09:49.445,8.052777777778
Pulse experiments,pioreactor01,2026-06-29T18:25:19.445Z,704.0,32.16,58.75,2026-06-30 00:10:19.445,8.061111111111
Pulse experiments,pioreactor01,2026-06-29T18:25:49.442Z,701.0,32.15,58.82,2026-06-30 00:10:49.442,8.069444444444
Pulse experiments,pioreactor01,2026-06-29T18:26:19.445Z,699.0,32.16,58.8,2026-06-30 00:11:19.445,8.077777777778
Pulse experiments,pioreactor01,2026-06-29T18:26:49.454Z,697.0,32.16,58.76,2026-06-30 00:11:49.454,8.086111111111
Pulse experiments,pioreactor01,2026-06-29T18:27:19.452Z,697.0,32.14,58.76,2026-06-30 00:12:19.452,8.094444444444
Pulse experiments,pioreactor01,2026-06-29T18:27:49.443Z,697.0,32.15,58.77,2026-06-30 00:12:49.443,8.102777777778
Pulse experiments,pioreactor01,2026-06-29T18:28:19.525Z,698.0,32.15,58.83,2026-06-30 00:13:19.525,8.111111111111
Pulse experiments,pioreactor01,2026-06-29T18:28:49.453Z,704.0,32.14,58.92,2026-06-30 00:13:49.453,8.119444444444
Pulse experiments,pioreactor01,2026-06-29T18:29:19.466Z,704.0,32.14,58.89,2026-06-30 00:14:19.466,8.127777777778
Pulse experiments,pioreactor01,2026-06-29T18:29:49.443Z,704.0,32.17,58.8,2026-06-30 00:14:49.443,8.136111111111
Pulse experiments,pioreactor01,2026-06-29T18:30:19.503Z,708.0,32.16,58.84,2026-06-30 00:15:19.503,8.144444444444
Pulse experiments,pioreactor01,2026-06-29T18:30:49.504Z,708.0,32.16,58.84,2026-06-30 00:15:49.504,8.152777777778
Pulse experiments,pioreactor01,2026-06-29T18:31:19.446Z,709.0,32.14,58.93,2026-06-30 00:16:19.446,8.161111111111
Pulse experiments,pioreactor01,2026-06-29T18:31:49.480Z,708.0,32.12,59.04,2026-06-30 00:16:49.480,8.169444444444
Pulse experiments,pioreactor01,2026-06-29T18:32:19.494Z,707.0,32.12,59.11,2026-06-30 00:17:19.494,8.177777777778
Pulse experiments,pioreactor01,2026-06-29T18:32:49.460Z,712.0,32.14,59.1,2026-06-30 00:17:49.460,8.186111111111
Pulse experiments,pioreactor01,2026-06-29T18:33:19.521Z,709.0,32.14,59.03,2026-06-30 00:18:19.521,8.194444444444
Pulse experiments,pioreactor01,2026-06-29T18:33:49.467Z,710.0,32.16,59.0,2026-06-30 00:18:49.467,8.202777777778
Pulse experiments,pioreactor01,2026-06-29T18:34:19.448Z,716.0,32.13,59.04,2026-06-30 00:19:19.448,8.211111111111
Pulse experiments,pioreactor01,2026-06-29T18:34:49.466Z,716.0,32.14,59.08,2026-06-30 00:19:49.466,8.219444444444
Pulse experiments,pioreactor01,2026-06-29T18:35:19.448Z,716.0,32.13,59.22,2026-06-30 00:20:19.448,8.227777777778
Pulse experiments,pioreactor01,2026-06-29T18:35:49.446Z,713.0,32.14,59.2,2026-06-30 00:20:49.446,8.236111111111
Pulse experiments,pioreactor01,2026-06-29T18:36:19.446Z,711.0,32.12,59.26,2026-06-30 00:21:19.446,8.244444444444
Pulse experiments,pioreactor01,2026-06-29T18:36:49.447Z,713.0,32.12,59.21,2026-06-30 00:21:49.447,8.252777777778
Pulse experiments,pioreactor01,2026-06-29T18:37:19.447Z,712.0,32.13,59.16,2026-06-30 00:22:19.447,8.261111111111
Pulse experiments,pioreactor01,2026-06-29T18:37:49.448Z,704.0,32.11,59.28,2026-06-30 00:22:49.448,8.269444444444
Pulse experiments,pioreactor01,2026-06-29T18:38:19.451Z,703.0,32.1,59.32,2026-06-30 00:23:19.451,8.277777777778
Pulse experiments,pioreactor01,2026-06-29T18:38:49.448Z,699.0,32.09,59.4,2026-06-30 00:23:49.448,8.286111111111
Pulse experiments,pioreactor01,2026-06-29T18:39:19.448Z,700.0,32.11,59.36,2026-06-30 00:24:19.448,8.294444444444
Pulse experiments,pioreactor01,2026-06-29T18:39:49.468Z,699.0,32.15,59.27,2026-06-30 00:24:49.468,8.302777777778
Pulse experiments,pioreactor01,2026-06-29T18:40:19.448Z,699.0,32.14,59.25,2026-06-30 00:25:19.448,8.311111111111
Pulse experiments,pioreactor01,2026-06-29T18:40:49.451Z,697.0,32.12,59.22,2026-06-30 00:25:49.451,8.319444444444
Pulse experiments,pioreactor01,2026-06-29T18:41:19.451Z,696.0,32.12,59.29,2026-06-30 00:26:19.451,8.327777777778
Pulse experiments,pioreactor01,2026-06-29T18:41:49.450Z,694.0,32.12,59.34,2026-06-30 00:26:49.450,8.336111111111
Pulse experiments,pioreactor01,2026-06-29T18:42:19.454Z,694.0,32.15,59.39,2026-06-30 00:27:19.454,8.344444444444
Pulse experiments,pioreactor01,2026-06-29T18:42:49.460Z,693.0,32.15,59.31,2026-06-30 00:27:49.460,8.352777777778
Pulse experiments,pioreactor01,2026-06-29T18:43:19.450Z,692.0,32.15,59.27,2026-06-30 00:28:19.450,8.361111111111
Pulse experiments,pioreactor01,2026-06-29T18:43:49.450Z,690.0,32.18,59.2,2026-06-30 00:28:49.450,8.369444444444
Pulse experiments,pioreactor01,2026-06-29T18:44:19.455Z,690.0,32.14,59.29,2026-06-30 00:29:19.455,8.377777777778
Pulse experiments,pioreactor01,2026-06-29T18:44:49.454Z,691.0,32.14,59.29,2026-06-30 00:29:49.454,8.386111111111
Pulse experiments,pioreactor01,2026-06-29T18:45:19.451Z,692.0,32.14,59.4,2026-06-30 00:30:19.451,8.394444444444
Pulse experiments,pioreactor01,2026-06-29T18:45:49.466Z,688.0,32.14,59.44,2026-06-30 00:30:49.466,8.402777777778
Pulse experiments,pioreactor01,2026-06-29T18:46:19.464Z,688.0,32.12,59.44,2026-06-30 00:31:19.464,8.411111111111
Pulse experiments,pioreactor01,2026-06-29T18:46:49.455Z,683.0,32.11,59.37,2026-06-30 00:31:49.455,8.419444444444
Pulse experiments,pioreactor01,2026-06-29T18:47:19.456Z,684.0,32.11,59.38,2026-06-30 00:32:19.456,8.427777777778
Pulse experiments,pioreactor01,2026-06-29T18:47:49.453Z,684.0,32.11,59.37,2026-06-30 00:32:49.453,8.436111111111
Pulse experiments,pioreactor01,2026-06-29T18:48:19.453Z,682.0,32.1,59.45,2026-06-30 00:33:19.453,8.444444444444
Pulse experiments,pioreactor01,2026-06-29T18:48:49.453Z,682.0,32.07,59.58,2026-06-30 00:33:49.453,8.452777777778
Pulse experiments,pioreactor01,2026-06-29T18:49:19.453Z,685.0,32.07,59.65,2026-06-30 00:34:19.453,8.461111111111
Pulse experiments,pioreactor01,2026-06-29T18:49:49.453Z,687.0,32.04,59.64,2026-06-30 00:34:49.453,8.469444444444
Pulse experiments,pioreactor01,2026-06-29T18:50:19.452Z,684.0,32.07,59.59,2026-06-30 00:35:19.452,8.477777777778
Pulse experiments,pioreactor01,2026-06-29T18:50:49.452Z,683.0,32.02,59.63,2026-06-30 00:35:49.452,8.486111111111
Pulse experiments,pioreactor01,2026-06-29T18:51:19.454Z,689.0,32.05,59.64,2026-06-30 00:36:19.454,8.494444444444
Pulse experiments,pioreactor01,2026-06-29T18:51:49.456Z,689.0,32.04,59.69,2026-06-30 00:36:49.456,8.502777777778
Pulse experiments,pioreactor01,2026-06-29T18:52:19.458Z,690.0,32.05,59.73,2026-06-30 00:37:19.458,8.511111111111
Pulse experiments,pioreactor01,2026-06-29T18:52:49.455Z,689.0,32.02,59.8,2026-06-30 00:37:49.455,8.519444444444
Pulse experiments,pioreactor01,2026-06-29T18:53:19.456Z,683.0,32.03,59.74,2026-06-30 00:38:19.456,8.527777777778
Pulse experiments,pioreactor01,2026-06-29T18:53:49.459Z,683.0,32.04,59.68,2026-06-30 00:38:49.459,8.536111111111
Pulse experiments,pioreactor01,2026-06-29T18:54:19.457Z,679.0,32.07,59.64,2026-06-30 00:39:19.457,8.544444444444
Pulse experiments,pioreactor01,2026-06-29T18:54:49.455Z,678.0,32.08,59.67,2026-06-30 00:39:49.455,8.552777777778
Pulse experiments,pioreactor01,2026-06-29T18:55:19.455Z,677.0,32.04,59.81,2026-06-30 00:40:19.455,8.561111111111
Pulse experiments,pioreactor01,2026-06-29T18:55:49.455Z,673.0,32.07,59.78,2026-06-30 00:40:49.455,8.569444444444
Pulse experiments,pioreactor01,2026-06-29T18:56:19.453Z,675.0,32.07,59.73,2026-06-30 00:41:19.453,8.577777777778
Pulse experiments,pioreactor01,2026-06-29T18:56:49.496Z,676.0,32.07,59.7,2026-06-30 00:41:49.496,8.586111111111
Pulse experiments,pioreactor01,2026-06-29T18:57:19.457Z,669.0,32.05,59.75,2026-06-30 00:42:19.457,8.594444444444
Pulse experiments,pioreactor01,2026-06-29T18:57:49.512Z,666.0,32.05,59.68,2026-06-30 00:42:49.512,8.602777777778
Pulse experiments,pioreactor01,2026-06-29T18:58:19.514Z,667.0,32.05,59.8,2026-06-30 00:43:19.514,8.611111111111
Pulse experiments,pioreactor01,2026-06-29T18:58:49.457Z,673.0,32.04,59.82,2026-06-30 00:43:49.457,8.619444444444
Pulse experiments,pioreactor01,2026-06-29T18:59:19.489Z,674.0,32.02,59.83,2026-06-30 00:44:19.489,8.627777777778
Pulse experiments,pioreactor01,2026-06-29T18:59:49.458Z,677.0,32.01,59.81,2026-06-30 00:44:49.458,8.636111111111
Pulse experiments,pioreactor01,2026-06-29T19:00:19.479Z,677.0,32.04,59.76,2026-06-30 00:45:19.479,8.644444444444
Pulse experiments,pioreactor01,2026-06-29T19:00:49.523Z,673.0,32.03,59.73,2026-06-30 00:45:49.523,8.652777777778
Pulse experiments,pioreactor01,2026-06-29T19:01:19.464Z,676.0,32.01,59.81,2026-06-30 00:46:19.464,8.661111111111
Pulse experiments,pioreactor01,2026-06-29T19:01:49.459Z,678.0,32.02,59.86,2026-06-30 00:46:49.459,8.669444444444
Pulse experiments,pioreactor01,2026-06-29T19:02:19.459Z,675.0,32.04,59.92,2026-06-30 00:47:19.459,8.677777777778
Pulse experiments,pioreactor01,2026-06-29T19:02:49.459Z,671.0,32.05,59.9,2026-06-30 00:47:49.459,8.686111111111
Pulse experiments,pioreactor01,2026-06-29T19:03:19.459Z,671.0,32.04,59.86,2026-06-30 00:48:19.459,8.694444444444
Pulse experiments,pioreactor01,2026-06-29T19:03:49.459Z,670.0,32.01,59.71,2026-06-30 00:48:49.459,8.702777777778
Pulse experiments,pioreactor01,2026-06-29T19:04:19.475Z,668.0,32.03,59.77,2026-06-30 00:49:19.475,8.711111111111
Pulse experiments,pioreactor01,2026-06-29T19:04:49.459Z,664.0,32.01,59.8,2026-06-30 00:49:49.459,8.719444444444
Pulse experiments,pioreactor01,2026-06-29T19:05:19.510Z,664.0,32.01,59.86,2026-06-30 00:50:19.510,8.727777777778
Pulse experiments,pioreactor01,2026-06-29T19:05:49.521Z,669.0,32.02,59.87,2026-06-30 00:50:49.521,8.736111111111
Pulse experiments,pioreactor01,2026-06-29T19:06:19.457Z,671.0,31.99,59.86,2026-06-30 00:51:19.457,8.744444444444
Pulse experiments,pioreactor01,2026-06-29T19:06:49.520Z,671.0,32.02,59.8,2026-06-30 00:51:49.520,8.752777777778
Pulse experiments,pioreactor01,2026-06-29T19:07:19.511Z,671.0,32.02,59.77,2026-06-30 00:52:19.511,8.761111111111
Pulse experiments,pioreactor01,2026-06-29T19:07:49.511Z,673.0,32.02,59.72,2026-06-30 00:52:49.511,8.769444444444
Pulse experiments,pioreactor01,2026-06-29T19:08:19.535Z,670.0,32.01,59.81,2026-06-30 00:53:19.535,8.777777777778
Pulse experiments,pioreactor01,2026-06-29T19:08:49.471Z,674.0,32.01,59.88,2026-06-30 00:53:49.471,8.786111111111
Pulse experiments,pioreactor01,2026-06-29T19:09:19.462Z,672.0,31.99,59.88,2026-06-30 00:54:19.462,8.794444444444
Pulse experiments,pioreactor01,2026-06-29T19:09:49.461Z,672.0,31.98,59.88,2026-06-30 00:54:49.461,8.802777777778
Pulse experiments,pioreactor01,2026-06-29T19:10:19.463Z,675.0,31.98,59.85,2026-06-30 00:55:19.463,8.811111111111
Pulse experiments,pioreactor01,2026-06-29T19:10:49.465Z,679.0,31.98,59.89,2026-06-30 00:55:49.465,8.819444444444
Pulse experiments,pioreactor01,2026-06-29T19:11:19.473Z,682.0,31.96,60.0,2026-06-30 00:56:19.473,8.827777777778
Pulse experiments,pioreactor01,2026-06-29T19:11:49.464Z,682.0,31.99,59.98,2026-06-30 00:56:49.464,8.836111111111
Pulse experiments,pioreactor01,2026-06-29T19:12:19.474Z,685.0,31.99,60.01,2026-06-30 00:57:19.474,8.844444444444
Pulse experiments,pioreactor01,2026-06-29T19:12:49.475Z,685.0,32.01,59.99,2026-06-30 00:57:49.475,8.852777777778
Pulse experiments,pioreactor01,2026-06-29T19:13:19.461Z,681.0,32.01,59.96,2026-06-30 00:58:19.461,8.861111111111
Pulse experiments,pioreactor01,2026-06-29T19:13:49.466Z,678.0,32.02,59.9,2026-06-30 00:58:49.466,8.869444444444
Pulse experiments,pioreactor01,2026-06-29T19:14:19.462Z,681.0,32.01,59.9,2026-06-30 00:59:19.462,8.877777777778
Pulse experiments,pioreactor01,2026-06-29T19:14:49.512Z,679.0,32.03,59.93,2026-06-30 00:59:49.512,8.886111111111
Pulse experiments,pioreactor01,2026-06-29T19:15:19.466Z,682.0,32.01,59.99,2026-06-30 01:00:19.466,8.894444444444
Pulse experiments,pioreactor01,2026-06-29T19:15:49.467Z,682.0,32.05,60.01,2026-06-30 01:00:49.467,8.902777777778
Pulse experiments,pioreactor01,2026-06-29T19:16:19.462Z,687.0,32.05,59.98,2026-06-30 01:01:19.462,8.911111111111
Pulse experiments,pioreactor01,2026-06-29T19:16:49.466Z,692.0,32.07,59.95,2026-06-30 01:01:49.466,8.919444444444
Pulse experiments,pioreactor01,2026-06-29T19:17:19.483Z,693.0,32.05,59.93,2026-06-30 01:02:19.483,8.927777777778
Pulse experiments,pioreactor01,2026-06-29T19:17:49.465Z,697.0,32.07,59.9,2026-06-30 01:02:49.465,8.936111111111
Pulse experiments,pioreactor01,2026-06-29T19:18:19.465Z,698.0,32.1,59.96,2026-06-30 01:03:19.465,8.944444444444
Pulse experiments,pioreactor01,2026-06-29T19:18:49.466Z,696.0,32.06,60.07,2026-06-30 01:03:49.466,8.952777777778
Pulse experiments,pioreactor01,2026-06-29T19:19:19.465Z,699.0,32.07,60.07,2026-06-30 01:04:19.465,8.961111111111
Pulse experiments,pioreactor01,2026-06-29T19:19:49.466Z,701.0,32.07,60.04,2026-06-30 01:04:49.466,8.969444444444
