experiment,pioreactor_unit,timestamp,normalized_od_reading,timestamp_localtime,hours_since_experiment_created
Demo experiment,pioreactor01,2026-05-01T07:45:04.753Z,1.257030581637,2026-05-01 13:30:04.753,5095.459722222222
Demo experiment,pioreactor01,2026-05-01T07:45:09.749Z,1.258103274579,2026-05-01 13:30:09.749,5095.461111111111
Demo experiment,pioreactor01,2026-05-01T07:45:14.754Z,1.259233679753,2026-05-01 13:30:14.754,5095.4625
Demo experiment,pioreactor01,2026-05-01T07:45:19.750Z,1.260362712584,2026-05-01 13:30:19.750,5095.463888888889
Demo experiment,pioreactor01,2026-05-01T07:45:24.751Z,1.261514829231,2026-05-01 13:30:24.751,5095.465277777777
Demo experiment,pioreactor01,2026-05-01T07:45:29.751Z,1.262710104895,2026-05-01 13:30:29.751,5095.466666666666
Demo experiment,pioreactor01,2026-05-01T07:45:34.754Z,1.263944992267,2026-05-01 13:30:34.754,5095.468055555555
Demo experiment,pioreactor01,2026-05-01T07:45:39.751Z,1.264181813209,2026-05-01 13:30:39.751,5095.469444444445
Demo experiment,pioreactor01,2026-05-01T07:45:44.753Z,1.262693795434,2026-05-01 13:30:44.753,5095.470833333334
Demo experiment,pioreactor01,2026-05-01T07:45:49.754Z,1.258305051202,2026-05-01 13:30:49.754,5095.472222222223
Demo experiment,pioreactor01,2026-05-01T07:45:54.753Z,1.254844342066,2026-05-01 13:30:54.753,5095.473611111111
Demo experiment,pioreactor01,2026-05-01T07:45:59.753Z,1.252242803701,2026-05-01 13:30:59.753,5095.475
Demo experiment,pioreactor01,2026-05-01T07:46:04.750Z,1.250193198196,2026-05-01 13:31:04.750,5095.476388888889
Demo experiment,pioreactor01,2026-05-01T07:46:09.753Z,1.24869584663,2026-05-01 13:31:09.753,5095.477777777778
Demo experiment,pioreactor01,2026-05-01T07:46:14.749Z,1.247652342855,2026-05-01 13:31:14.749,5095.479166666667
Demo experiment,pioreactor01,2026-05-01T07:46:19.755Z,1.246705500279,2026-05-01 13:31:19.755,5095.480555555556
Demo experiment,pioreactor01,2026-05-01T07:46:24.750Z,1.246141302632,2026-05-01 13:31:24.750,5095.481944444445
Demo experiment,pioreactor01,2026-05-01T07:46:29.750Z,1.245633483719,2026-05-01 13:31:29.750,5095.483333333334
Demo experiment,pioreactor01,2026-05-01T07:46:34.756Z,1.245091554618,2026-05-01 13:31:34.756,5095.484722222222
Demo experiment,pioreactor01,2026-05-01T07:46:39.753Z,1.24474974738,2026-05-01 13:31:39.753,5095.486111111111
Demo experiment,pioreactor01,2026-05-01T07:46:59.750Z,1.250924188804,2026-05-01 13:31:59.750,5095.491666666667
Demo experiment,pioreactor01,2026-05-01T07:47:04.751Z,1.250592037492,2026-05-01 13:32:04.751,5095.493055555556
Demo experiment,pioreactor01,2026-05-01T07:47:09.752Z,1.250503816287,2026-05-01 13:32:09.752,5095.494444444445
Demo experiment,pioreactor01,2026-05-01T07:47:14.755Z,1.250487698657,2026-05-01 13:32:14.755,5095.495833333333
Demo experiment,pioreactor01,2026-05-01T07:47:19.751Z,1.248534224754,2026-05-01 13:32:19.751,5095.497222222222
Demo experiment,pioreactor01,2026-05-01T07:47:24.752Z,1.24696428452,2026-05-01 13:32:24.752,5095.498611111111
Demo experiment,pioreactor01,2026-05-01T07:47:34.750Z,1.244768795795,2026-05-01 13:32:34.750,5095.501388888889
Demo experiment,pioreactor01,2026-05-01T07:47:39.751Z,1.241557442411,2026-05-01 13:32:39.751,5095.502777777778
Demo experiment,pioreactor01,2026-05-01T07:47:44.749Z,1.239282477105,2026-05-01 13:32:44.749,5095.504166666667
Demo experiment,pioreactor01,2026-05-01T07:47:49.752Z,1.237548676513,2026-05-01 13:32:49.752,5095.505555555555
Demo experiment,pioreactor01,2026-05-01T07:47:54.753Z,1.236349335144,2026-05-01 13:32:54.753,5095.506944444444
Demo experiment,pioreactor01,2026-05-01T07:47:59.752Z,1.235531900056,2026-05-01 13:32:59.752,5095.508333333333
Demo experiment,pioreactor01,2026-05-01T07:48:04.752Z,1.234933224822,2026-05-01 13:33:04.752,5095.509722222222
Demo experiment,pioreactor01,2026-05-01T07:48:09.753Z,1.234425106761,2026-05-01 13:33:09.753,5095.511111111111
Demo experiment,pioreactor01,2026-05-01T07:48:14.750Z,1.23416832045,2026-05-01 13:33:14.750,5095.5125
Demo experiment,pioreactor01,2026-05-01T07:48:19.754Z,1.234018249488,2026-05-01 13:33:19.754,5095.513888888889
Demo experiment,pioreactor01,2026-05-01T07:48:24.763Z,1.233931233911,2026-05-01 13:33:24.763,5095.515277777778
Demo experiment,pioreactor01,2026-05-01T07:48:29.751Z,1.233904936243,2026-05-01 13:33:29.751,5095.516666666666
Demo experiment,pioreactor01,2026-05-01T07:48:34.751Z,1.234011922158,2026-05-01 13:33:34.751,5095.518055555555
Demo experiment,pioreactor01,2026-05-01T07:48:39.752Z,1.234327044884,2026-05-01 13:33:39.752,5095.519444444444
Demo experiment,pioreactor01,2026-05-01T07:48:44.751Z,1.234603524376,2026-05-01 13:33:44.751,5095.520833333333
Demo experiment,pioreactor01,2026-05-01T07:48:49.751Z,1.234815806638,2026-05-01 13:33:49.751,5095.522222222222
Demo experiment,pioreactor01,2026-05-01T07:48:54.755Z,1.235144286118,2026-05-01 13:33:54.755,5095.523611111111
Demo experiment,pioreactor01,2026-05-01T07:48:59.751Z,1.235578314167,2026-05-01 13:33:59.751,5095.525
Demo experiment,pioreactor01,2026-05-01T07:49:04.752Z,1.236006628149,2026-05-01 13:34:04.752,5095.526388888889
Demo experiment,pioreactor01,2026-05-01T07:49:09.752Z,1.236480289423,2026-05-01 13:34:09.752,5095.527777777777
Demo experiment,pioreactor01,2026-05-01T07:49:14.753Z,1.236982793949,2026-05-01 13:34:14.753,5095.529166666666
Demo experiment,pioreactor01,2026-05-01T07:49:24.753Z,1.238077329575,2026-05-01 13:34:24.753,5095.531944444445
Demo experiment,pioreactor01,2026-05-01T07:49:29.750Z,1.234669054511,2026-05-01 13:34:29.750,5095.533333333334
Demo experiment,pioreactor01,2026-05-01T07:49:39.759Z,1.234410174584,2026-05-01 13:34:39.759,5095.536111111111
Demo experiment,pioreactor01,2026-05-01T07:49:44.762Z,1.232670545432,2026-05-01 13:34:44.762,5095.5375
Demo experiment,pioreactor01,2026-05-01T07:49:49.754Z,1.231378679813,2026-05-01 13:34:49.754,5095.538888888889
Demo experiment,pioreactor01,2026-05-01T07:49:54.750Z,1.230409767239,2026-05-01 13:34:54.750,5095.540277777778
Demo experiment,pioreactor01,2026-05-01T07:49:59.752Z,1.230004638547,2026-05-01 13:34:59.752,5095.541666666667
Demo experiment,pioreactor01,2026-05-01T07:50:04.757Z,1.229597289085,2026-05-01 13:35:04.757,5095.543055555556
Demo experiment,pioreactor01,2026-05-01T07:50:14.751Z,1.231317801186,2026-05-01 13:35:14.751,5095.545833333334
Demo experiment,pioreactor01,2026-05-01T07:50:19.752Z,1.231105766133,2026-05-01 13:35:19.752,5095.547222222222
Demo experiment,pioreactor01,2026-05-01T07:50:29.757Z,1.233142262856,2026-05-01 13:35:29.757,5095.55
Demo experiment,pioreactor01,2026-05-01T07:50:34.751Z,1.232977889163,2026-05-01 13:35:34.751,5095.551388888889
Demo experiment,pioreactor01,2026-05-01T07:50:39.755Z,1.232977205771,2026-05-01 13:35:39.755,5095.552777777778
Demo experiment,pioreactor01,2026-05-01T07:50:44.753Z,1.231222030582,2026-05-01 13:35:44.753,5095.554166666667
Demo experiment,pioreactor01,2026-05-01T08:06:20.832Z,1.145314686017,2026-05-01 13:51:20.832,5095.814166666667
Demo experiment,pioreactor01,2026-05-01T08:06:25.833Z,1.159932385885,2026-05-01 13:51:25.833,5095.815555555556
Demo experiment,pioreactor01,2026-05-01T08:06:30.830Z,1.171881113651,2026-05-01 13:51:30.830,5095.816944444445
Demo experiment,pioreactor01,2026-05-01T08:06:35.831Z,1.180390797261,2026-05-01 13:51:35.831,5095.818333333334
Demo experiment,pioreactor01,2026-05-01T08:06:40.832Z,1.186578456449,2026-05-01 13:51:40.832,5095.819722222222
Demo experiment,pioreactor01,2026-05-01T08:06:45.832Z,1.191563828002,2026-05-01 13:51:45.832,5095.821111111111
Demo experiment,pioreactor01,2026-05-01T08:06:50.833Z,1.195437072963,2026-05-01 13:51:50.833,5095.8225
Demo experiment,pioreactor01,2026-05-01T08:06:55.830Z,1.198562143229,2026-05-01 13:51:55.830,5095.823888888889
Demo experiment,pioreactor01,2026-05-01T08:07:00.831Z,1.201397032041,2026-05-01 13:52:00.831,5095.825277777778
Demo experiment,pioreactor01,2026-05-01T08:07:05.830Z,1.203577225055,2026-05-01 13:52:05.830,5095.826666666667
Demo experiment,pioreactor01,2026-05-01T08:07:10.832Z,1.205528583945,2026-05-01 13:52:10.832,5095.828055555556
Demo experiment,pioreactor01,2026-05-01T08:07:15.832Z,1.207338690961,2026-05-01 13:52:15.832,5095.829444444445
Demo experiment,pioreactor01,2026-05-01T08:07:20.831Z,1.208970864379,2026-05-01 13:52:20.831,5095.830833333333
Demo experiment,pioreactor01,2026-05-01T08:07:25.833Z,1.210532060185,2026-05-01 13:52:25.833,5095.832222222222
Demo experiment,pioreactor01,2026-05-01T08:07:35.832Z,1.214075659266,2026-05-01 13:52:35.832,5095.835
Demo experiment,pioreactor01,2026-05-01T08:07:40.831Z,1.215486045836,2026-05-01 13:52:40.831,5095.836388888889
Demo experiment,pioreactor01,2026-05-01T08:07:45.834Z,1.216777707612,2026-05-01 13:52:45.834,5095.837777777778
Demo experiment,pioreactor01,2026-05-01T08:07:50.832Z,1.218004328367,2026-05-01 13:52:50.832,5095.839166666667
Demo experiment,pioreactor01,2026-05-01T08:07:55.832Z,1.219219865957,2026-05-01 13:52:55.832,5095.840555555556
Demo experiment,pioreactor01,2026-05-01T08:08:05.834Z,1.222348770617,2026-05-01 13:53:05.834,5095.843333333333
Demo experiment,pioreactor01,2026-05-01T08:08:15.831Z,1.225439999461,2026-05-01 13:53:15.831,5095.846111111111
Demo experiment,pioreactor01,2026-05-01T08:08:25.831Z,1.228412959752,2026-05-01 13:53:25.831,5095.848888888889
Demo experiment,pioreactor01,2026-05-01T08:08:30.855Z,1.229365024115,2026-05-01 13:53:30.855,5095.850277777778
Demo experiment,pioreactor01,2026-05-01T08:08:35.839Z,1.230275080835,2026-05-01 13:53:35.839,5095.851666666666
Demo experiment,pioreactor01,2026-05-01T08:08:40.837Z,1.231281199442,2026-05-01 13:53:40.837,5095.853055555555
Demo experiment,pioreactor01,2026-05-01T08:08:45.839Z,1.232387165312,2026-05-01 13:53:45.839,5095.854444444444
Demo experiment,pioreactor01,2026-05-01T08:08:50.842Z,1.233526491868,2026-05-01 13:53:50.842,5095.855833333333
Demo experiment,pioreactor01,2026-05-01T08:08:55.835Z,1.23466284639,2026-05-01 13:53:55.835,5095.857222222222
Demo experiment,pioreactor01,2026-05-01T08:09:00.840Z,1.235845182425,2026-05-01 13:54:00.840,5095.858611111111
Demo experiment,pioreactor01,2026-05-01T08:09:05.837Z,1.237056850106,2026-05-01 13:54:05.837,5095.86
Demo experiment,pioreactor01,2026-05-01T08:09:10.838Z,1.238334723718,2026-05-01 13:54:10.838,5095.861388888889
Demo experiment,pioreactor01,2026-05-01T08:09:15.837Z,1.239627227489,2026-05-01 13:54:15.837,5095.862777777777
Demo experiment,pioreactor01,2026-05-01T08:09:20.840Z,1.240968880227,2026-05-01 13:54:20.840,5095.864166666666
Demo experiment,pioreactor01,2026-05-01T08:09:25.836Z,1.242380660552,2026-05-01 13:54:25.836,5095.865555555555
Demo experiment,pioreactor01,2026-05-01T08:09:30.838Z,1.243817790671,2026-05-01 13:54:30.838,5095.866944444444
Demo experiment,pioreactor01,2026-05-01T08:09:35.835Z,1.245275531849,2026-05-01 13:54:35.835,5095.868333333333
Demo experiment,pioreactor01,2026-05-01T08:09:40.841Z,1.246770360078,2026-05-01 13:54:40.841,5095.869722222223
Demo experiment,pioreactor01,2026-05-01T08:09:45.838Z,1.248289936165,2026-05-01 13:54:45.838,5095.871111111112
Demo experiment,pioreactor01,2026-05-01T08:09:50.835Z,1.249810872912,2026-05-01 13:54:50.835,5095.8725
Demo experiment,pioreactor01,2026-05-01T08:09:55.837Z,1.251367472303,2026-05-01 13:54:55.837,5095.873888888889
Demo experiment,pioreactor01,2026-05-01T08:10:05.836Z,1.255104512157,2026-05-01 13:55:05.836,5095.876666666667
Demo experiment,pioreactor01,2026-05-01T08:10:10.841Z,1.256711404245,2026-05-01 13:55:10.841,5095.878055555556
Demo experiment,pioreactor01,2026-05-01T08:10:15.838Z,1.25833526343,2026-05-01 13:55:15.838,5095.879444444445
Demo experiment,pioreactor01,2026-05-01T08:10:20.838Z,1.259977811449,2026-05-01 13:55:20.838,5095.880833333334
Demo experiment,pioreactor01,2026-05-01T08:10:25.842Z,1.261657572834,2026-05-01 13:55:25.842,5095.882222222222
Demo experiment,pioreactor01,2026-05-01T08:10:30.843Z,1.263341525458,2026-05-01 13:55:30.843,5095.883611111111
Demo experiment,pioreactor01,2026-05-01T08:10:35.840Z,1.265058570395,2026-05-01 13:55:35.840,5095.885
Demo experiment,pioreactor01,2026-05-01T08:10:40.846Z,1.266803945623,2026-05-01 13:55:40.846,5095.886388888889
Demo experiment,pioreactor01,2026-05-01T08:10:45.842Z,1.268558489662,2026-05-01 13:55:45.842,5095.887777777778
Demo experiment,pioreactor01,2026-05-01T08:10:50.839Z,1.270326663777,2026-05-01 13:55:50.839,5095.889166666667
Demo experiment,pioreactor01,2026-05-01T08:10:55.837Z,1.272123206368,2026-05-01 13:55:55.837,5095.890555555556
Demo experiment,pioreactor01,2026-05-01T08:11:00.836Z,1.273932277372,2026-05-01 13:56:00.836,5095.891944444445
Demo experiment,pioreactor01,2026-05-01T08:11:05.830Z,1.275752537679,2026-05-01 13:56:05.830,5095.893333333333
Demo experiment,pioreactor01,2026-05-01T08:11:10.834Z,1.277598698659,2026-05-01 13:56:10.834,5095.894722222222
Demo experiment,pioreactor01,2026-05-01T08:11:15.831Z,1.279454469547,2026-05-01 13:56:15.831,5095.896111111111
Demo experiment,pioreactor01,2026-05-01T08:11:20.832Z,1.281334421203,2026-05-01 13:56:20.832,5095.8975
Demo experiment,pioreactor01,2026-05-01T08:11:25.830Z,1.283227811872,2026-05-01 13:56:25.830,5095.898888888889
Demo experiment,pioreactor01,2026-05-01T08:11:30.833Z,1.284788246368,2026-05-01 13:56:30.833,5095.900277777778
Demo experiment,pioreactor01,2026-05-01T08:11:35.831Z,1.285704803075,2026-05-01 13:56:35.831,5095.901666666667
Demo experiment,pioreactor01,2026-05-01T08:11:40.834Z,1.285406522192,2026-05-01 13:56:40.834,5095.903055555556
Demo experiment,pioreactor01,2026-05-01T08:11:45.833Z,1.282898451569,2026-05-01 13:56:45.833,5095.904444444444
Demo experiment,pioreactor01,2026-05-01T08:11:50.832Z,1.276715979098,2026-05-01 13:56:50.832,5095.905833333333
Demo experiment,pioreactor01,2026-05-01T08:11:55.831Z,1.271753783577,2026-05-01 13:56:55.831,5095.907222222222
Demo experiment,pioreactor01,2026-05-01T08:12:00.833Z,1.267845677944,2026-05-01 13:57:00.833,5095.908611111111
Demo experiment,pioreactor01,2026-05-01T08:12:05.832Z,1.264746769671,2026-05-01 13:57:05.832,5095.91
Demo experiment,pioreactor01,2026-05-01T08:12:10.831Z,1.262397584924,2026-05-01 13:57:10.831,5095.911388888889
Demo experiment,pioreactor01,2026-05-01T08:12:15.832Z,1.260692339511,2026-05-01 13:57:15.832,5095.912777777778
Demo experiment,pioreactor01,2026-05-01T08:12:20.831Z,1.259277140985,2026-05-01 13:57:20.831,5095.914166666666
Demo experiment,pioreactor01,2026-05-01T08:12:25.832Z,1.258108162421,2026-05-01 13:57:25.832,5095.915555555555
Demo experiment,pioreactor01,2026-05-01T08:12:30.835Z,1.257212818224,2026-05-01 13:57:30.835,5095.916944444444
Demo experiment,pioreactor01,2026-05-01T08:12:35.833Z,1.256466869774,2026-05-01 13:57:35.833,5095.918333333333
Demo experiment,pioreactor01,2026-05-01T08:12:40.831Z,1.255856429631,2026-05-01 13:57:40.831,5095.919722222222
Demo experiment,pioreactor01,2026-05-01T08:12:45.843Z,1.255499298139,2026-05-01 13:57:45.843,5095.921111111111
Demo experiment,pioreactor01,2026-05-01T08:12:50.904Z,1.251754960146,2026-05-01 13:57:50.904,5095.9225
Demo experiment,pioreactor01,2026-05-01T08:12:55.833Z,1.175894958608,2026-05-01 13:57:55.833,5095.923888888889
Demo experiment,pioreactor01,2026-05-01T08:13:00.837Z,1.153925798449,2026-05-01 13:58:00.837,5095.925277777777
Demo experiment,pioreactor01,2026-05-01T08:13:05.834Z,1.157248250111,2026-05-01 13:58:05.834,5095.926666666666
Demo experiment,pioreactor01,2026-05-01T08:13:10.831Z,1.168480512007,2026-05-01 13:58:10.831,5095.928055555555
Demo experiment,pioreactor01,2026-05-01T08:13:15.834Z,1.180541914389,2026-05-01 13:58:15.834,5095.929444444444
Demo experiment,pioreactor01,2026-05-01T08:13:20.835Z,1.19163148035,2026-05-01 13:58:20.835,5095.930833333333
Demo experiment,pioreactor01,2026-05-01T08:13:25.842Z,1.201489242593,2026-05-01 13:58:25.842,5095.932222222223
Demo experiment,pioreactor01,2026-05-01T08:13:30.839Z,1.210316810985,2026-05-01 13:58:30.839,5095.933611111112
Demo experiment,pioreactor01,2026-05-01T08:13:35.835Z,1.218327702852,2026-05-01 13:58:35.835,5095.935
Demo experiment,pioreactor01,2026-05-01T08:13:40.836Z,1.225672638377,2026-05-01 13:58:40.836,5095.936388888889
Demo experiment,pioreactor01,2026-05-01T08:13:45.839Z,1.232478967143,2026-05-01 13:58:45.839,5095.937777777778
Demo experiment,pioreactor01,2026-05-01T08:13:50.836Z,1.238874900631,2026-05-01 13:58:50.836,5095.939166666667
Demo experiment,pioreactor01,2026-05-01T08:13:55.839Z,1.244897529259,2026-05-01 13:58:55.839,5095.940555555556
Demo experiment,pioreactor01,2026-05-01T08:14:00.842Z,1.250612653228,2026-05-01 13:59:00.842,5095.941944444445
Demo experiment,pioreactor01,2026-05-01T08:14:05.838Z,1.256069209986,2026-05-01 13:59:05.838,5095.943333333334
Demo experiment,pioreactor01,2026-05-01T08:14:10.838Z,1.26133809968,2026-05-01 13:59:10.838,5095.944722222222
Demo experiment,pioreactor01,2026-05-01T08:14:30.838Z,1.27296105726,2026-05-01 13:59:30.838,5095.950277777778
Demo experiment,pioreactor01,2026-05-01T08:14:40.836Z,1.280035699665,2026-05-01 13:59:40.836,5095.953055555556
Demo experiment,pioreactor01,2026-05-01T08:14:45.837Z,1.284739004962,2026-05-01 13:59:45.837,5095.954444444445
Demo experiment,pioreactor01,2026-05-01T08:14:50.842Z,1.289329454729,2026-05-01 13:59:50.842,5095.955833333333
Demo experiment,pioreactor01,2026-05-01T08:14:55.833Z,1.293806592418,2026-05-01 13:59:55.833,5095.957222222222
Demo experiment,pioreactor01,2026-05-01T08:15:00.844Z,1.298176044304,2026-05-01 14:00:00.844,5095.958611111111
Demo experiment,pioreactor01,2026-05-01T08:15:05.837Z,1.302459988051,2026-05-01 14:00:05.837,5095.96
Demo experiment,pioreactor01,2026-05-01T08:15:10.839Z,1.306659961782,2026-05-01 14:00:10.839,5095.961388888889
Demo experiment,pioreactor01,2026-05-01T08:15:15.842Z,1.310778825979,2026-05-01 14:00:15.842,5095.962777777778
Demo experiment,pioreactor01,2026-05-01T08:15:20.839Z,1.314836332978,2026-05-01 14:00:20.839,5095.964166666667
Demo experiment,pioreactor01,2026-05-01T08:15:25.841Z,1.318837204009,2026-05-01 14:00:25.841,5095.965555555556
Demo experiment,pioreactor01,2026-05-01T08:15:30.835Z,1.322750032627,2026-05-01 14:00:30.835,5095.966944444444
Demo experiment,pioreactor01,2026-05-01T08:15:35.842Z,1.326616880631,2026-05-01 14:00:35.842,5095.968333333333
Demo experiment,pioreactor01,2026-05-01T08:15:40.844Z,1.330436697689,2026-05-01 14:00:40.844,5095.969722222222
Demo experiment,pioreactor01,2026-05-01T08:15:45.837Z,1.33421280095,2026-05-01 14:00:45.837,5095.971111111111
Demo experiment,pioreactor01,2026-05-01T08:15:50.838Z,1.337942747021,2026-05-01 14:00:50.838,5095.9725
Demo experiment,pioreactor01,2026-05-01T08:15:55.838Z,1.341616909884,2026-05-01 14:00:55.838,5095.973888888889
Demo experiment,pioreactor01,2026-05-01T08:16:00.836Z,1.345238931051,2026-05-01 14:01:00.836,5095.975277777778
Demo experiment,pioreactor01,2026-05-01T08:16:05.845Z,1.348813904099,2026-05-01 14:01:05.845,5095.976666666666
Demo experiment,pioreactor01,2026-05-01T08:16:10.837Z,1.352316195614,2026-05-01 14:01:10.837,5095.978055555555
Demo experiment,pioreactor01,2026-05-01T08:16:15.838Z,1.35577529727,2026-05-01 14:01:15.838,5095.979444444444
Demo experiment,pioreactor01,2026-05-01T08:16:20.839Z,1.35921217831,2026-05-01 14:01:20.839,5095.980833333333
Demo experiment,pioreactor01,2026-05-01T08:16:25.835Z,1.362608990523,2026-05-01 14:01:25.835,5095.982222222222
Demo experiment,pioreactor01,2026-05-01T08:16:35.842Z,1.368301701579,2026-05-01 14:01:35.842,5095.985
Demo experiment,pioreactor01,2026-05-01T08:16:40.835Z,1.371581109801,2026-05-01 14:01:40.835,5095.986388888889
Demo experiment,pioreactor01,2026-05-01T08:16:45.836Z,1.374805609465,2026-05-01 14:01:45.836,5095.987777777777
Demo experiment,pioreactor01,2026-05-01T08:16:50.838Z,1.378013319581,2026-05-01 14:01:50.838,5095.989166666666
Demo experiment,pioreactor01,2026-05-01T08:16:55.836Z,1.381155682955,2026-05-01 14:01:55.836,5095.990555555555
Demo experiment,pioreactor01,2026-05-01T08:17:00.835Z,1.384259705737,2026-05-01 14:02:00.835,5095.991944444444
Demo experiment,pioreactor01,2026-05-01T08:17:05.841Z,1.387337239212,2026-05-01 14:02:05.841,5095.993333333333
Demo experiment,pioreactor01,2026-05-01T08:17:10.843Z,1.390360132412,2026-05-01 14:02:10.843,5095.994722222223
Demo experiment,pioreactor01,2026-05-01T08:17:20.842Z,1.395728004263,2026-05-01 14:02:20.842,5095.9975
Demo experiment,pioreactor01,2026-05-01T08:17:25.839Z,1.398637481867,2026-05-01 14:02:25.839,5095.998888888889
Demo experiment,pioreactor01,2026-05-01T08:17:30.833Z,1.401491891079,2026-05-01 14:02:30.833,5096.000277777778
Demo experiment,pioreactor01,2026-05-01T08:17:35.837Z,1.404322315312,2026-05-01 14:02:35.837,5096.001666666667
Demo experiment,pioreactor01,2026-05-01T08:17:40.848Z,1.40711558772,2026-05-01 14:02:40.848,5096.003055555556
Demo experiment,pioreactor01,2026-05-01T08:17:45.840Z,1.409865300686,2026-05-01 14:02:45.840,5096.004444444445
Demo experiment,pioreactor01,2026-05-01T08:17:50.844Z,1.424044828827,2026-05-01 14:02:50.844,5096.005833333334
Demo experiment,pioreactor01,2026-05-01T08:17:55.834Z,1.422375838317,2026-05-01 14:02:55.834,5096.007222222222
Demo experiment,pioreactor01,2026-05-01T08:18:00.845Z,1.423517542588,2026-05-01 14:03:00.845,5096.008611111111
Demo experiment,pioreactor01,2026-05-01T08:18:05.841Z,1.424853399831,2026-05-01 14:03:05.841,5096.01
Demo experiment,pioreactor01,2026-05-01T08:18:10.845Z,1.425999204749,2026-05-01 14:03:10.845,5096.011388888889
Demo experiment,pioreactor01,2026-05-01T08:18:15.839Z,1.427300036474,2026-05-01 14:03:15.839,5096.012777777778
Demo experiment,pioreactor01,2026-05-01T08:18:20.845Z,1.428649080902,2026-05-01 14:03:20.845,5096.014166666667
Demo experiment,pioreactor01,2026-05-01T08:18:25.838Z,1.429908183532,2026-05-01 14:03:25.838,5096.015555555556
Demo experiment,pioreactor01,2026-05-01T08:18:30.840Z,1.431154293691,2026-05-01 14:03:30.840,5096.016944444445
Demo experiment,pioreactor01,2026-05-01T08:18:35.839Z,1.432358656334,2026-05-01 14:03:35.839,5096.018333333333
Demo experiment,pioreactor01,2026-05-01T08:18:40.836Z,1.433429751406,2026-05-01 14:03:40.836,5096.019722222222
Demo experiment,pioreactor01,2026-05-01T08:18:45.838Z,1.434522344787,2026-05-01 14:03:45.838,5096.021111111111
Demo experiment,pioreactor01,2026-05-01T08:18:50.836Z,1.435685343843,2026-05-01 14:03:50.836,5096.0225
Demo experiment,pioreactor01,2026-05-01T08:18:55.835Z,1.436786648039,2026-05-01 14:03:55.835,5096.023888888889
Demo experiment,pioreactor01,2026-05-01T08:19:05.835Z,1.440129216317,2026-05-01 14:04:05.835,5096.026666666667
Demo experiment,pioreactor01,2026-05-01T08:19:10.839Z,1.441011054433,2026-05-01 14:04:10.839,5096.028055555556
Demo experiment,pioreactor01,2026-05-01T08:19:15.850Z,1.442003150591,2026-05-01 14:04:15.850,5096.029444444444
Demo experiment,pioreactor01,2026-05-01T08:19:20.836Z,1.442936033409,2026-05-01 14:04:20.836,5096.030833333333
Demo experiment,pioreactor01,2026-05-01T08:19:25.841Z,1.443852778655,2026-05-01 14:04:25.841,5096.032222222222
Demo experiment,pioreactor01,2026-05-01T08:19:30.841Z,1.444726111443,2026-05-01 14:04:30.841,5096.033611111111
Demo experiment,pioreactor01,2026-05-01T08:19:35.835Z,1.44560813436,2026-05-01 14:04:35.835,5096.035
Demo experiment,pioreactor01,2026-05-01T08:19:45.843Z,1.448901880626,2026-05-01 14:04:45.843,5096.037777777778
Demo experiment,pioreactor01,2026-05-01T08:19:50.838Z,1.449720491031,2026-05-01 14:04:50.838,5096.039166666666
Demo experiment,pioreactor01,2026-05-01T08:19:55.837Z,1.450566915445,2026-05-01 14:04:55.837,5096.040555555555
Demo experiment,pioreactor01,2026-05-01T08:20:00.838Z,1.451364516598,2026-05-01 14:05:00.838,5096.041944444444
Demo experiment,pioreactor01,2026-05-01T08:20:05.840Z,1.452222071821,2026-05-01 14:05:05.840,5096.043333333333
Demo experiment,pioreactor01,2026-05-01T08:20:10.840Z,1.453108865013,2026-05-01 14:05:10.840,5096.044722222222
Demo experiment,pioreactor01,2026-05-01T08:20:15.835Z,1.453947871211,2026-05-01 14:05:15.835,5096.046111111111
Demo experiment,pioreactor01,2026-05-01T08:20:20.841Z,1.454764108111,2026-05-01 14:05:20.841,5096.0475
Demo experiment,pioreactor01,2026-05-01T08:20:25.839Z,1.455584560949,2026-05-01 14:05:25.839,5096.048888888889
Demo experiment,pioreactor01,2026-05-01T08:20:30.838Z,1.456452091714,2026-05-01 14:05:30.838,5096.050277777777
Demo experiment,pioreactor01,2026-05-01T08:20:35.843Z,1.457313242437,2026-05-01 14:05:35.843,5096.051666666666
Demo experiment,pioreactor01,2026-05-01T08:20:40.840Z,1.458196373898,2026-05-01 14:05:40.840,5096.053055555555
Demo experiment,pioreactor01,2026-05-01T08:20:45.841Z,1.459090552318,2026-05-01 14:05:45.841,5096.054444444444
Demo experiment,pioreactor01,2026-05-01T08:20:50.844Z,1.459900183074,2026-05-01 14:05:50.844,5096.055833333333
Demo experiment,pioreactor01,2026-05-01T08:20:55.840Z,1.460728807677,2026-05-01 14:05:55.840,5096.057222222223
Demo experiment,pioreactor01,2026-05-01T08:21:00.838Z,1.46159042712,2026-05-01 14:06:00.838,5096.058611111112
Demo experiment,pioreactor01,2026-05-01T08:21:05.843Z,1.462466577474,2026-05-01 14:06:05.843,5096.06
Demo experiment,pioreactor01,2026-05-01T08:21:10.836Z,1.463298997649,2026-05-01 14:06:10.836,5096.061388888889
Demo experiment,pioreactor01,2026-05-01T08:21:15.839Z,1.464178932275,2026-05-01 14:06:15.839,5096.062777777778
Demo experiment,pioreactor01,2026-05-01T08:21:20.839Z,1.465002354359,2026-05-01 14:06:20.839,5096.064166666667
Demo experiment,pioreactor01,2026-05-01T08:21:25.839Z,1.465844100678,2026-05-01 14:06:25.839,5096.065555555556
Demo experiment,pioreactor01,2026-05-01T08:21:30.841Z,1.466710412522,2026-05-01 14:06:30.841,5096.066944444445
Demo experiment,pioreactor01,2026-05-01T08:21:35.839Z,1.467590036836,2026-05-01 14:06:35.839,5096.068333333334
Demo experiment,pioreactor01,2026-05-01T08:21:40.839Z,1.468511733589,2026-05-01 14:06:40.839,5096.069722222222
Demo experiment,pioreactor01,2026-05-01T08:21:45.840Z,1.469462758621,2026-05-01 14:06:45.840,5096.071111111111
Demo experiment,pioreactor01,2026-05-01T08:21:50.837Z,1.470386702854,2026-05-01 14:06:50.837,5096.0725
Demo experiment,pioreactor01,2026-05-01T08:21:55.834Z,1.471301618174,2026-05-01 14:06:55.834,5096.073888888889
Demo experiment,pioreactor01,2026-05-01T08:22:05.840Z,1.474718173805,2026-05-01 14:07:05.840,5096.076666666667
Demo experiment,pioreactor01,2026-05-01T08:22:15.841Z,1.478053291046,2026-05-01 14:07:15.841,5096.079444444445
Demo experiment,pioreactor01,2026-05-01T08:22:20.839Z,1.478807076126,2026-05-01 14:07:20.839,5096.080833333333
Demo experiment,pioreactor01,2026-05-01T08:22:25.837Z,1.479606943434,2026-05-01 14:07:25.837,5096.082222222222
Demo experiment,pioreactor01,2026-05-01T08:22:30.837Z,1.480467783769,2026-05-01 14:07:30.837,5096.083611111111
Demo experiment,pioreactor01,2026-05-01T08:22:35.841Z,1.481355847062,2026-05-01 14:07:35.841,5096.085
Demo experiment,pioreactor01,2026-05-01T08:22:40.836Z,1.482289646745,2026-05-01 14:07:40.836,5096.086388888889
Demo experiment,pioreactor01,2026-05-01T08:22:45.838Z,1.483220946947,2026-05-01 14:07:45.838,5096.087777777778
Demo experiment,pioreactor01,2026-05-01T08:22:50.864Z,1.424495519881,2026-05-01 14:07:50.864,5096.089166666667
Demo experiment,pioreactor01,2026-05-01T08:22:55.837Z,1.424174755237,2026-05-01 14:07:55.837,5096.090555555556
Demo experiment,pioreactor01,2026-05-01T08:23:00.839Z,1.425764335138,2026-05-01 14:08:00.839,5096.091944444444
Demo experiment,pioreactor01,2026-05-01T08:23:05.840Z,1.426809851066,2026-05-01 14:08:05.840,5096.093333333333
Demo experiment,pioreactor01,2026-05-01T08:23:10.841Z,1.427695273757,2026-05-01 14:08:10.841,5096.094722222222
Demo experiment,pioreactor01,2026-05-01T08:23:15.837Z,1.428904822085,2026-05-01 14:08:15.837,5096.096111111111
Demo experiment,pioreactor01,2026-05-01T08:23:25.835Z,1.431832658257,2026-05-01 14:08:25.835,5096.098888888889
Demo experiment,pioreactor01,2026-05-01T08:23:35.836Z,1.434729721613,2026-05-01 14:08:35.836,5096.101666666666
Demo experiment,pioreactor01,2026-05-01T08:23:40.839Z,1.435149970641,2026-05-01 14:08:40.839,5096.103055555555
Demo experiment,pioreactor01,2026-05-01T08:23:45.841Z,1.435791571196,2026-05-01 14:08:45.841,5096.104444444444
Demo experiment,pioreactor01,2026-05-01T08:23:50.842Z,1.436470956215,2026-05-01 14:08:50.842,5096.105833333333
Demo experiment,pioreactor01,2026-05-01T08:23:55.834Z,1.437283930342,2026-05-01 14:08:55.834,5096.107222222222
Demo experiment,pioreactor01,2026-05-01T08:24:00.841Z,1.438151104293,2026-05-01 14:09:00.841,5096.108611111111
Demo experiment,pioreactor01,2026-05-01T08:24:05.845Z,1.439111566997,2026-05-01 14:09:05.845,5096.11
Demo experiment,pioreactor01,2026-05-01T08:24:10.836Z,1.440104257259,2026-05-01 14:09:10.836,5096.111388888889
Demo experiment,pioreactor01,2026-05-01T08:24:15.837Z,1.441016382075,2026-05-01 14:09:15.837,5096.112777777777
Demo experiment,pioreactor01,2026-05-01T08:24:20.841Z,1.44189980293,2026-05-01 14:09:20.841,5096.114166666666
Demo experiment,pioreactor01,2026-05-01T08:24:25.839Z,1.442881591145,2026-05-01 14:09:25.839,5096.115555555555
Demo experiment,pioreactor01,2026-05-01T08:24:30.839Z,1.443917791614,2026-05-01 14:09:30.839,5096.116944444444
Demo experiment,pioreactor01,2026-05-01T08:24:35.836Z,1.444937380707,2026-05-01 14:09:35.836,5096.118333333333
Demo experiment,pioreactor01,2026-05-01T08:24:40.838Z,1.445871006379,2026-05-01 14:09:40.838,5096.119722222223
Demo experiment,pioreactor01,2026-05-01T08:24:45.842Z,1.446781840465,2026-05-01 14:09:45.842,5096.121111111112
Demo experiment,pioreactor01,2026-05-01T08:24:50.838Z,1.447723651009,2026-05-01 14:09:50.838,5096.1225
Demo experiment,pioreactor01,2026-05-01T08:25:00.841Z,1.451066201006,2026-05-01 14:10:00.841,5096.125277777778
Demo experiment,pioreactor01,2026-05-01T08:25:05.845Z,1.451880426093,2026-05-01 14:10:05.845,5096.126666666667
Demo experiment,pioreactor01,2026-05-01T08:25:10.837Z,1.452708915413,2026-05-01 14:10:10.837,5096.128055555556
Demo experiment,pioreactor01,2026-05-01T08:25:15.842Z,1.453604469127,2026-05-01 14:10:15.842,5096.129444444445
Demo experiment,pioreactor01,2026-05-01T08:25:20.840Z,1.454512080354,2026-05-01 14:10:20.840,5096.130833333334
Demo experiment,pioreactor01,2026-05-01T08:25:25.841Z,1.455351748883,2026-05-01 14:10:25.841,5096.132222222222
Demo experiment,pioreactor01,2026-05-01T08:25:30.838Z,1.456250283428,2026-05-01 14:10:30.838,5096.133611111111
Demo experiment,pioreactor01,2026-05-01T08:25:35.834Z,1.457133734922,2026-05-01 14:10:35.834,5096.135
Demo experiment,pioreactor01,2026-05-01T08:25:40.846Z,1.458053877611,2026-05-01 14:10:40.846,5096.136388888889
Demo experiment,pioreactor01,2026-05-01T08:25:45.839Z,1.459033672211,2026-05-01 14:10:45.839,5096.137777777778
Demo experiment,pioreactor01,2026-05-01T08:25:50.844Z,1.460012345861,2026-05-01 14:10:50.844,5096.139166666667
Demo experiment,pioreactor01,2026-05-01T08:25:55.842Z,1.460978811813,2026-05-01 14:10:55.842,5096.140555555556
Demo experiment,pioreactor01,2026-05-01T08:26:00.835Z,1.46195153965,2026-05-01 14:11:00.835,5096.141944444445
Demo experiment,pioreactor01,2026-05-01T08:26:05.837Z,1.462972632951,2026-05-01 14:11:05.837,5096.143333333333
Demo experiment,pioreactor01,2026-05-01T08:26:10.841Z,1.464016334651,2026-05-01 14:11:10.841,5096.144722222222
Demo experiment,pioreactor01,2026-05-01T08:26:15.837Z,1.465064561767,2026-05-01 14:11:15.837,5096.146111111111
Demo experiment,pioreactor01,2026-05-01T08:26:20.838Z,1.466113298465,2026-05-01 14:11:20.838,5096.1475
Demo experiment,pioreactor01,2026-05-01T08:26:25.836Z,1.467212970292,2026-05-01 14:11:25.836,5096.148888888889
Demo experiment,pioreactor01,2026-05-01T08:26:30.840Z,1.468328485411,2026-05-01 14:11:30.840,5096.150277777778
Demo experiment,pioreactor01,2026-05-01T08:26:40.842Z,1.471962493463,2026-05-01 14:11:40.842,5096.153055555556
Demo experiment,pioreactor01,2026-05-01T08:26:45.841Z,1.473081450351,2026-05-01 14:11:45.841,5096.154444444444
Demo experiment,pioreactor01,2026-05-01T08:26:50.837Z,1.474235043382,2026-05-01 14:11:50.837,5096.155833333333
Demo experiment,pioreactor01,2026-05-01T08:27:00.843Z,1.477876657442,2026-05-01 14:12:00.843,5096.158611111111
Demo experiment,pioreactor01,2026-05-01T08:27:05.840Z,1.479008008078,2026-05-01 14:12:05.840,5096.16
Demo experiment,pioreactor01,2026-05-01T08:27:10.843Z,1.48020645353,2026-05-01 14:12:10.843,5096.161388888889
Demo experiment,pioreactor01,2026-05-01T08:27:15.835Z,1.481415384575,2026-05-01 14:12:15.835,5096.162777777778
Demo experiment,pioreactor01,2026-05-01T08:27:20.837Z,1.482664114142,2026-05-01 14:12:20.837,5096.164166666666
Demo experiment,pioreactor01,2026-05-01T08:27:25.835Z,1.48394456324,2026-05-01 14:12:25.835,5096.165555555555
Demo experiment,pioreactor01,2026-05-01T08:27:30.835Z,1.485250100426,2026-05-01 14:12:30.835,5096.166944444444
Demo experiment,pioreactor01,2026-05-01T08:27:40.837Z,1.48910021713,2026-05-01 14:12:40.837,5096.169722222222
Demo experiment,pioreactor01,2026-05-01T08:27:45.851Z,1.490436738621,2026-05-01 14:12:45.851,5096.171111111111
Demo experiment,pioreactor01,2026-05-01T08:27:50.845Z,1.42451517089,2026-05-01 14:12:50.845,5096.1725
Demo experiment,pioreactor01,2026-05-01T08:27:55.841Z,1.424454179061,2026-05-01 14:12:55.841,5096.173888888889
Demo experiment,pioreactor01,2026-05-01T08:28:00.840Z,1.42607850478,2026-05-01 14:13:00.840,5096.175277777777
Demo experiment,pioreactor01,2026-05-01T08:28:05.835Z,1.427264370242,2026-05-01 14:13:05.835,5096.176666666666
Demo experiment,pioreactor01,2026-05-01T08:28:10.835Z,1.428548649796,2026-05-01 14:13:10.835,5096.178055555555
Demo experiment,pioreactor01,2026-05-01T08:28:15.835Z,1.429815964621,2026-05-01 14:13:15.835,5096.179444444444
Demo experiment,pioreactor01,2026-05-01T08:28:20.834Z,1.430775632,2026-05-01 14:13:20.834,5096.180833333333
Demo experiment,pioreactor01,2026-05-01T08:28:25.835Z,1.431818835756,2026-05-01 14:13:25.835,5096.182222222223
Demo experiment,pioreactor01,2026-05-01T08:28:35.832Z,1.434930459091,2026-05-01 14:13:35.832,5096.185
Demo experiment,pioreactor01,2026-05-01T08:28:40.833Z,1.435756091955,2026-05-01 14:13:40.833,5096.186388888889
Demo experiment,pioreactor01,2026-05-01T08:28:45.835Z,1.436567932767,2026-05-01 14:13:45.835,5096.187777777778
Demo experiment,pioreactor01,2026-05-01T08:28:50.831Z,1.437587385061,2026-05-01 14:13:50.831,5096.189166666667
Demo experiment,pioreactor01,2026-05-01T08:28:55.833Z,1.438621786336,2026-05-01 14:13:55.833,5096.190555555556
Demo experiment,pioreactor01,2026-05-01T08:29:00.837Z,1.439592761004,2026-05-01 14:14:00.837,5096.191944444445
Demo experiment,pioreactor01,2026-05-01T08:29:05.840Z,1.440577822758,2026-05-01 14:14:05.840,5096.193333333334
Demo experiment,pioreactor01,2026-05-01T08:29:10.832Z,1.441624541583,2026-05-01 14:14:10.832,5096.194722222222
Demo experiment,pioreactor01,2026-05-01T08:29:15.835Z,1.442699810902,2026-05-01 14:14:15.835,5096.196111111111
Demo experiment,pioreactor01,2026-05-01T08:29:20.836Z,1.443676876188,2026-05-01 14:14:20.836,5096.1975
Demo experiment,pioreactor01,2026-05-01T08:29:25.837Z,1.44462469087,2026-05-01 14:14:25.837,5096.198888888889
Demo experiment,pioreactor01,2026-05-01T08:29:30.835Z,1.44552441113,2026-05-01 14:14:30.835,5096.200277777778
Demo experiment,pioreactor01,2026-05-01T08:29:35.838Z,1.446532598209,2026-05-01 14:14:35.838,5096.201666666667
Demo experiment,pioreactor01,2026-05-01T08:29:40.837Z,1.447533637632,2026-05-01 14:14:40.837,5096.203055555556
Demo experiment,pioreactor01,2026-05-01T08:29:50.835Z,1.450888827404,2026-05-01 14:14:50.835,5096.205833333333
Demo experiment,pioreactor01,2026-05-01T08:30:00.834Z,1.45415775178,2026-05-01 14:15:00.834,5096.208611111111
Demo experiment,pioreactor01,2026-05-01T08:30:05.835Z,1.454947364415,2026-05-01 14:15:05.835,5096.21
Demo experiment,pioreactor01,2026-05-01T08:30:10.832Z,1.455756036153,2026-05-01 14:15:10.832,5096.211388888889
Demo experiment,pioreactor01,2026-05-01T08:30:15.836Z,1.456676563666,2026-05-01 14:15:15.836,5096.212777777778
Demo experiment,pioreactor01,2026-05-01T08:30:20.835Z,1.457539097039,2026-05-01 14:15:20.835,5096.214166666667
Demo experiment,pioreactor01,2026-05-01T08:30:25.834Z,1.458472488808,2026-05-01 14:15:25.834,5096.215555555556
Demo experiment,pioreactor01,2026-05-01T08:30:30.832Z,1.459386579772,2026-05-01 14:15:30.832,5096.216944444444
Demo experiment,pioreactor01,2026-05-01T08:30:35.834Z,1.460338268796,2026-05-01 14:15:35.834,5096.218333333333
Demo experiment,pioreactor01,2026-05-01T08:30:40.835Z,1.461295380346,2026-05-01 14:15:40.835,5096.219722222222
Demo experiment,pioreactor01,2026-05-01T08:30:50.839Z,1.464734502472,2026-05-01 14:15:50.839,5096.2225
Demo experiment,pioreactor01,2026-05-01T08:30:55.841Z,1.465701172149,2026-05-01 14:15:55.841,5096.223888888889
Demo experiment,pioreactor01,2026-05-01T08:31:00.837Z,1.466701680407,2026-05-01 14:16:00.837,5096.225277777778
Demo experiment,pioreactor01,2026-05-01T08:31:05.831Z,1.467741179079,2026-05-01 14:16:05.831,5096.226666666666
Demo experiment,pioreactor01,2026-05-01T08:31:10.836Z,1.468827043587,2026-05-01 14:16:10.836,5096.228055555555
Demo experiment,pioreactor01,2026-05-01T08:31:15.840Z,1.46993208933,2026-05-01 14:16:15.840,5096.229444444444
Demo experiment,pioreactor01,2026-05-01T08:31:20.834Z,1.470982360426,2026-05-01 14:16:20.834,5096.230833333333
Demo experiment,pioreactor01,2026-05-01T08:31:25.836Z,1.472097249937,2026-05-01 14:16:25.836,5096.232222222222
Demo experiment,pioreactor01,2026-05-01T08:31:30.834Z,1.473266755152,2026-05-01 14:16:30.834,5096.233611111111
Demo experiment,pioreactor01,2026-05-01T08:31:35.832Z,1.474492063197,2026-05-01 14:16:35.832,5096.235
Demo experiment,pioreactor01,2026-05-01T08:31:40.836Z,1.475736707499,2026-05-01 14:16:40.836,5096.236388888889
Demo experiment,pioreactor01,2026-05-01T08:31:45.832Z,1.477002901213,2026-05-01 14:16:45.832,5096.237777777777
Demo experiment,pioreactor01,2026-05-01T08:31:50.832Z,1.478290299588,2026-05-01 14:16:50.832,5096.239166666666
Demo experiment,pioreactor01,2026-05-01T08:31:55.835Z,1.479623162042,2026-05-01 14:16:55.835,5096.240555555555
Demo experiment,pioreactor01,2026-05-01T08:32:00.839Z,1.480965809629,2026-05-01 14:17:00.839,5096.241944444444
Demo experiment,pioreactor01,2026-05-01T08:32:05.836Z,1.482337135228,2026-05-01 14:17:05.836,5096.243333333333
Demo experiment,pioreactor01,2026-05-01T08:32:10.839Z,1.483737095242,2026-05-01 14:17:10.839,5096.244722222223
Demo experiment,pioreactor01,2026-05-01T08:32:15.838Z,1.485169191973,2026-05-01 14:17:15.838,5096.246111111112
Demo experiment,pioreactor01,2026-05-01T08:32:20.839Z,1.486630752429,2026-05-01 14:17:20.839,5096.2475
Demo experiment,pioreactor01,2026-05-01T08:32:30.834Z,1.490660285387,2026-05-01 14:17:30.834,5096.250277777778
Demo experiment,pioreactor01,2026-05-01T08:32:35.839Z,1.492168606692,2026-05-01 14:17:35.839,5096.251666666667
Demo experiment,pioreactor01,2026-05-01T08:32:40.839Z,1.493675547907,2026-05-01 14:17:40.839,5096.253055555556
Demo experiment,pioreactor01,2026-05-01T08:32:45.838Z,1.495220551528,2026-05-01 14:17:45.838,5096.254444444445
Demo experiment,pioreactor01,2026-05-01T08:32:50.851Z,1.42506473503,2026-05-01 14:17:50.851,5096.255833333334
Demo experiment,pioreactor01,2026-05-01T08:32:55.841Z,1.425968803422,2026-05-01 14:17:55.841,5096.257222222222
Demo experiment,pioreactor01,2026-05-01T08:33:00.840Z,1.427395354906,2026-05-01 14:18:00.840,5096.258611111111
Demo experiment,pioreactor01,2026-05-01T08:33:05.837Z,1.429023563468,2026-05-01 14:18:05.837,5096.26
Demo experiment,pioreactor01,2026-05-01T08:33:10.835Z,1.430193261615,2026-05-01 14:18:10.835,5096.261388888889
Demo experiment,pioreactor01,2026-05-01T08:33:15.836Z,1.43148871134,2026-05-01 14:18:15.836,5096.262777777778
Demo experiment,pioreactor01,2026-05-01T08:33:20.835Z,1.432581275718,2026-05-01 14:18:20.835,5096.264166666667
Demo experiment,pioreactor01,2026-05-01T08:33:25.835Z,1.433777336271,2026-05-01 14:18:25.835,5096.265555555556
Demo experiment,pioreactor01,2026-05-01T08:33:30.836Z,1.435075635163,2026-05-01 14:18:30.836,5096.266944444445
Demo experiment,pioreactor01,2026-05-01T08:33:35.832Z,1.436210734569,2026-05-01 14:18:35.832,5096.268333333333
Demo experiment,pioreactor01,2026-05-01T08:33:40.834Z,1.437286361674,2026-05-01 14:18:40.834,5096.269722222222
Demo experiment,pioreactor01,2026-05-01T08:33:45.837Z,1.438396310345,2026-05-01 14:18:45.837,5096.271111111111
Demo experiment,pioreactor01,2026-05-01T08:33:50.834Z,1.439401825308,2026-05-01 14:18:50.834,5096.2725
Demo experiment,pioreactor01,2026-05-01T08:33:55.835Z,1.440373184639,2026-05-01 14:18:55.835,5096.273888888889
Demo experiment,pioreactor01,2026-05-01T08:34:00.834Z,1.44129618298,2026-05-01 14:19:00.834,5096.275277777778
Demo experiment,pioreactor01,2026-05-01T08:34:05.837Z,1.442261369536,2026-05-01 14:19:05.837,5096.276666666667
Demo experiment,pioreactor01,2026-05-01T08:34:10.833Z,1.443289522556,2026-05-01 14:19:10.833,5096.278055555556
Demo experiment,pioreactor01,2026-05-01T08:34:15.835Z,1.444247436866,2026-05-01 14:19:15.835,5096.279444444444
Demo experiment,pioreactor01,2026-05-01T08:34:20.835Z,1.445251888527,2026-05-01 14:19:20.835,5096.280833333333
Demo experiment,pioreactor01,2026-05-01T08:34:25.832Z,1.446247456123,2026-05-01 14:19:25.832,5096.282222222222
Demo experiment,pioreactor01,2026-05-01T08:34:35.834Z,1.449571062208,2026-05-01 14:19:35.834,5096.285
Demo experiment,pioreactor01,2026-05-01T08:34:40.838Z,1.450489600538,2026-05-01 14:19:40.838,5096.286388888889
Demo experiment,pioreactor01,2026-05-01T08:34:45.833Z,1.45139856236,2026-05-01 14:19:45.833,5096.287777777778
Demo experiment,pioreactor01,2026-05-01T08:34:50.834Z,1.452291141165,2026-05-01 14:19:50.834,5096.289166666666
Demo experiment,pioreactor01,2026-05-01T08:34:55.831Z,1.453212964447,2026-05-01 14:19:55.831,5096.290555555555
Demo experiment,pioreactor01,2026-05-01T08:35:10.833Z,1.458915913096,2026-05-01 14:20:10.833,5096.294722222222
Demo experiment,pioreactor01,2026-05-01T08:35:15.834Z,1.459603756851,2026-05-01 14:20:15.834,5096.296111111111
Demo experiment,pioreactor01,2026-05-01T08:35:20.836Z,1.460354446424,2026-05-01 14:20:20.836,5096.2975
Demo experiment,pioreactor01,2026-05-01T08:35:25.833Z,1.461156786943,2026-05-01 14:20:25.833,5096.298888888889
Demo experiment,pioreactor01,2026-05-01T08:35:30.839Z,1.462022882525,2026-05-01 14:20:30.839,5096.300277777777
Demo experiment,pioreactor01,2026-05-01T08:35:35.837Z,1.462943988326,2026-05-01 14:20:35.837,5096.301666666666
Demo experiment,pioreactor01,2026-05-01T08:35:40.835Z,1.463856930195,2026-05-01 14:20:40.835,5096.303055555555
Demo experiment,pioreactor01,2026-05-01T08:35:45.836Z,1.464801727292,2026-05-01 14:20:45.836,5096.304444444444
Demo experiment,pioreactor01,2026-05-01T08:35:50.838Z,1.465764753128,2026-05-01 14:20:50.838,5096.305833333333
Demo experiment,pioreactor01,2026-05-01T08:35:55.833Z,1.466782699776,2026-05-01 14:20:55.833,5096.307222222223
Demo experiment,pioreactor01,2026-05-01T08:36:00.840Z,1.467804796942,2026-05-01 14:21:00.840,5096.308611111112
Demo experiment,pioreactor01,2026-05-01T08:36:05.838Z,1.46887626029,2026-05-01 14:21:05.838,5096.31
Demo experiment,pioreactor01,2026-05-01T08:36:10.835Z,1.469983753794,2026-05-01 14:21:10.835,5096.311388888889
Demo experiment,pioreactor01,2026-05-01T08:36:15.836Z,1.471102551352,2026-05-01 14:21:15.836,5096.312777777778
Demo experiment,pioreactor01,2026-05-01T08:36:20.836Z,1.472260851592,2026-05-01 14:21:20.836,5096.314166666667
Demo experiment,pioreactor01,2026-05-01T08:36:25.835Z,1.473456868065,2026-05-01 14:21:25.835,5096.315555555556
Demo experiment,pioreactor01,2026-05-01T08:36:30.836Z,1.474693309426,2026-05-01 14:21:30.836,5096.316944444445
Demo experiment,pioreactor01,2026-05-01T08:36:35.836Z,1.475915728398,2026-05-01 14:21:35.836,5096.318333333334
Demo experiment,pioreactor01,2026-05-01T08:36:40.834Z,1.477171043252,2026-05-01 14:21:40.834,5096.319722222222
Demo experiment,pioreactor01,2026-05-01T08:36:45.838Z,1.478437134199,2026-05-01 14:21:45.838,5096.321111111111
Demo experiment,pioreactor01,2026-05-01T08:36:50.836Z,1.479739087203,2026-05-01 14:21:50.836,5096.3225
Demo experiment,pioreactor01,2026-05-01T08:36:55.835Z,1.481077215559,2026-05-01 14:21:55.835,5096.323888888889
Demo experiment,pioreactor01,2026-05-01T08:37:00.833Z,1.482422198242,2026-05-01 14:22:00.833,5096.325277777778
Demo experiment,pioreactor01,2026-05-01T08:37:05.838Z,1.48260431616,2026-05-01 14:22:05.838,5096.326666666667
Demo experiment,pioreactor01,2026-05-01T08:37:10.836Z,1.480774328075,2026-05-01 14:22:10.836,5096.328055555556
Demo experiment,pioreactor01,2026-05-01T08:37:15.836Z,1.479517190812,2026-05-01 14:22:15.836,5096.329444444445
Demo experiment,pioreactor01,2026-05-01T08:37:25.836Z,1.477646125992,2026-05-01 14:22:25.836,5096.332222222222
Demo experiment,pioreactor01,2026-05-01T08:37:30.840Z,1.47441726275,2026-05-01 14:22:30.840,5096.333611111111
Demo experiment,pioreactor01,2026-05-01T08:37:40.835Z,1.474543416685,2026-05-01 14:22:40.835,5096.336388888889
Demo experiment,pioreactor01,2026-05-01T08:37:45.857Z,1.472670392083,2026-05-01 14:22:45.857,5096.337777777778
Demo experiment,pioreactor01,2026-05-01T08:37:50.848Z,1.427528883529,2026-05-01 14:22:50.848,5096.339166666667
Demo experiment,pioreactor01,2026-05-01T08:37:55.838Z,1.428183418144,2026-05-01 14:22:55.838,5096.340555555556
Demo experiment,pioreactor01,2026-05-01T08:38:00.839Z,1.429075476341,2026-05-01 14:23:00.839,5096.341944444444
Demo experiment,pioreactor01,2026-05-01T08:38:05.840Z,1.430106138024,2026-05-01 14:23:05.840,5096.343333333333
Demo experiment,pioreactor01,2026-05-01T08:38:10.837Z,1.431379942717,2026-05-01 14:23:10.837,5096.344722222222
Demo experiment,pioreactor01,2026-05-01T08:38:15.839Z,1.432753687258,2026-05-01 14:23:15.839,5096.346111111111
Demo experiment,pioreactor01,2026-05-01T08:38:20.837Z,1.433904047401,2026-05-01 14:23:20.837,5096.3475
Demo experiment,pioreactor01,2026-05-01T08:38:25.841Z,1.434786633811,2026-05-01 14:23:25.841,5096.348888888889
Demo experiment,pioreactor01,2026-05-01T08:38:30.838Z,1.435844152318,2026-05-01 14:23:30.838,5096.350277777778
Demo experiment,pioreactor01,2026-05-01T08:38:35.839Z,1.436914775667,2026-05-01 14:23:35.839,5096.351666666666
Demo experiment,pioreactor01,2026-05-01T08:38:40.840Z,1.438036344081,2026-05-01 14:23:40.840,5096.353055555555
Demo experiment,pioreactor01,2026-05-01T08:38:50.834Z,1.441322883468,2026-05-01 14:23:50.834,5096.355833333333
Demo experiment,pioreactor01,2026-05-01T08:38:55.838Z,1.442161368326,2026-05-01 14:23:55.838,5096.357222222222
Demo experiment,pioreactor01,2026-05-01T08:39:00.836Z,1.443066775419,2026-05-01 14:24:00.836,5096.358611111111
Demo experiment,pioreactor01,2026-05-01T08:39:05.839Z,1.444004463438,2026-05-01 14:24:05.839,5096.36
Demo experiment,pioreactor01,2026-05-01T08:39:10.839Z,1.444999853985,2026-05-01 14:24:10.839,5096.361388888889
Demo experiment,pioreactor01,2026-05-01T08:39:15.834Z,1.445880187887,2026-05-01 14:24:15.834,5096.362777777777
Demo experiment,pioreactor01,2026-05-01T08:39:20.838Z,1.446798392999,2026-05-01 14:24:20.838,5096.364166666666
Demo experiment,pioreactor01,2026-05-01T08:39:25.837Z,1.447753357312,2026-05-01 14:24:25.837,5096.365555555555
Demo experiment,pioreactor01,2026-05-01T08:39:30.841Z,1.448703379107,2026-05-01 14:24:30.841,5096.366944444444
Demo experiment,pioreactor01,2026-05-01T08:39:35.836Z,1.449619314261,2026-05-01 14:24:35.836,5096.368333333333
Demo experiment,pioreactor01,2026-05-01T08:39:40.837Z,1.450594810791,2026-05-01 14:24:40.837,5096.369722222223
Demo experiment,pioreactor01,2026-05-01T08:39:45.834Z,1.451625223412,2026-05-01 14:24:45.834,5096.371111111112
Demo experiment,pioreactor01,2026-05-01T08:39:50.838Z,1.452576696142,2026-05-01 14:24:50.838,5096.3725
Demo experiment,pioreactor01,2026-05-01T08:39:55.835Z,1.453518193152,2026-05-01 14:24:55.835,5096.373888888889
Demo experiment,pioreactor01,2026-05-01T08:40:00.838Z,1.454537567062,2026-05-01 14:25:00.838,5096.375277777778
Demo experiment,pioreactor01,2026-05-01T08:40:05.837Z,1.455554143741,2026-05-01 14:25:05.837,5096.376666666667
Demo experiment,pioreactor01,2026-05-01T08:40:10.838Z,1.456625530438,2026-05-01 14:25:10.838,5096.378055555556
Demo experiment,pioreactor01,2026-05-01T08:40:15.836Z,1.457675892108,2026-05-01 14:25:15.836,5096.379444444445
Demo experiment,pioreactor01,2026-05-01T08:40:20.839Z,1.458691921697,2026-05-01 14:25:20.839,5096.380833333334
Demo experiment,pioreactor01,2026-05-01T08:40:25.834Z,1.459743774348,2026-05-01 14:25:25.834,5096.382222222222
Demo experiment,pioreactor01,2026-05-01T08:40:30.837Z,1.460790688455,2026-05-01 14:25:30.837,5096.383611111111
Demo experiment,pioreactor01,2026-05-01T08:40:35.843Z,1.461850224474,2026-05-01 14:25:35.843,5096.385
Demo experiment,pioreactor01,2026-05-01T08:40:40.834Z,1.462951345297,2026-05-01 14:25:40.834,5096.386388888889
Demo experiment,pioreactor01,2026-05-01T08:40:45.834Z,1.464086584022,2026-05-01 14:25:45.834,5096.387777777778
Demo experiment,pioreactor01,2026-05-01T08:40:50.844Z,1.465229395332,2026-05-01 14:25:50.844,5096.389166666667
Demo experiment,pioreactor01,2026-05-01T08:40:55.836Z,1.466396262905,2026-05-01 14:25:55.836,5096.390555555556
Demo experiment,pioreactor01,2026-05-01T08:41:00.841Z,1.467606180103,2026-05-01 14:26:00.841,5096.391944444445
Demo experiment,pioreactor01,2026-05-01T08:41:05.842Z,1.468805855635,2026-05-01 14:26:05.842,5096.393333333333
Demo experiment,pioreactor01,2026-05-01T08:41:10.840Z,1.470033595006,2026-05-01 14:26:10.840,5096.394722222222
Demo experiment,pioreactor01,2026-05-01T08:41:15.836Z,1.471308052428,2026-05-01 14:26:15.836,5096.396111111111
Demo experiment,pioreactor01,2026-05-01T08:41:20.841Z,1.472628641574,2026-05-01 14:26:20.841,5096.3975
Demo experiment,pioreactor01,2026-05-01T08:41:25.838Z,1.473947976331,2026-05-01 14:26:25.838,5096.398888888889
Demo experiment,pioreactor01,2026-05-01T08:41:30.838Z,1.475290820143,2026-05-01 14:26:30.838,5096.400277777778
Demo experiment,pioreactor01,2026-05-01T08:41:35.835Z,1.476670576284,2026-05-01 14:26:35.835,5096.401666666667
Demo experiment,pioreactor01,2026-05-01T08:41:40.834Z,1.477009256726,2026-05-01 14:26:40.834,5096.403055555556
Demo experiment,pioreactor01,2026-05-01T08:41:45.836Z,1.475521089761,2026-05-01 14:26:45.836,5096.404444444444
Demo experiment,pioreactor01,2026-05-01T08:41:50.836Z,1.471128546717,2026-05-01 14:26:50.836,5096.405833333333
Demo experiment,pioreactor01,2026-05-01T08:41:55.838Z,1.467759616367,2026-05-01 14:26:55.838,5096.407222222222
Demo experiment,pioreactor01,2026-05-01T08:42:00.836Z,1.465425775197,2026-05-01 14:27:00.836,5096.408611111111
Demo experiment,pioreactor01,2026-05-01T08:42:05.837Z,1.463728612729,2026-05-01 14:27:05.837,5096.41
Demo experiment,pioreactor01,2026-05-01T08:42:10.834Z,1.462614054057,2026-05-01 14:27:10.834,5096.411388888889
Demo experiment,pioreactor01,2026-05-01T08:42:15.837Z,1.461864157986,2026-05-01 14:27:15.837,5096.412777777778
Demo experiment,pioreactor01,2026-05-01T08:42:20.840Z,1.461398193248,2026-05-01 14:27:20.840,5096.414166666666
Demo experiment,pioreactor01,2026-05-01T08:42:25.837Z,1.461176324181,2026-05-01 14:27:25.837,5096.415555555555
