experiment,pioreactor_unit,timestamp,temperature_c,timestamp_localtime,hours_since_experiment_created
Pulse experiments,pioreactor01,2026-08-30T05:16:47.625Z,31.34,2026-08-30 11:01:47.625,1482.918888888889
Pulse experiments,pioreactor01,2026-08-30T05:20:07.619Z,32.02,2026-08-30 11:05:07.619,1482.974444444445
Pulse experiments,pioreactor01,2026-08-30T05:23:27.697Z,32.71,2026-08-30 11:08:27.697,1483.03
Pulse experiments,pioreactor01,2026-08-30T05:26:47.938Z,32.96,2026-08-30 11:11:47.938,1483.085555555556
Pulse experiments,pioreactor01,2026-08-30T05:30:07.630Z,33.72,2026-08-30 11:15:07.630,1483.141111111111
Pulse experiments,pioreactor01,2026-08-30T05:33:27.632Z,33.94,2026-08-30 11:18:27.632,1483.196666666667
Pulse experiments,pioreactor01,2026-08-30T05:36:47.633Z,33.79,2026-08-30 11:21:47.633,1483.252222222222
Pulse experiments,pioreactor01,2026-08-30T05:40:07.619Z,33.8,2026-08-30 11:25:07.619,1483.307777777778
Pulse experiments,pioreactor01,2026-08-30T05:43:27.621Z,33.53,2026-08-30 11:28:27.621,1483.363333333333
Pulse experiments,pioreactor01,2026-08-30T05:46:47.641Z,33.26,2026-08-30 11:31:47.641,1483.418888888889
Pulse experiments,pioreactor01,2026-08-30T05:50:07.627Z,32.99,2026-08-30 11:35:07.627,1483.474444444445
Pulse experiments,pioreactor01,2026-08-30T05:53:27.625Z,32.67,2026-08-30 11:38:27.625,1483.53
Pulse experiments,pioreactor01,2026-08-30T05:56:47.627Z,32.21,2026-08-30 11:41:47.627,1483.585555555556
Pulse experiments,pioreactor01,2026-08-30T06:00:07.768Z,31.94,2026-08-30 11:45:07.768,1483.641111111111
Pulse experiments,pioreactor01,2026-08-30T06:03:27.638Z,31.79,2026-08-30 11:48:27.638,1483.696666666667
Pulse experiments,pioreactor01,2026-08-30T06:06:47.618Z,31.58,2026-08-30 11:51:47.618,1483.752222222222
Pulse experiments,pioreactor01,2026-08-30T06:10:07.623Z,31.29,2026-08-30 11:55:07.623,1483.807777777778
Pulse experiments,pioreactor01,2026-08-30T06:13:27.629Z,31.36,2026-08-30 11:58:27.629,1483.863333333333
Pulse experiments,pioreactor01,2026-08-30T06:16:47.628Z,31.07,2026-08-30 12:01:47.628,1483.918888888889
Pulse experiments,pioreactor01,2026-08-30T06:18:35.037Z,35.083333333333,2026-08-30 12:03:35.037,1483.948888888889
Pulse experiments,pioreactor01,2026-08-30T06:22:02.440Z,31.62,2026-08-30 12:07:02.440,1484.006388888889
Pulse experiments,pioreactor01,2026-08-30T06:25:22.428Z,31.38,2026-08-30 12:10:22.428,1484.061944444444
Pulse experiments,pioreactor01,2026-08-30T06:28:42.424Z,31.28,2026-08-30 12:13:42.424,1484.1175
Pulse experiments,pioreactor01,2026-08-30T06:32:02.417Z,30.88,2026-08-30 12:17:02.417,1484.173055555555
Pulse experiments,pioreactor01,2026-08-30T06:35:22.400Z,30.57,2026-08-30 12:20:22.400,1484.228611111111
Pulse experiments,pioreactor01,2026-08-30T06:38:42.427Z,30.38,2026-08-30 12:23:42.427,1484.284166666667
Pulse experiments,pioreactor01,2026-08-30T06:42:02.409Z,30.16,2026-08-30 12:27:02.409,1484.339722222222
Pulse experiments,pioreactor01,2026-08-30T06:45:22.440Z,30.0,2026-08-30 12:30:22.440,1484.395277777778
Pulse experiments,pioreactor01,2026-08-30T06:48:42.428Z,29.81,2026-08-30 12:33:42.428,1484.450833333333
Pulse experiments,pioreactor01,2026-08-30T06:52:02.433Z,29.69,2026-08-30 12:37:02.433,1484.506388888889
Pulse experiments,pioreactor01,2026-08-30T06:55:22.396Z,29.56,2026-08-30 12:40:22.396,1484.561944444444
Pulse experiments,pioreactor01,2026-08-30T06:58:42.431Z,29.47,2026-08-30 12:43:42.431,1484.6175
Pulse experiments,pioreactor01,2026-08-30T07:02:02.417Z,29.42,2026-08-30 12:47:02.417,1484.673055555555
Pulse experiments,pioreactor01,2026-08-30T07:05:22.438Z,29.31,2026-08-30 12:50:22.438,1484.728611111111
Pulse experiments,pioreactor01,2026-08-30T07:08:42.437Z,29.31,2026-08-30 12:53:42.437,1484.784166666667
Pulse experiments,pioreactor01,2026-08-30T07:12:02.420Z,29.25,2026-08-30 12:57:02.420,1484.839722222222
Pulse experiments,pioreactor01,2026-08-30T07:15:22.423Z,29.19,2026-08-30 13:00:22.423,1484.895277777778
Pulse experiments,pioreactor01,2026-08-30T07:18:42.430Z,29.19,2026-08-30 13:03:42.430,1484.950833333333
Pulse experiments,pioreactor01,2026-08-30T07:22:02.429Z,29.15,2026-08-30 13:07:02.429,1485.006388888889
Pulse experiments,pioreactor01,2026-08-30T07:25:22.411Z,29.12,2026-08-30 13:10:22.411,1485.061944444444
Pulse experiments,pioreactor01,2026-08-30T07:28:42.420Z,29.1,2026-08-30 13:13:42.420,1485.1175
Pulse experiments,pioreactor01,2026-08-30T07:32:02.437Z,29.06,2026-08-30 13:17:02.437,1485.173055555555
Pulse experiments,pioreactor01,2026-08-30T07:35:22.416Z,29.18,2026-08-30 13:20:22.416,1485.228611111111
Pulse experiments,pioreactor01,2026-08-30T07:38:42.395Z,29.06,2026-08-30 13:23:42.395,1485.284166666667
Pulse experiments,pioreactor01,2026-08-30T07:42:02.408Z,29.57,2026-08-30 13:27:02.408,1485.339722222222
Pulse experiments,pioreactor01,2026-08-30T07:45:22.421Z,29.06,2026-08-30 13:30:22.421,1485.395277777778
Pulse experiments,pioreactor01,2026-08-30T07:48:42.417Z,29.17,2026-08-30 13:33:42.417,1485.450833333333
Pulse experiments,pioreactor01,2026-08-30T07:52:02.423Z,29.2,2026-08-30 13:37:02.423,1485.506388888889
Pulse experiments,pioreactor01,2026-08-30T07:55:22.425Z,29.28,2026-08-30 13:40:22.425,1485.561944444444
Pulse experiments,pioreactor01,2026-08-30T07:58:42.413Z,29.17,2026-08-30 13:43:42.413,1485.6175
Pulse experiments,pioreactor01,2026-08-30T08:02:02.421Z,29.29,2026-08-30 13:47:02.421,1485.673055555555
Pulse experiments,pioreactor01,2026-08-30T08:05:22.437Z,29.19,2026-08-30 13:50:22.437,1485.728611111111
Pulse experiments,pioreactor01,2026-08-30T08:08:42.423Z,29.19,2026-08-30 13:53:42.423,1485.784166666667
Pulse experiments,pioreactor01,2026-08-30T08:12:02.419Z,29.19,2026-08-30 13:57:02.419,1485.839722222222
Pulse experiments,pioreactor01,2026-08-30T08:15:22.413Z,29.19,2026-08-30 14:00:22.413,1485.895277777778
Pulse experiments,pioreactor01,2026-08-30T08:18:42.424Z,29.19,2026-08-30 14:03:42.424,1485.950833333333
Pulse experiments,pioreactor01,2026-08-30T08:22:02.422Z,29.19,2026-08-30 14:07:02.422,1486.006388888889
Pulse experiments,pioreactor01,2026-08-30T08:25:22.427Z,29.21,2026-08-30 14:10:22.427,1486.061944444444
Pulse experiments,pioreactor01,2026-08-30T08:28:42.422Z,29.25,2026-08-30 14:13:42.422,1486.1175
Pulse experiments,pioreactor01,2026-08-30T08:32:02.426Z,29.26,2026-08-30 14:17:02.426,1486.173055555555
Pulse experiments,pioreactor01,2026-08-30T08:35:22.418Z,29.31,2026-08-30 14:20:22.418,1486.228611111111
Pulse experiments,pioreactor01,2026-08-30T08:38:42.424Z,29.33,2026-08-30 14:23:42.424,1486.284166666667
Pulse experiments,pioreactor01,2026-08-30T08:42:02.416Z,29.38,2026-08-30 14:27:02.416,1486.339722222222
Pulse experiments,pioreactor01,2026-08-30T08:45:22.427Z,29.44,2026-08-30 14:30:22.427,1486.395277777778
Pulse experiments,pioreactor01,2026-08-30T08:48:42.417Z,29.44,2026-08-30 14:33:42.417,1486.450833333333
Pulse experiments,pioreactor01,2026-08-30T08:52:02.419Z,29.45,2026-08-30 14:37:02.419,1486.506388888889
Pulse experiments,pioreactor01,2026-08-30T08:55:22.409Z,29.5,2026-08-30 14:40:22.409,1486.561944444444
Pulse experiments,pioreactor01,2026-08-30T08:58:42.411Z,29.5,2026-08-30 14:43:42.411,1486.6175
Pulse experiments,pioreactor01,2026-08-30T09:02:02.426Z,29.51,2026-08-30 14:47:02.426,1486.673055555555
Pulse experiments,pioreactor01,2026-08-30T09:05:22.423Z,29.51,2026-08-30 14:50:22.423,1486.728611111111
Pulse experiments,pioreactor01,2026-08-30T09:08:42.409Z,29.53,2026-08-30 14:53:42.409,1486.784166666667
Pulse experiments,pioreactor01,2026-08-30T09:12:02.422Z,29.56,2026-08-30 14:57:02.422,1486.839722222222
Pulse experiments,pioreactor01,2026-08-30T09:15:22.459Z,29.6,2026-08-30 15:00:22.459,1486.895277777778
Pulse experiments,pioreactor01,2026-08-30T09:18:42.463Z,29.62,2026-08-30 15:03:42.463,1486.950833333333
Pulse experiments,pioreactor01,2026-08-30T09:22:02.420Z,29.67,2026-08-30 15:07:02.420,1487.006388888889
Pulse experiments,pioreactor01,2026-08-30T09:25:22.423Z,29.69,2026-08-30 15:10:22.423,1487.061944444444
Pulse experiments,pioreactor01,2026-08-30T09:28:42.419Z,29.69,2026-08-30 15:13:42.419,1487.1175
Pulse experiments,pioreactor01,2026-08-30T09:32:02.400Z,29.73,2026-08-30 15:17:02.400,1487.173055555555
Pulse experiments,pioreactor01,2026-08-30T09:35:22.415Z,29.75,2026-08-30 15:20:22.415,1487.228611111111
Pulse experiments,pioreactor01,2026-08-30T09:38:42.413Z,29.81,2026-08-30 15:23:42.413,1487.284166666667
Pulse experiments,pioreactor01,2026-08-30T09:42:02.421Z,29.82,2026-08-30 15:27:02.421,1487.339722222222
Pulse experiments,pioreactor01,2026-08-30T09:45:22.453Z,29.88,2026-08-30 15:30:22.453,1487.395277777778
Pulse experiments,pioreactor01,2026-08-30T09:48:42.430Z,29.92,2026-08-30 15:33:42.430,1487.450833333333
Pulse experiments,pioreactor01,2026-08-30T09:52:02.422Z,29.94,2026-08-30 15:37:02.422,1487.506388888889
Pulse experiments,pioreactor01,2026-08-30T09:55:22.421Z,30.0,2026-08-30 15:40:22.421,1487.561944444444
Pulse experiments,pioreactor01,2026-08-30T09:58:42.443Z,30.03,2026-08-30 15:43:42.443,1487.6175
Pulse experiments,pioreactor01,2026-08-30T10:02:02.826Z,30.06,2026-08-30 15:47:02.826,1487.673055555555
Pulse experiments,pioreactor01,2026-08-30T10:05:22.402Z,30.07,2026-08-30 15:50:22.402,1487.728611111111
Pulse experiments,pioreactor01,2026-08-30T10:08:42.442Z,30.12,2026-08-30 15:53:42.442,1487.784166666667
Pulse experiments,pioreactor01,2026-08-30T10:12:02.421Z,30.19,2026-08-30 15:57:02.421,1487.839722222222
Pulse experiments,pioreactor01,2026-08-30T10:15:22.418Z,30.19,2026-08-30 16:00:22.418,1487.895277777778
Pulse experiments,pioreactor01,2026-08-30T10:18:42.428Z,30.19,2026-08-30 16:03:42.428,1487.950833333333
Pulse experiments,pioreactor01,2026-08-30T10:22:02.422Z,30.25,2026-08-30 16:07:02.422,1488.006388888889
Pulse experiments,pioreactor01,2026-08-30T10:25:22.409Z,30.29,2026-08-30 16:10:22.409,1488.061944444444
Pulse experiments,pioreactor01,2026-08-30T10:28:42.429Z,30.31,2026-08-30 16:13:42.429,1488.1175
Pulse experiments,pioreactor01,2026-08-30T10:32:02.427Z,30.32,2026-08-30 16:17:02.427,1488.173055555555
Pulse experiments,pioreactor01,2026-08-30T10:35:22.416Z,30.38,2026-08-30 16:20:22.416,1488.228611111111
Pulse experiments,pioreactor01,2026-08-30T10:38:42.418Z,30.39,2026-08-30 16:23:42.418,1488.284166666667
Pulse experiments,pioreactor01,2026-08-30T10:42:02.416Z,30.43,2026-08-30 16:27:02.416,1488.339722222222
Pulse experiments,pioreactor01,2026-08-30T10:45:22.420Z,30.44,2026-08-30 16:30:22.420,1488.395277777778
Pulse experiments,pioreactor01,2026-08-30T10:48:42.439Z,30.49,2026-08-30 16:33:42.439,1488.450833333333
Pulse experiments,pioreactor01,2026-08-30T10:52:02.421Z,30.5,2026-08-30 16:37:02.421,1488.506388888889
Pulse experiments,pioreactor01,2026-08-30T10:55:22.417Z,30.51,2026-08-30 16:40:22.417,1488.561944444444
Pulse experiments,pioreactor01,2026-08-30T10:58:42.436Z,30.56,2026-08-30 16:43:42.436,1488.6175
Pulse experiments,pioreactor01,2026-08-30T11:02:02.420Z,30.56,2026-08-30 16:47:02.420,1488.673055555555
Pulse experiments,pioreactor01,2026-08-30T11:05:22.429Z,30.55,2026-08-30 16:50:22.429,1488.728611111111
Pulse experiments,pioreactor01,2026-08-30T11:08:42.411Z,30.56,2026-08-30 16:53:42.411,1488.784166666667
Pulse experiments,pioreactor01,2026-08-30T11:12:02.411Z,30.56,2026-08-30 16:57:02.411,1488.839722222222
Pulse experiments,pioreactor01,2026-08-30T11:15:22.404Z,30.57,2026-08-30 17:00:22.404,1488.895277777778
Pulse experiments,pioreactor01,2026-08-30T11:18:42.424Z,30.62,2026-08-30 17:03:42.424,1488.950833333333
Pulse experiments,pioreactor01,2026-08-30T11:22:02.389Z,30.62,2026-08-30 17:07:02.389,1489.006388888889
Pulse experiments,pioreactor01,2026-08-30T11:25:22.414Z,30.67,2026-08-30 17:10:22.414,1489.061944444444
Pulse experiments,pioreactor01,2026-08-30T11:28:42.439Z,30.62,2026-08-30 17:13:42.439,1489.1175
Pulse experiments,pioreactor01,2026-08-30T11:32:02.427Z,30.69,2026-08-30 17:17:02.427,1489.173055555555
Pulse experiments,pioreactor01,2026-08-30T11:35:22.423Z,30.69,2026-08-30 17:20:22.423,1489.228611111111
Pulse experiments,pioreactor01,2026-08-30T11:38:42.427Z,30.69,2026-08-30 17:23:42.427,1489.284166666667
Pulse experiments,pioreactor01,2026-08-30T11:42:02.410Z,30.62,2026-08-30 17:27:02.410,1489.339722222222
Pulse experiments,pioreactor01,2026-08-30T11:45:22.435Z,30.56,2026-08-30 17:30:22.435,1489.395277777778
Pulse experiments,pioreactor01,2026-08-30T11:48:42.422Z,30.52,2026-08-30 17:33:42.422,1489.450833333333
Pulse experiments,pioreactor01,2026-08-30T11:52:02.426Z,30.5,2026-08-30 17:37:02.426,1489.506388888889
Pulse experiments,pioreactor01,2026-08-30T11:55:22.428Z,30.5,2026-08-30 17:40:22.428,1489.561944444444
Pulse experiments,pioreactor01,2026-08-30T11:58:42.419Z,30.5,2026-08-30 17:43:42.419,1489.6175
Pulse experiments,pioreactor01,2026-08-30T12:02:02.422Z,30.5,2026-08-30 17:47:02.422,1489.673055555555
Pulse experiments,pioreactor01,2026-08-30T12:05:22.419Z,30.5,2026-08-30 17:50:22.419,1489.728611111111
Pulse experiments,pioreactor01,2026-08-30T12:08:42.435Z,30.5,2026-08-30 17:53:42.435,1489.784166666667
Pulse experiments,pioreactor01,2026-08-30T12:12:02.433Z,30.47,2026-08-30 17:57:02.433,1489.839722222222
Pulse experiments,pioreactor01,2026-08-30T12:15:22.481Z,30.5,2026-08-30 18:00:22.481,1489.895277777778
Pulse experiments,pioreactor01,2026-08-30T12:18:42.425Z,30.45,2026-08-30 18:03:42.425,1489.950833333333
Pulse experiments,pioreactor01,2026-08-30T12:22:02.412Z,30.44,2026-08-30 18:07:02.412,1490.006388888889
Pulse experiments,pioreactor01,2026-08-30T12:25:22.416Z,30.44,2026-08-30 18:10:22.416,1490.061944444444
Pulse experiments,pioreactor01,2026-08-30T12:28:42.434Z,30.41,2026-08-30 18:13:42.434,1490.1175
Pulse experiments,pioreactor01,2026-08-30T12:32:02.432Z,30.44,2026-08-30 18:17:02.432,1490.173055555555
Pulse experiments,pioreactor01,2026-08-30T12:35:22.409Z,30.44,2026-08-30 18:20:22.409,1490.228611111111
Pulse experiments,pioreactor01,2026-08-30T12:38:42.428Z,30.44,2026-08-30 18:23:42.428,1490.284166666667
Pulse experiments,pioreactor01,2026-08-30T12:42:02.414Z,30.44,2026-08-30 18:27:02.414,1490.339722222222
Pulse experiments,pioreactor01,2026-08-30T12:45:22.429Z,30.46,2026-08-30 18:30:22.429,1490.395277777778
Pulse experiments,pioreactor01,2026-08-30T12:48:42.430Z,30.5,2026-08-30 18:33:42.430,1490.450833333333
Pulse experiments,pioreactor01,2026-08-30T12:52:02.419Z,30.5,2026-08-30 18:37:02.419,1490.506388888889
Pulse experiments,pioreactor01,2026-08-30T12:55:22.447Z,30.54,2026-08-30 18:40:22.447,1490.561944444444
Pulse experiments,pioreactor01,2026-08-30T12:58:42.424Z,30.56,2026-08-30 18:43:42.424,1490.6175
Pulse experiments,pioreactor01,2026-08-30T13:02:02.426Z,30.57,2026-08-30 18:47:02.426,1490.673055555555
Pulse experiments,pioreactor01,2026-08-30T13:05:22.419Z,30.59,2026-08-30 18:50:22.419,1490.728611111111
Pulse experiments,pioreactor01,2026-08-30T13:08:42.421Z,30.61,2026-08-30 18:53:42.421,1490.784166666667
Pulse experiments,pioreactor01,2026-08-30T13:12:02.443Z,30.62,2026-08-30 18:57:02.443,1490.839722222222
Pulse experiments,pioreactor01,2026-08-30T13:15:22.422Z,30.6,2026-08-30 19:00:22.422,1490.895277777778
Pulse experiments,pioreactor01,2026-08-30T13:18:42.429Z,30.62,2026-08-30 19:03:42.429,1490.950833333333
Pulse experiments,pioreactor01,2026-08-30T13:22:02.417Z,30.66,2026-08-30 19:07:02.417,1491.006388888889
Pulse experiments,pioreactor01,2026-08-30T13:25:22.408Z,30.69,2026-08-30 19:10:22.408,1491.061944444444
Pulse experiments,pioreactor01,2026-08-30T13:28:42.413Z,30.69,2026-08-30 19:13:42.413,1491.1175
Pulse experiments,pioreactor01,2026-08-30T13:32:02.427Z,30.73,2026-08-30 19:17:02.427,1491.173055555555
Pulse experiments,pioreactor01,2026-08-30T13:35:22.419Z,30.74,2026-08-30 19:20:22.419,1491.228611111111
Pulse experiments,pioreactor01,2026-08-30T13:38:42.429Z,30.69,2026-08-30 19:23:42.429,1491.284166666667
Pulse experiments,pioreactor01,2026-08-30T13:42:02.396Z,30.69,2026-08-30 19:27:02.396,1491.339722222222
Pulse experiments,pioreactor01,2026-08-30T13:45:22.440Z,30.69,2026-08-30 19:30:22.440,1491.395277777778
Pulse experiments,pioreactor01,2026-08-30T13:48:42.413Z,30.67,2026-08-30 19:33:42.413,1491.450833333333
Pulse experiments,pioreactor01,2026-08-30T13:52:02.420Z,30.67,2026-08-30 19:37:02.420,1491.506388888889
Pulse experiments,pioreactor01,2026-08-30T13:55:22.422Z,30.65,2026-08-30 19:40:22.422,1491.561944444444
Pulse experiments,pioreactor01,2026-08-30T13:58:42.415Z,30.64,2026-08-30 19:43:42.415,1491.6175
Pulse experiments,pioreactor01,2026-08-30T14:02:02.407Z,30.64,2026-08-30 19:47:02.407,1491.673055555555
Pulse experiments,pioreactor01,2026-08-30T14:05:22.506Z,30.62,2026-08-30 19:50:22.506,1491.728611111111
Pulse experiments,pioreactor01,2026-08-30T14:08:42.423Z,30.62,2026-08-30 19:53:42.423,1491.784166666667
Pulse experiments,pioreactor01,2026-08-30T14:12:02.429Z,30.62,2026-08-30 19:57:02.429,1491.839722222222
Pulse experiments,pioreactor01,2026-08-30T14:15:22.416Z,30.62,2026-08-30 20:00:22.416,1491.895277777778
Pulse experiments,pioreactor01,2026-08-30T14:18:42.425Z,30.62,2026-08-30 20:03:42.425,1491.950833333333
Pulse experiments,pioreactor01,2026-08-30T14:22:02.414Z,30.62,2026-08-30 20:07:02.414,1492.006388888889
Pulse experiments,pioreactor01,2026-08-30T14:25:22.420Z,30.62,2026-08-30 20:10:22.420,1492.061944444444
Pulse experiments,pioreactor01,2026-08-30T14:28:42.398Z,30.62,2026-08-30 20:13:42.398,1492.1175
Pulse experiments,pioreactor01,2026-08-30T14:32:02.419Z,30.62,2026-08-30 20:17:02.419,1492.173055555555
Pulse experiments,pioreactor01,2026-08-30T14:35:22.426Z,30.62,2026-08-30 20:20:22.426,1492.228611111111
Pulse experiments,pioreactor01,2026-08-30T14:38:42.420Z,30.61,2026-08-30 20:23:42.420,1492.284166666667
Pulse experiments,pioreactor01,2026-08-30T14:42:02.428Z,30.6,2026-08-30 20:27:02.428,1492.339722222222
Pulse experiments,pioreactor01,2026-08-30T14:45:22.423Z,30.58,2026-08-30 20:30:22.423,1492.395277777778
Pulse experiments,pioreactor01,2026-08-30T14:48:42.419Z,30.57,2026-08-30 20:33:42.419,1492.450833333333
Pulse experiments,pioreactor01,2026-08-30T14:52:02.415Z,30.56,2026-08-30 20:37:02.415,1492.506388888889
Pulse experiments,pioreactor01,2026-08-30T14:55:22.405Z,30.56,2026-08-30 20:40:22.405,1492.561944444444
Pulse experiments,pioreactor01,2026-08-30T14:58:42.445Z,30.5,2026-08-30 20:43:42.445,1492.6175
Pulse experiments,pioreactor01,2026-08-30T15:02:02.427Z,30.44,2026-08-30 20:47:02.427,1492.673055555555
Pulse experiments,pioreactor01,2026-08-30T15:05:22.433Z,30.44,2026-08-30 20:50:22.433,1492.728611111111
Pulse experiments,pioreactor01,2026-08-30T15:08:42.417Z,30.44,2026-08-30 20:53:42.417,1492.784166666667
Pulse experiments,pioreactor01,2026-08-30T15:12:02.454Z,30.44,2026-08-30 20:57:02.454,1492.839722222222
Pulse experiments,pioreactor01,2026-08-30T15:15:22.451Z,30.44,2026-08-30 21:00:22.451,1492.895277777778
Pulse experiments,pioreactor01,2026-08-30T15:18:42.410Z,30.44,2026-08-30 21:03:42.410,1492.950833333333
Pulse experiments,pioreactor01,2026-08-30T15:22:02.691Z,30.46,2026-08-30 21:07:02.691,1493.006388888889
Pulse experiments,pioreactor01,2026-08-30T15:25:22.430Z,30.5,2026-08-30 21:10:22.430,1493.061944444444
Pulse experiments,pioreactor01,2026-08-30T15:28:42.409Z,30.5,2026-08-30 21:13:42.409,1493.1175
Pulse experiments,pioreactor01,2026-08-30T15:32:02.413Z,30.5,2026-08-30 21:17:02.413,1493.173055555555
Pulse experiments,pioreactor01,2026-08-30T15:35:22.402Z,30.5,2026-08-30 21:20:22.402,1493.228611111111
Pulse experiments,pioreactor01,2026-08-30T15:38:42.411Z,30.5,2026-08-30 21:23:42.411,1493.284166666667
Pulse experiments,pioreactor01,2026-08-30T15:42:02.412Z,30.5,2026-08-30 21:27:02.412,1493.339722222222
Pulse experiments,pioreactor01,2026-08-30T15:45:22.427Z,30.5,2026-08-30 21:30:22.427,1493.395277777778
Pulse experiments,pioreactor01,2026-08-30T15:48:42.418Z,30.5,2026-08-30 21:33:42.418,1493.450833333333
Pulse experiments,pioreactor01,2026-08-30T15:52:02.423Z,30.5,2026-08-30 21:37:02.423,1493.506388888889
Pulse experiments,pioreactor01,2026-08-30T15:55:22.415Z,30.5,2026-08-30 21:40:22.415,1493.561944444444
Pulse experiments,pioreactor01,2026-08-30T15:58:42.413Z,30.5,2026-08-30 21:43:42.413,1493.6175
Pulse experiments,pioreactor01,2026-08-30T16:02:02.405Z,30.5,2026-08-30 21:47:02.405,1493.673055555555
Pulse experiments,pioreactor01,2026-08-30T16:05:22.414Z,30.51,2026-08-30 21:50:22.414,1493.728611111111
Pulse experiments,pioreactor01,2026-08-30T16:08:42.411Z,30.5,2026-08-30 21:53:42.411,1493.784166666667
Pulse experiments,pioreactor01,2026-08-30T16:12:02.428Z,30.5,2026-08-30 21:57:02.428,1493.839722222222
Pulse experiments,pioreactor01,2026-08-30T16:15:22.432Z,30.5,2026-08-30 22:00:22.432,1493.895277777778
Pulse experiments,pioreactor01,2026-08-30T16:18:42.400Z,30.5,2026-08-30 22:03:42.400,1493.950833333333
Pulse experiments,pioreactor01,2026-08-30T16:22:02.398Z,30.56,2026-08-30 22:07:02.398,1494.006388888889
Pulse experiments,pioreactor01,2026-08-30T16:25:22.412Z,30.56,2026-08-30 22:10:22.412,1494.061944444444
Pulse experiments,pioreactor01,2026-08-30T16:28:42.431Z,30.62,2026-08-30 22:13:42.431,1494.1175
Pulse experiments,pioreactor01,2026-08-30T16:32:02.389Z,30.62,2026-08-30 22:17:02.389,1494.173055555555
Pulse experiments,pioreactor01,2026-08-30T16:35:22.419Z,30.68,2026-08-30 22:20:22.419,1494.228611111111
Pulse experiments,pioreactor01,2026-08-30T16:38:42.418Z,30.69,2026-08-30 22:23:42.418,1494.284166666667
Pulse experiments,pioreactor01,2026-08-30T16:42:02.407Z,30.69,2026-08-30 22:27:02.407,1494.339722222222
Pulse experiments,pioreactor01,2026-08-30T16:45:22.424Z,30.73,2026-08-30 22:30:22.424,1494.395277777778
Pulse experiments,pioreactor01,2026-08-30T16:48:42.401Z,30.75,2026-08-30 22:33:42.401,1494.450833333333
Pulse experiments,pioreactor01,2026-08-30T16:52:02.418Z,30.69,2026-08-30 22:37:02.418,1494.506388888889
Pulse experiments,pioreactor01,2026-08-30T16:55:22.433Z,30.65,2026-08-30 22:40:22.433,1494.561944444444
Pulse experiments,pioreactor01,2026-08-30T16:58:42.401Z,30.62,2026-08-30 22:43:42.401,1494.6175
Pulse experiments,pioreactor01,2026-08-30T17:02:02.406Z,30.62,2026-08-30 22:47:02.406,1494.673055555555
Pulse experiments,pioreactor01,2026-08-30T17:05:22.675Z,30.56,2026-08-30 22:50:22.675,1494.728611111111
Pulse experiments,pioreactor01,2026-08-30T17:08:42.509Z,30.56,2026-08-30 22:53:42.509,1494.784166666667
Pulse experiments,pioreactor01,2026-08-30T17:12:02.411Z,30.56,2026-08-30 22:57:02.411,1494.839722222222
Pulse experiments,pioreactor01,2026-08-30T17:15:22.432Z,30.56,2026-08-30 23:00:22.432,1494.895277777778
Pulse experiments,pioreactor01,2026-08-30T17:18:42.425Z,30.51,2026-08-30 23:03:42.425,1494.950833333333
Pulse experiments,pioreactor01,2026-08-30T17:22:02.401Z,30.5,2026-08-30 23:07:02.401,1495.006388888889
Pulse experiments,pioreactor01,2026-08-30T17:25:22.428Z,30.5,2026-08-30 23:10:22.428,1495.061944444444
Pulse experiments,pioreactor01,2026-08-30T17:28:42.417Z,30.5,2026-08-30 23:13:42.417,1495.1175
Pulse experiments,pioreactor01,2026-08-30T17:32:02.400Z,30.49,2026-08-30 23:17:02.400,1495.173055555555
Pulse experiments,pioreactor01,2026-08-30T17:35:22.419Z,30.44,2026-08-30 23:20:22.419,1495.228611111111
Pulse experiments,pioreactor01,2026-08-30T17:38:42.419Z,30.44,2026-08-30 23:23:42.419,1495.284166666667
Pulse experiments,pioreactor01,2026-08-30T17:42:02.439Z,30.44,2026-08-30 23:27:02.439,1495.339722222222
Pulse experiments,pioreactor01,2026-08-30T17:45:22.416Z,30.44,2026-08-30 23:30:22.416,1495.395277777778
Pulse experiments,pioreactor01,2026-08-30T17:48:42.414Z,30.44,2026-08-30 23:33:42.414,1495.450833333333
Pulse experiments,pioreactor01,2026-08-30T17:52:02.427Z,30.44,2026-08-30 23:37:02.427,1495.506388888889
Pulse experiments,pioreactor01,2026-08-30T17:55:22.441Z,30.41,2026-08-30 23:40:22.441,1495.561944444444
Pulse experiments,pioreactor01,2026-08-30T17:58:42.419Z,30.39,2026-08-30 23:43:42.419,1495.6175
Pulse experiments,pioreactor01,2026-08-30T18:02:02.424Z,30.38,2026-08-30 23:47:02.424,1495.673055555555
Pulse experiments,pioreactor01,2026-08-30T18:05:22.426Z,30.38,2026-08-30 23:50:22.426,1495.728611111111
Pulse experiments,pioreactor01,2026-08-30T18:08:42.455Z,30.38,2026-08-30 23:53:42.455,1495.784166666667
Pulse experiments,pioreactor01,2026-08-30T18:12:02.416Z,30.36,2026-08-30 23:57:02.416,1495.839722222222
Pulse experiments,pioreactor01,2026-08-30T18:15:22.420Z,30.33,2026-08-31 00:00:22.420,1495.895277777778
Pulse experiments,pioreactor01,2026-08-30T18:18:42.426Z,30.31,2026-08-31 00:03:42.426,1495.950833333333
Pulse experiments,pioreactor01,2026-08-30T18:22:02.428Z,30.31,2026-08-31 00:07:02.428,1496.006388888889
Pulse experiments,pioreactor01,2026-08-30T18:25:22.418Z,30.26,2026-08-31 00:10:22.418,1496.061944444444
Pulse experiments,pioreactor01,2026-08-30T18:28:42.420Z,30.25,2026-08-31 00:13:42.420,1496.1175
Pulse experiments,pioreactor01,2026-08-30T18:32:02.420Z,30.25,2026-08-31 00:17:02.420,1496.173055555555
Pulse experiments,pioreactor01,2026-08-30T18:35:22.400Z,30.25,2026-08-31 00:20:22.400,1496.228611111111
Pulse experiments,pioreactor01,2026-08-30T18:38:42.420Z,30.23,2026-08-31 00:23:42.420,1496.284166666667
Pulse experiments,pioreactor01,2026-08-30T18:42:02.415Z,30.2,2026-08-31 00:27:02.415,1496.339722222222
Pulse experiments,pioreactor01,2026-08-30T18:45:22.520Z,30.19,2026-08-31 00:30:22.520,1496.395277777778
Pulse experiments,pioreactor01,2026-08-30T18:48:42.399Z,30.19,2026-08-31 00:33:42.399,1496.450833333333
Pulse experiments,pioreactor01,2026-08-30T18:52:02.426Z,30.19,2026-08-31 00:37:02.426,1496.506388888889
Pulse experiments,pioreactor01,2026-08-30T18:55:22.416Z,30.18,2026-08-31 00:40:22.416,1496.561944444444
Pulse experiments,pioreactor01,2026-08-30T18:58:42.439Z,30.17,2026-08-31 00:43:42.439,1496.6175
Pulse experiments,pioreactor01,2026-08-30T19:02:02.427Z,30.16,2026-08-31 00:47:02.427,1496.673055555555
Pulse experiments,pioreactor01,2026-08-30T19:05:22.435Z,30.12,2026-08-31 00:50:22.435,1496.728611111111
Pulse experiments,pioreactor01,2026-08-30T19:08:42.433Z,30.12,2026-08-31 00:53:42.433,1496.784166666667
Pulse experiments,pioreactor01,2026-08-30T19:12:02.406Z,30.12,2026-08-31 00:57:02.406,1496.839722222222
Pulse experiments,pioreactor01,2026-08-30T19:15:22.425Z,30.12,2026-08-31 01:00:22.425,1496.895277777778
Pulse experiments,pioreactor01,2026-08-30T19:18:42.427Z,30.12,2026-08-31 01:03:42.427,1496.950833333333
Pulse experiments,pioreactor01,2026-08-30T19:22:02.425Z,30.11,2026-08-31 01:07:02.425,1497.006388888889
Pulse experiments,pioreactor01,2026-08-30T19:25:22.430Z,30.1,2026-08-31 01:10:22.430,1497.061944444444
Pulse experiments,pioreactor01,2026-08-30T19:28:42.412Z,30.06,2026-08-31 01:13:42.412,1497.1175
Pulse experiments,pioreactor01,2026-08-30T19:32:02.421Z,30.06,2026-08-31 01:17:02.421,1497.173055555555
Pulse experiments,pioreactor01,2026-08-30T19:35:22.403Z,30.06,2026-08-31 01:20:22.403,1497.228611111111
Pulse experiments,pioreactor01,2026-08-30T19:38:42.455Z,30.06,2026-08-31 01:23:42.455,1497.284166666667
Pulse experiments,pioreactor01,2026-08-30T19:42:02.422Z,30.06,2026-08-31 01:27:02.422,1497.339722222222
Pulse experiments,pioreactor01,2026-08-30T19:45:22.417Z,30.04,2026-08-31 01:30:22.417,1497.395277777778
Pulse experiments,pioreactor01,2026-08-30T19:48:42.418Z,30.0,2026-08-31 01:33:42.418,1497.450833333333
Pulse experiments,pioreactor01,2026-08-30T19:52:02.391Z,30.0,2026-08-31 01:37:02.391,1497.506388888889
Pulse experiments,pioreactor01,2026-08-30T19:55:22.409Z,30.0,2026-08-31 01:40:22.409,1497.561944444444
Pulse experiments,pioreactor01,2026-08-30T19:58:42.414Z,30.0,2026-08-31 01:43:42.414,1497.6175
Pulse experiments,pioreactor01,2026-08-30T20:02:02.423Z,30.0,2026-08-31 01:47:02.423,1497.673055555555
Pulse experiments,pioreactor01,2026-08-30T20:05:22.436Z,30.0,2026-08-31 01:50:22.436,1497.728611111111
Pulse experiments,pioreactor01,2026-08-30T20:08:42.432Z,30.0,2026-08-31 01:53:42.432,1497.784166666667
Pulse experiments,pioreactor01,2026-08-30T20:12:02.403Z,29.99,2026-08-31 01:57:02.403,1497.839722222222
Pulse experiments,pioreactor01,2026-08-30T20:15:22.455Z,30.0,2026-08-31 02:00:22.455,1497.895277777778
Pulse experiments,pioreactor01,2026-08-30T20:18:42.418Z,29.99,2026-08-31 02:03:42.418,1497.950833333333
Pulse experiments,pioreactor01,2026-08-30T20:22:02.416Z,29.97,2026-08-31 02:07:02.416,1498.006388888889
Pulse experiments,pioreactor01,2026-08-30T20:25:22.424Z,29.95,2026-08-31 02:10:22.424,1498.061944444444
Pulse experiments,pioreactor01,2026-08-30T20:28:42.444Z,29.94,2026-08-31 02:13:42.444,1498.1175
Pulse experiments,pioreactor01,2026-08-30T20:32:02.421Z,29.94,2026-08-31 02:17:02.421,1498.173055555555
Pulse experiments,pioreactor01,2026-08-30T20:35:22.424Z,29.94,2026-08-31 02:20:22.424,1498.228611111111
Pulse experiments,pioreactor01,2026-08-30T20:38:42.411Z,29.94,2026-08-31 02:23:42.411,1498.284166666667
Pulse experiments,pioreactor01,2026-08-30T20:42:02.415Z,29.94,2026-08-31 02:27:02.415,1498.339722222222
Pulse experiments,pioreactor01,2026-08-30T20:45:22.428Z,29.94,2026-08-31 02:30:22.428,1498.395277777778
Pulse experiments,pioreactor01,2026-08-30T20:48:42.422Z,29.94,2026-08-31 02:33:42.422,1498.450833333333
Pulse experiments,pioreactor01,2026-08-30T20:52:02.411Z,29.92,2026-08-31 02:37:02.411,1498.506388888889
Pulse experiments,pioreactor01,2026-08-30T20:55:22.426Z,29.89,2026-08-31 02:40:22.426,1498.561944444444
Pulse experiments,pioreactor01,2026-08-30T20:58:42.415Z,29.88,2026-08-31 02:43:42.415,1498.6175
Pulse experiments,pioreactor01,2026-08-30T21:02:02.411Z,29.88,2026-08-31 02:47:02.411,1498.673055555555
Pulse experiments,pioreactor01,2026-08-30T21:05:22.452Z,29.88,2026-08-31 02:50:22.452,1498.728611111111
Pulse experiments,pioreactor01,2026-08-30T21:08:42.427Z,29.88,2026-08-31 02:53:42.427,1498.784166666667
Pulse experiments,pioreactor01,2026-08-30T21:12:02.421Z,29.86,2026-08-31 02:57:02.421,1498.839722222222
Pulse experiments,pioreactor01,2026-08-30T21:15:22.425Z,29.88,2026-08-31 03:00:22.425,1498.895277777778
Pulse experiments,pioreactor01,2026-08-30T21:18:42.411Z,29.88,2026-08-31 03:03:42.411,1498.950833333333
Pulse experiments,pioreactor01,2026-08-30T21:22:02.427Z,29.83,2026-08-31 03:07:02.427,1499.006388888889
Pulse experiments,pioreactor01,2026-08-30T21:25:22.434Z,29.83,2026-08-31 03:10:22.434,1499.061944444444
Pulse experiments,pioreactor01,2026-08-30T21:28:42.422Z,29.81,2026-08-31 03:13:42.422,1499.1175
Pulse experiments,pioreactor01,2026-08-30T21:32:02.420Z,29.81,2026-08-31 03:17:02.420,1499.173055555555
Pulse experiments,pioreactor01,2026-08-30T21:35:22.411Z,29.81,2026-08-31 03:20:22.411,1499.228611111111
Pulse experiments,pioreactor01,2026-08-30T21:38:42.406Z,29.81,2026-08-31 03:23:42.406,1499.284166666667
Pulse experiments,pioreactor01,2026-08-30T21:42:02.412Z,29.81,2026-08-31 03:27:02.412,1499.339722222222
Pulse experiments,pioreactor01,2026-08-30T21:45:22.431Z,29.81,2026-08-31 03:30:22.431,1499.395277777778
Pulse experiments,pioreactor01,2026-08-30T21:48:42.438Z,29.81,2026-08-31 03:33:42.438,1499.450833333333
Pulse experiments,pioreactor01,2026-08-30T21:52:02.408Z,29.81,2026-08-31 03:37:02.408,1499.506388888889
Pulse experiments,pioreactor01,2026-08-30T21:55:22.429Z,29.76,2026-08-31 03:40:22.429,1499.561944444444
Pulse experiments,pioreactor01,2026-08-30T21:58:42.430Z,29.76,2026-08-31 03:43:42.430,1499.6175
Pulse experiments,pioreactor01,2026-08-30T22:02:02.406Z,29.75,2026-08-31 03:47:02.406,1499.673055555555
Pulse experiments,pioreactor01,2026-08-30T22:05:22.418Z,29.75,2026-08-31 03:50:22.418,1499.728611111111
Pulse experiments,pioreactor01,2026-08-30T22:08:42.431Z,29.75,2026-08-31 03:53:42.431,1499.784166666667
Pulse experiments,pioreactor01,2026-08-30T22:12:02.421Z,29.75,2026-08-31 03:57:02.421,1499.839722222222
Pulse experiments,pioreactor01,2026-08-30T22:15:22.410Z,29.75,2026-08-31 04:00:22.410,1499.895277777778
Pulse experiments,pioreactor01,2026-08-30T22:18:42.407Z,29.75,2026-08-31 04:03:42.407,1499.950833333333
Pulse experiments,pioreactor01,2026-08-30T22:22:02.441Z,29.7,2026-08-31 04:07:02.441,1500.006388888889
Pulse experiments,pioreactor01,2026-08-30T22:25:22.425Z,29.69,2026-08-31 04:10:22.425,1500.061944444444
Pulse experiments,pioreactor01,2026-08-30T22:28:42.416Z,29.69,2026-08-31 04:13:42.416,1500.1175
Pulse experiments,pioreactor01,2026-08-30T22:32:02.413Z,29.69,2026-08-31 04:17:02.413,1500.173055555555
Pulse experiments,pioreactor01,2026-08-30T22:35:22.459Z,29.69,2026-08-31 04:20:22.459,1500.228611111111
Pulse experiments,pioreactor01,2026-08-30T22:38:42.422Z,29.69,2026-08-31 04:23:42.422,1500.284166666667
Pulse experiments,pioreactor01,2026-08-30T22:42:02.424Z,29.68,2026-08-31 04:27:02.424,1500.339722222222
Pulse experiments,pioreactor01,2026-08-30T22:45:22.426Z,29.64,2026-08-31 04:30:22.426,1500.395277777778
Pulse experiments,pioreactor01,2026-08-30T22:48:42.426Z,29.65,2026-08-31 04:33:42.426,1500.450833333333
Pulse experiments,pioreactor01,2026-08-30T22:52:02.418Z,29.62,2026-08-31 04:37:02.418,1500.506388888889
Pulse experiments,pioreactor01,2026-08-30T22:55:22.417Z,29.62,2026-08-31 04:40:22.417,1500.561944444444
Pulse experiments,pioreactor01,2026-08-30T22:58:42.411Z,29.62,2026-08-31 04:43:42.411,1500.6175
Pulse experiments,pioreactor01,2026-08-30T23:02:02.432Z,29.62,2026-08-31 04:47:02.432,1500.673055555555
Pulse experiments,pioreactor01,2026-08-30T23:05:22.412Z,29.62,2026-08-31 04:50:22.412,1500.728611111111
Pulse experiments,pioreactor01,2026-08-30T23:08:42.422Z,29.62,2026-08-31 04:53:42.422,1500.784166666667
Pulse experiments,pioreactor01,2026-08-30T23:12:02.420Z,29.58,2026-08-31 04:57:02.420,1500.839722222222
Pulse experiments,pioreactor01,2026-08-30T23:15:22.448Z,29.59,2026-08-31 05:00:22.448,1500.895277777778
Pulse experiments,pioreactor01,2026-08-30T23:18:42.400Z,29.56,2026-08-31 05:03:42.400,1500.950833333333
Pulse experiments,pioreactor01,2026-08-30T23:22:02.428Z,29.56,2026-08-31 05:07:02.428,1501.006388888889
Pulse experiments,pioreactor01,2026-08-30T23:25:22.418Z,29.56,2026-08-31 05:10:22.418,1501.061944444444
Pulse experiments,pioreactor01,2026-08-30T23:28:42.415Z,29.56,2026-08-31 05:13:42.415,1501.1175
Pulse experiments,pioreactor01,2026-08-30T23:32:02.429Z,29.55,2026-08-31 05:17:02.429,1501.173055555555
Pulse experiments,pioreactor01,2026-08-30T23:35:22.416Z,29.52,2026-08-31 05:20:22.416,1501.228611111111
Pulse experiments,pioreactor01,2026-08-30T23:38:42.419Z,29.53,2026-08-31 05:23:42.419,1501.284166666667
Pulse experiments,pioreactor01,2026-08-30T23:42:02.436Z,29.5,2026-08-31 05:27:02.436,1501.339722222222
Pulse experiments,pioreactor01,2026-08-30T23:45:22.403Z,29.5,2026-08-31 05:30:22.403,1501.395277777778
Pulse experiments,pioreactor01,2026-08-30T23:48:42.424Z,29.5,2026-08-31 05:33:42.424,1501.450833333333
Pulse experiments,pioreactor01,2026-08-30T23:52:02.416Z,29.5,2026-08-31 05:37:02.416,1501.506388888889
Pulse experiments,pioreactor01,2026-08-30T23:55:22.437Z,29.5,2026-08-31 05:40:22.437,1501.561944444444
Pulse experiments,pioreactor01,2026-08-30T23:58:42.410Z,29.47,2026-08-31 05:43:42.410,1501.6175
Pulse experiments,pioreactor01,2026-08-31T00:02:02.445Z,29.45,2026-08-31 05:47:02.445,1501.673055555555
Pulse experiments,pioreactor01,2026-08-31T00:05:22.418Z,29.45,2026-08-31 05:50:22.418,1501.728611111111
Pulse experiments,pioreactor01,2026-08-31T00:08:42.415Z,29.44,2026-08-31 05:53:42.415,1501.784166666667
Pulse experiments,pioreactor01,2026-08-31T00:12:02.412Z,29.44,2026-08-31 05:57:02.412,1501.839722222222
Pulse experiments,pioreactor01,2026-08-31T00:15:22.457Z,29.44,2026-08-31 06:00:22.457,1501.895277777778
Pulse experiments,pioreactor01,2026-08-31T00:18:42.430Z,29.44,2026-08-31 06:03:42.430,1501.950833333333
Pulse experiments,pioreactor01,2026-08-31T00:22:02.413Z,29.44,2026-08-31 06:07:02.413,1502.006388888889
Pulse experiments,pioreactor01,2026-08-31T00:25:22.417Z,29.44,2026-08-31 06:10:22.417,1502.061944444444
Pulse experiments,pioreactor01,2026-08-31T00:28:42.423Z,29.44,2026-08-31 06:13:42.423,1502.1175
Pulse experiments,pioreactor01,2026-08-31T00:32:02.398Z,29.4,2026-08-31 06:17:02.398,1502.173055555555
Pulse experiments,pioreactor01,2026-08-31T00:35:22.431Z,29.38,2026-08-31 06:20:22.431,1502.228611111111
Pulse experiments,pioreactor01,2026-08-31T00:38:42.419Z,29.38,2026-08-31 06:23:42.419,1502.284166666667
Pulse experiments,pioreactor01,2026-08-31T00:42:02.413Z,29.38,2026-08-31 06:27:02.413,1502.339722222222
Pulse experiments,pioreactor01,2026-08-31T00:45:22.412Z,29.38,2026-08-31 06:30:22.412,1502.395277777778
Pulse experiments,pioreactor01,2026-08-31T00:48:42.411Z,29.38,2026-08-31 06:33:42.411,1502.450833333333
Pulse experiments,pioreactor01,2026-08-31T00:52:02.411Z,29.36,2026-08-31 06:37:02.411,1502.506388888889
Pulse experiments,pioreactor01,2026-08-31T00:55:22.419Z,29.34,2026-08-31 06:40:22.419,1502.561944444444
Pulse experiments,pioreactor01,2026-08-31T00:58:42.414Z,29.31,2026-08-31 06:43:42.414,1502.6175
Pulse experiments,pioreactor01,2026-08-31T01:02:02.416Z,29.31,2026-08-31 06:47:02.416,1502.673055555555
Pulse experiments,pioreactor01,2026-08-31T01:05:22.427Z,29.31,2026-08-31 06:50:22.427,1502.728611111111
Pulse experiments,pioreactor01,2026-08-31T01:08:42.419Z,29.31,2026-08-31 06:53:42.419,1502.784166666667
Pulse experiments,pioreactor01,2026-08-31T01:12:02.421Z,29.31,2026-08-31 06:57:02.421,1502.839722222222
Pulse experiments,pioreactor01,2026-08-31T01:15:22.434Z,29.31,2026-08-31 07:00:22.434,1502.895277777778
Pulse experiments,pioreactor01,2026-08-31T01:18:42.407Z,29.3,2026-08-31 07:03:42.407,1502.950833333333
Pulse experiments,pioreactor01,2026-08-31T01:22:02.403Z,29.31,2026-08-31 07:07:02.403,1503.006388888889
Pulse experiments,pioreactor01,2026-08-31T01:25:22.420Z,29.28,2026-08-31 07:10:22.420,1503.061944444444
Pulse experiments,pioreactor01,2026-08-31T01:28:42.428Z,29.27,2026-08-31 07:13:42.428,1503.1175
Pulse experiments,pioreactor01,2026-08-31T01:32:02.440Z,29.26,2026-08-31 07:17:02.440,1503.173055555555
Pulse experiments,pioreactor01,2026-08-31T01:35:22.420Z,29.25,2026-08-31 07:20:22.420,1503.228611111111
Pulse experiments,pioreactor01,2026-08-31T01:38:42.407Z,29.25,2026-08-31 07:23:42.407,1503.284166666667
Pulse experiments,pioreactor01,2026-08-31T01:42:02.404Z,29.25,2026-08-31 07:27:02.404,1503.339722222222
Pulse experiments,pioreactor01,2026-08-31T01:45:22.427Z,29.25,2026-08-31 07:30:22.427,1503.395277777778
Pulse experiments,pioreactor01,2026-08-31T01:48:42.425Z,29.25,2026-08-31 07:33:42.425,1503.450833333333
Pulse experiments,pioreactor01,2026-08-31T01:52:02.434Z,29.25,2026-08-31 07:37:02.434,1503.506388888889
Pulse experiments,pioreactor01,2026-08-31T01:55:22.415Z,29.24,2026-08-31 07:40:22.415,1503.561944444444
Pulse experiments,pioreactor01,2026-08-31T01:58:42.435Z,29.22,2026-08-31 07:43:42.435,1503.6175
Pulse experiments,pioreactor01,2026-08-31T02:02:02.421Z,29.2,2026-08-31 07:47:02.421,1503.673055555555
Pulse experiments,pioreactor01,2026-08-31T02:05:22.429Z,29.19,2026-08-31 07:50:22.429,1503.728611111111
Pulse experiments,pioreactor01,2026-08-31T02:08:42.425Z,29.19,2026-08-31 07:53:42.425,1503.784166666667
Pulse experiments,pioreactor01,2026-08-31T02:12:02.425Z,29.19,2026-08-31 07:57:02.425,1503.839722222222
Pulse experiments,pioreactor01,2026-08-31T02:15:22.430Z,29.19,2026-08-31 08:00:22.430,1503.895277777778
Pulse experiments,pioreactor01,2026-08-31T02:18:42.420Z,29.15,2026-08-31 08:03:42.420,1503.950833333333
Pulse experiments,pioreactor01,2026-08-31T02:22:02.434Z,29.14,2026-08-31 08:07:02.434,1504.006388888889
Pulse experiments,pioreactor01,2026-08-31T02:25:22.429Z,29.12,2026-08-31 08:10:22.429,1504.061944444444
Pulse experiments,pioreactor01,2026-08-31T02:28:42.435Z,29.12,2026-08-31 08:13:42.435,1504.1175
Pulse experiments,pioreactor01,2026-08-31T02:32:02.416Z,29.12,2026-08-31 08:17:02.416,1504.173055555555
Pulse experiments,pioreactor01,2026-08-31T02:35:22.417Z,29.06,2026-08-31 08:20:22.417,1504.228611111111
Pulse experiments,pioreactor01,2026-08-31T02:38:42.422Z,29.17,2026-08-31 08:23:42.422,1504.284166666667
Pulse experiments,pioreactor01,2026-08-31T02:42:02.421Z,29.06,2026-08-31 08:27:02.421,1504.339722222222
Pulse experiments,pioreactor01,2026-08-31T02:45:22.447Z,29.2,2026-08-31 08:30:22.447,1504.395277777778
Pulse experiments,pioreactor01,2026-08-31T02:48:42.411Z,29.06,2026-08-31 08:33:42.411,1504.450833333333
Pulse experiments,pioreactor01,2026-08-31T02:50:15.906Z,29.166666666667,2026-08-31 08:35:15.906,1504.476666666667
Pulse experiments,pioreactor01,2026-08-31T02:53:42.113Z,28.87,2026-08-31 08:38:42.113,1504.534166666667
Pulse experiments,pioreactor01,2026-08-31T02:57:02.114Z,28.95,2026-08-31 08:42:02.114,1504.589722222222
Pulse experiments,pioreactor01,2026-08-31T03:00:22.116Z,29.07,2026-08-31 08:45:22.116,1504.645277777778
Pulse experiments,pioreactor01,2026-08-31T03:03:42.114Z,29.53,2026-08-31 08:48:42.114,1504.700833333333
Pulse experiments,pioreactor01,2026-08-31T03:07:02.123Z,30.41,2026-08-31 08:52:02.123,1504.756388888889
Pulse experiments,pioreactor01,2026-08-31T03:10:22.115Z,31.03,2026-08-31 08:55:22.115,1504.811944444444
Pulse experiments,pioreactor01,2026-08-31T03:13:42.119Z,32.5,2026-08-31 08:58:42.119,1504.8675
Pulse experiments,pioreactor01,2026-08-31T03:17:02.100Z,33.73,2026-08-31 09:02:02.100,1504.923055555555
Pulse experiments,pioreactor01,2026-08-31T03:20:22.100Z,34.76,2026-08-31 09:05:22.100,1504.978611111111
Pulse experiments,pioreactor01,2026-08-31T03:23:42.106Z,35.45,2026-08-31 09:08:42.106,1505.034166666667
Pulse experiments,pioreactor01,2026-08-31T03:27:02.111Z,36.08,2026-08-31 09:12:02.111,1505.089722222222
Pulse experiments,pioreactor01,2026-08-31T03:30:22.105Z,36.13,2026-08-31 09:15:22.105,1505.145277777778
Pulse experiments,pioreactor01,2026-08-31T03:33:42.110Z,36.14,2026-08-31 09:18:42.110,1505.200833333333
Pulse experiments,pioreactor01,2026-08-31T03:37:02.109Z,35.78,2026-08-31 09:22:02.109,1505.256388888889
Pulse experiments,pioreactor01,2026-08-31T03:40:22.100Z,35.66,2026-08-31 09:25:22.100,1505.311944444444
Pulse experiments,pioreactor01,2026-08-31T03:43:42.103Z,35.41,2026-08-31 09:28:42.103,1505.3675
Pulse experiments,pioreactor01,2026-08-31T03:47:02.123Z,35.02,2026-08-31 09:32:02.123,1505.423055555555
Pulse experiments,pioreactor01,2026-08-31T03:50:22.108Z,34.64,2026-08-31 09:35:22.108,1505.478611111111
Pulse experiments,pioreactor01,2026-08-31T03:53:42.108Z,34.38,2026-08-31 09:38:42.108,1505.534166666667
