timestamp,run_key,volume_ml,pred_norm_od,norm_od,pred_growth_rate,growth_rate,pred_co2_ppm,co2_ppm,pred_od_45,od_45,pred_od_90,od_90,pred_od_135,od_135,pred_nm_415,nm_415,pred_nm_445,nm_445,pred_nm_480,nm_480,pred_nm_515,nm_515,pred_nm_555,nm_555,pred_nm_590,nm_590,pred_nm_630,nm_630,pred_nm_680,nm_680
2026-07-13 16:50:00+00:00,sine:chem:salt:20260715130728,13.001333,0.84731644,0.8094585959914562,0.025822608,0.0460538074952456,0.032228164,,0.18178415,0.19197419348875,0.30688038,0.3017575727974499,0.22288635,0.21574369868255,0.04282977,0.0404986979166666,0.3579787,0.3363531901041667,0.40360886,0.3761432291666667,0.4540511,0.4250172526041667,0.5076417,0.477208984375,0.5020103,0.4734430338541667,0.49145916,0.4677779947916666,0.28503528,0.272029296875
2026-07-13 16:55:00+00:00,sine:chem:salt:20260715130728,13.001333,0.86064565,0.8053120362741607,0.025514908,0.04512860466775,0.037368506,,0.17884997,0.1935033755503833,0.30577263,0.3038983544947667,0.22394744,0.2154964556530666,0.04301955,0.0404069010416666,0.3602763,0.335384765625,0.40571806,0.3749368489583333,0.45643407,0.4242265625,0.5108342,0.4765234375,0.5042659,0.47279296875,0.4937473,0.4671868489583333,0.2869905,0.2716591796875
2026-07-13 17:00:00+00:00,sine:chem:salt:20260715130728,13.001333,0.87488,0.8074694447867091,0.025279218,0.0392206011162545,0.041392893,,0.17741536,0.1930758485417333,0.30488473,0.3040272005141333,0.22461744,0.2159604952888833,0.043171972,0.04046875,0.36173108,0.3358828125,0.4073732,0.3755100911458333,0.45827767,0.4248948567708333,0.51319474,0.4770400390625,0.50577587,0.4733473307291666,0.49547872,0.4676520182291667,0.28827664,0.2719993489583333
2026-07-13 17:05:00+00:00,sine:chem:salt:20260715130728,13.001333,0.8829695,0.8094611170620566,0.025130074,0.0349071712110943,0.04380302,,0.17649391,0.1921638317075166,0.30433035,0.3033825905039333,0.22500768,0.2162536436970833,0.04326515,0.0405237630208333,0.3625598,0.3363505859375,0.40832525,0.3761142578124999,0.45934302,0.4256044921875,0.5145656,0.477931640625,0.5066724,0.4741012369791667,0.49644768,0.4685100911458333,0.2890263,0.2724964192708333
2026-07-13 17:10:00+00:00,sine:chem:salt:20260715130728,13.001333,0.888127,0.811172980196228,0.025028499,0.0307312247123157,0.045427606,,0.17579147,0.1916794840849,0.30392793,0.3031900489722166,0.22527984,0.21656120304155,0.043330446,0.0405953776041666,0.363109,0.3368382161458333,0.40894815,0.3766650390625,0.46004593,0.4263125,0.51546496,0.4787561848958333,0.5073269,0.4747861328125,0.49708045,0.4691783854166667,0.28953338,0.272849609375
2026-07-13 17:15:00+00:00,sine:chem:salt:20260715130728,13.001333,0.89241356,0.8129772047362778,0.024948422,0.0289196698528518,0.04674518,,0.17517784,0.1912458529215167,0.30357406,0.3028324773751833,0.22551759,0.2170391301910666,0.043386668,0.0406774088541666,0.3635619,0.3375628255208333,0.40945953,0.3774785156249999,0.460628,0.4272779947916666,0.51618755,0.4797021484375,0.5079339,0.4758528645833333,0.49761835,0.4700478515625,0.28995517,0.2733896484375
2026-07-13 17:20:00+00:00,sine:chem:salt:20260715130728,13.001333,0.8967651,0.8147719728291053,0.024876479,0.0280319192338245,0.047977984,,0.17459464,0.1904757076900833,0.3032228,0.3025560628019666,0.2257575,0.2173797369727,0.043442313,0.0407301432291666,0.36400092,0.3381490885416667,0.4099589,0.3781318359375,0.46119887,0.4280791015625,0.5168712,0.4805192057291666,0.50857264,0.4768597005208333,0.49816766,0.4708945312499999,0.2903626,0.2739475911458333
2026-07-13 17:25:00+00:00,sine:chem:salt:20260715130728,13.001333,0.9015288,0.8173245917618001,0.024806486,0.0324419549912363,0.04921881,,0.17401767,0.1898270102719666,0.3028573,0.3021774752067333,0.22601269,0.2179301856509833,0.043500558,0.0408118489583333,0.36445826,0.33869921875,0.41048518,0.3788199869791667,0.4618008,0.4290322265625,0.5175728,0.4816744791666666,0.50926685,0.4777646484375,0.4987664,0.4718222656249999,0.29078352,0.2745152994791667
2026-07-13 17:30:00+00:00,sine:chem:salt:20260715130728,13.001333,0.90678495,0.8197511171108421,0.024735868,0.0337793957383333,0.050501436,,0.17343831,0.1891655838308666,0.30247355,0.30185227060145,0.22628589,0.2183610274096,0.04356218,0.0409345703125,0.36494341,0.339697265625,0.41104943,0.3799583333333333,0.46244532,0.4302190755208333,0.5183116,0.4829928385416667,0.5100171,0.4789833984375,0.49942222,0.4729215494791666,0.29122636,0.2751809895833333
2026-07-13 17:35:00+00:00,sine:chem:salt:20260715130728,13.001333,0.91250557,0.8223469128609492,0.024663728,0.035447934923305,0.051834233,,0.17285472,0.1885640589725666,0.3020727,0.3014116932465333,0.22657561,0.2188459601512666,0.043626998,0.0410152994791666,0.36545628,0.3402451171875,0.41165093,0.3807470703125,0.46313125,0.4310520833333333,0.5190902,0.4840240885416666,0.5108156,0.4799651692708334,0.50013065,0.473921875,0.29169133,0.2758639322916666
2026-07-13 17:40:00+00:00,sine:chem:salt:20260715130728,13.001333,0.9186267,0.8251157494612882,0.02458994,0.0376136773604237,0.05321552,,0.17226778,0.1876610634315,0.30165768,0.3010249708042666,0.22687905,0.2193418356604166,0.043694496,0.0411178385416666,0.36599332,0.341076171875,0.4122848,0.38182421875,0.4638528,0.4320598958333333,0.51990473,0.4849430338541667,0.5116528,0.4809169921875,0.5008834,0.4747200520833333,0.29217568,0.2763450520833333
2026-07-13 17:45:00+00:00,sine:chem:salt:20260715130728,13.001333,0.9250796,0.8277165297909824,0.024514679,0.0378335069653333,0.054640576,,0.17167914,0.1869522877269333,0.30123144,0.3005795718870166,0.22719322,0.2198199247873166,0.043764118,0.0411858723958333,0.36655024,0.3416487630208333,0.41294515,0.3824202473958333,0.46460342,0.43279296875,0.52074945,0.4860341796874999,0.51252,0.481841796875,0.50167197,0.4755621744791666,0.29267594,0.2768603515625
2026-07-13 17:50:00+00:00,sine:chem:salt:20260715130728,13.001333,0.93180287,0.8302630945978,0.024438204,0.0372433432962727,0.056104206,,0.17109048,0.1864382807013999,0.3007967,0.3002162958820667,0.22751556,0.22026012814135,0.043835368,0.0412386067708333,0.367123,0.342173828125,0.4136265,0.3830338541666666,0.465377,0.4335257161458333,0.5216186,0.4868111979166666,0.5134099,0.4826126302083333,0.5024888,0.4763160807291667,0.2931889,0.2773372395833333
2026-07-13 17:55:00+00:00,sine:chem:salt:20260715130728,12.084666,0.8910289,0.8058104238969822,0.024844013,0.0352901324821964,0.047634266,,0.17350936,0.1919973267395666,0.30287164,0.3046221234825166,0.22587895,0.2156491855085666,0.043445714,0.0402916666666666,0.36396873,0.3335771484374999,0.4093556,0.3728883463541666,0.46075857,0.4229427083333333,0.5164766,0.4750227864583333,0.5086296,0.4708971354166666,0.49785697,0.4649609375,0.29019862,0.2701481119791667
2026-07-13 18:00:00+00:00,sine:chem:salt:20260715130728,12.084666,0.90604615,0.806426870220386,0.024685714,0.0363809343422807,0.050362103,,0.17243457,0.1917662886692666,0.30200502,0.3051157581933666,0.22655474,0.2160294498446833,0.043592572,0.0403079427083333,0.3652307,0.3334069010416666,0.41090253,0.3727259114583333,0.46247095,0.4230625,0.51845515,0.475220703125,0.51047844,0.4710602213541666,0.4997208,0.46509765625,0.2913653,0.2702373046875
2026-07-13 18:05:00+00:00,sine:chem:salt:20260715130728,12.084666,0.9158447,0.8095585638431356,0.024581527,0.0416049150884745,0.05227267,,0.17168733,0.1909492480724166,0.30141932,0.3047611963966667,0.22700891,0.2167228684663333,0.04369052,0.0403580729166666,0.36605752,0.3338059895833333,0.41191638,0.3733818359375,0.46359462,0.4238955078125,0.5197545,0.4762526041666666,0.51171136,0.4719944661458333,0.5009312,0.4660377604166666,0.29212677,0.2708268229166666
2026-07-13 18:10:00+00:00,sine:chem:salt:20260715130728,12.084666,0.92351687,0.8123805273633214,0.024498723,0.0417769785080178,0.053817287,,0.17107649,0.1899668890195666,0.30095175,0.30428210876095,0.22736937,0.2170320154828,0.043768376,0.0404378255208333,0.36670643,0.3344469401041666,0.4127069,0.3740826822916666,0.46447557,0.4247701822916667,0.52076465,0.4773072916666666,0.5126881,0.4729840494791666,0.5018728,0.466927734375,0.2927176,0.2713610026041666
2026-07-13 18:15:00+00:00,sine:chem:salt:20260715130728,12.084666,0.9302327,0.8149929169947931,0.024425898,0.0400075693226724,0.055194147,,0.17053348,0.1891265776826666,0.30053926,0.3038009433714833,0.22768569,0.2175563899556999,0.043836866,0.0405358072916666,0.36727363,0.3351057942708333,0.41339314,0.37485546875,0.46524435,0.4257809244791666,0.5216394,0.4781910807291666,0.5135461,0.4738626302083333,0.502692,0.4676334635416667,0.29322872,0.2718430989583333
2026-07-13 18:20:00+00:00,sine:chem:salt:20260715130728,12.084666,0.93649405,0.8176408306914738,0.024358174,0.0397367703468771,0.056491777,,0.1700286,0.1883332576568833,0.30015466,0.3032837670452833,0.22797936,0.2180291979169166,0.043900613,0.0406142578125,0.36780018,0.3356487630208333,0.41402686,0.3755397135416666,0.46595705,0.4266227213541667,0.5224462,0.4792373046875,0.51434463,0.47478125,0.5034515,0.468564453125,0.2936997,0.2724104817708334
2026-07-13 18:25:00+00:00,sine:chem:salt:20260715130728,12.084666,0.94253415,0.8207599934956843,0.024293227,0.0423683257278596,0.05775185,,0.16954729,0.1875160545725333,0.2997851,0.3027859205807,0.22826058,0.21863508836995,0.043961793,0.0406809895833333,0.36830524,0.3362529296875,0.41463256,0.3762190755208333,0.46664003,0.4274794921875,0.52321714,0.4801800130208333,0.51511157,0.4756490885416667,0.5041805,0.4693492838541667,0.2941494,0.2728655598958333
2026-07-13 18:30:00+00:00,sine:chem:salt:20260715130728,12.084666,0.9484683,0.8237523794504561,0.024229875,0.0425570578055614,0.05899526,,0.16908169,0.1865996565152666,0.29942417,0.3022418780352,0.22853453,0.2191638116708333,0.04402152,0.0408063151041666,0.36879843,0.3371474609375,0.4152227,0.3771979166666667,0.46730655,0.4287659505208333,0.52396834,0.4817900390625,0.51586086,0.4771643880208333,0.50489324,0.470736328125,0.2945873,0.2737001953125
2026-07-13 18:35:00+00:00,sine:chem:salt:20260715130728,12.084666,0.954357,0.8267600722360509,0.024167465,0.0434131398001355,0.06023337,,0.16862717,0.1857223267172666,0.29906824,0.30169460688675,0.22880402,0.2197783195206,0.044080395,0.0408522135416666,0.36928493,0.33781640625,0.41580397,0.3779833984375,0.46796376,0.4295758463541667,0.5247085,0.4825208333333333,0.5166001,0.477958984375,0.5055975,0.4715328776041667,0.29501858,0.274171875
2026-07-13 18:40:00+00:00,sine:chem:salt:20260715130728,12.084666,0.9602344,0.8301665175401897,0.024105623,0.0456262795487758,0.061473116,,0.16818088,0.18504181747545,0.2987152,0.30138753764305,0.22907071,0.2204035770119499,0.04413877,0.0409267578125,0.36976776,0.338384765625,0.4163802,0.3786399739583333,0.46861574,0.4304466145833333,0.5254427,0.48337109375,0.51733357,0.4787652994791667,0.50629735,0.4722353515625,0.29544616,0.2746442057291666
2026-07-13 18:45:00+00:00,sine:chem:salt:20260715130728,12.084666,0.9661209,0.8341672573148448,0.024044115,0.049014069490862,0.062718764,,0.16774088,0.1835946584379333,0.29836378,0.3005273673935166,0.22933558,0.2215762345974666,0.044196866,0.0410641276041666,0.37024876,0.3394886067708333,0.41695374,0.3799814453125,0.46926507,0.4319147135416666,0.526174,0.4851461588541667,0.51806414,0.4804401041666667,0.5069956,0.4737555338541667,0.2958719,0.2756025390625
2026-07-13 18:50:00+00:00,sine:chem:salt:20260715130728,12.084666,0.9720302,0.8389210854508246,0.023982782,0.0549018741421579,0.06397363,,0.16730586,0.1827299258060833,0.29801303,0.2999263363686166,0.22959931,0.222208794327,0.04425484,0.0412024739583333,0.37072924,0.3405748697916666,0.41752622,0.38123828125,0.46991345,0.433322265625,0.5269044,0.4866168619791667,0.5187936,0.4818902994791667,0.5076938,0.4751204427083333,0.29629704,0.2764293619791667
2026-07-13 18:55:00+00:00,sine:chem:salt:20260715130728,11.167999,0.9289281,0.8140528219412,0.024397854,0.0573085476660833,0.05454959,,0.16966826,0.1890357815337666,0.30017608,0.3043422748434166,0.22795506,0.2173474803303,0.04385165,0.0402057291666666,0.36748582,0.3317679036458333,0.41315138,0.3708649088541666,0.4651738,0.4224723307291667,0.52161777,0.4746442057291666,0.5138497,0.4697194010416667,0.5029183,0.4636022135416667,0.29321235,0.2691848958333333
2026-07-13 19:00:00+00:00,sine:chem:salt:20260715130728,11.167999,0.94291615,0.8150293138254385,0.02426026,0.0532764841213157,0.057163104,,0.16881183,0.1888038367899833,0.29941577,0.30446217437855,0.22853938,0.2175265818804166,0.04398123,0.04025390625,0.3686152,0.3321090494791666,0.4145374,0.371294921875,0.46670294,0.4231832682291667,0.5233988,0.4754186197916666,0.5154848,0.4705260416666667,0.5046068,0.4643274739583333,0.29426068,0.2696087239583333
2026-07-13 19:05:00+00:00,sine:chem:salt:20260715130728,11.167999,0.9515062,0.8180890534877719,0.0241749,0.0491006626365614,0.05886209,,0.16824524,0.1881371140531,0.29893237,0.30423297418955,0.22891164,0.2181789883384333,0.044062484,0.0403489583333333,0.36931401,0.3328694661458333,0.415396,0.3721959635416667,0.46765056,0.4243046875,0.5245052,0.4767067057291667,0.5165111,0.4718430989583334,0.50564206,0.4655436197916666,0.29490653,0.2703395182291667
2026-07-13 19:10:00+00:00,sine:chem:salt:20260715130728,11.167999,0.95787644,0.8205095317973167,0.024110261,0.0434082412098999,0.06015578,,0.16779879,0.1873179617590666,0.2985654,0.3037574961387499,0.22919363,0.2186699665927833,0.04412382,0.0404293619791666,0.36983564,0.3334505208333333,0.41603214,0.3729300130208333,0.4683568,0.4252141927083333,0.52532274,0.4778636067708333,0.51728344,0.4729560546874999,0.50640655,0.4665670572916667,0.29538247,0.2709339192708333
2026-07-13 19:15:00+00:00,sine:chem:salt:20260715130728,11.167999,0.9632329,0.8238303803138245,0.02405529,0.0455674100950175,0.06126348,,0.16741131,0.1863433094128166,0.29825258,0.3031495734835,0.22943284,0.2195766482859666,0.044175882,0.0405299479166666,0.3702754,0.3343203125,0.41656357,0.3739791666666666,0.46895072,0.4264016927083333,0.52600425,0.4790725911458333,0.5179378,0.4740602213541667,0.5070466,0.4676100260416666,0.2957788,0.2716647135416667
2026-07-13 19:20:00+00:00,sine:chem:salt:20260715130728,11.167999,0.96809644,0.8280010114012033,0.024005225,0.0494471631622711,0.062282413,,0.16705623,0.1849422053157333,0.2979669,0.3023852934038833,0.22965008,0.2206336583713833,0.04422327,0.0406868489583333,0.37067422,0.3356461588541666,0.41704196,0.3756126302083333,0.46948814,0.4282138671875,0.52661705,0.481044921875,0.5185333,0.4761702473958333,0.50762516,0.4695794270833333,0.2961351,0.2727805989583333
2026-07-13 19:25:00+00:00,sine:chem:salt:20260715130728,11.167999,0.9727116,0.8337248179526724,0.023957789,0.0552018045101206,0.06325802,,0.16672045,0.1837518739101666,0.29769567,0.3016993560784833,0.22985536,0.2215185795645333,0.044268183,0.0408277994791666,0.3710513,0.33675390625,0.41749203,0.3768857421875,0.4699956,0.4298430989583333,0.5271933,0.4828587239583333,0.51909775,0.4778284505208333,0.50817186,0.4711490885416667,0.29647014,0.2737744140625
2026-07-13 19:30:00+00:00,sine:chem:salt:20260715130728,11.167999,0.97720057,0.8384211606766545,0.023911815,0.0587302464905454,0.064213,,0.1663968,0.1828599527851333,0.29743236,0.3011272107342334,0.23005378,0.2222592953543999,0.04431172,0.0409261067708333,0.37141642,0.3374947916666667,0.41792634,0.3776953125,0.4704865,0.43094140625,0.5277495,0.4841402994791667,0.51964533,0.4789156901041666,0.5087015,0.4721901041666667,0.2967935,0.2743567708333333
2026-07-13 19:35:00+00:00,sine:chem:salt:20260715130728,11.167999,0.9816279,0.8420738944136297,0.023866668,0.0560640074243888,0.06515925,,0.16608122,0.1820857937489333,0.29717347,0.3005766707072833,0.23024815,0.2229574490946833,0.04435449,0.0410185546875,0.37177482,0.3381904296875,0.4183517,0.3786171875,0.47096804,0.4320126953125,0.52829444,0.4851604817708333,0.5201837,0.4799918619791666,0.5092219,0.4730725911458334,0.29711035,0.274966796875
2026-07-13 19:40:00+00:00,sine:chem:salt:20260715130728,11.167999,0.9860299,0.8454225436519474,0.02382198,0.0527409535358421,0.066103734,,0.16577114,0.1811943268352999,0.296917,0.2999792775824167,0.23044012,0.2234920336936667,0.04439684,0.041103515625,0.3721295,0.3389951171875,0.4187721,0.3794671223958333,0.47144446,0.4330690104166667,0.5288332,0.4863212890625,0.52071697,0.4810966796875,0.5097375,0.4742233072916667,0.29742363,0.275658203125
2026-07-13 19:45:00+00:00,sine:chem:salt:20260715130728,11.167999,0.9904288,0.8487734448668001,0.023777526,0.0503928431119166,0.0670508,,0.16546491,0.1804794273833666,0.29666165,0.2996145775577,0.2306307,0.22427368620875,0.044438988,0.0412027994791666,0.3724824,0.3396611328125,0.41918996,0.3803391927083333,0.47191834,0.4341070963541666,0.52936894,0.4875791015625,0.521248,0.4821604817708333,0.51025105,0.4751881510416667,0.2977352,0.27625390625
2026-07-13 19:50:00+00:00,sine:chem:salt:20260715130728,11.167999,0.9948384,0.8521466527651071,0.023733161,0.0491305120717321,0.0680033,,0.1651614,0.1795825132565166,0.2964066,0.2990062149909,0.2308205,0.22486310504525,0.04448107,0.0412958984375,0.37283474,0.3404137369791666,0.4196068,0.3811917317708333,0.47239137,0.4351510416666667,0.52990365,0.4888642578125,0.5217784,0.4834016927083333,0.5107643,0.4763639322916667,0.2980462,0.2769192708333333
2026-07-13 19:55:00+00:00,sine:chem:salt:20260715130728,10.251332,0.9496734,0.8349392845653509,0.024160495,0.0480460708036666,0.057921447,,0.16752443,0.183838940547,0.298651,0.3019516301239833,0.22914243,0.2214009492052166,0.044064827,0.0405416666666666,0.3694861,0.3341793619791666,0.41511393,0.3737067057291667,0.46751505,0.4270504557291666,0.5244554,0.479466796875,0.5166704,0.4742109375,0.5058241,0.4674993489583333,0.2948663,0.271376953125
2026-07-13 20:00:00+00:00,sine:chem:salt:20260715130728,10.251332,0.96215534,0.83605663092,0.024042346,0.0475374785147017,0.06029299,,0.16683415,0.1834479099087333,0.29799607,0.30188366862545,0.22963889,0.2218612464258666,0.04417694,0.0406057942708333,0.37047216,0.3346822916666667,0.4163244,0.3743128255208333,0.46884626,0.427826171875,0.52601856,0.4803128255208333,0.51808614,0.4750852864583333,0.50730824,0.4682099609375,0.2957883,0.2718238932291666
2026-07-13 20:05:00+00:00,sine:chem:salt:20260715130728,10.251332,0.9692117,0.8393039069296785,0.023974841,0.0476179029921964,0.06170416,,0.16640955,0.1825147079243666,0.29761222,0.3014167988600499,0.22993192,0.2225178325920833,0.044241697,0.0407294921875,0.37103558,0.3355305989583333,0.41701877,0.3753802083333333,0.46960866,0.429033203125,0.52691835,0.4818655598958333,0.5189053,0.4763372395833333,0.50814855,0.4693593749999999,0.29631406,0.2725651041666667
2026-07-13 20:10:00+00:00,sine:chem:salt:20260715130728,10.251332,0.9740436,0.8425429851444484,0.023927376,0.0466627379063965,0.062693216,,0.16609457,0.1816344034246667,0.29734188,0.30065346667185,0.2301386,0.2231012533857,0.044287022,0.04081640625,0.3714256,0.3362259114583333,0.41749614,0.3762180989583333,0.4701357,0.4301533203125,0.52753526,0.4831790364583333,0.51947653,0.4774886067708334,0.50872284,0.4705312499999999,0.2966733,0.2732666015625
2026-07-13 20:15:00+00:00,sine:chem:salt:20260715130728,10.251332,0.9778595,0.8462445097408136,0.023889225,0.0491603573168474,0.06348851,,0.16583298,0.18084942765305,0.2971241,0.3001731038973833,0.23030452,0.2238677378510666,0.04432333,0.0409270833333333,0.37173575,0.3370830078125,0.4178717,0.3772945963541667,0.47055352,0.4313203124999999,0.5280193,0.4845416666666667,0.5199331,0.4788167317708333,0.5091752,0.4717486979166667,0.29695475,0.2739827473958333
2026-07-13 20:20:00+00:00,sine:chem:salt:20260715130728,10.251332,0.9811783,0.8498421795997627,0.023855785,0.0499606449931355,0.064190045,,0.16560045,0.1799286367075333,0.29693264,0.2994891313912333,0.2304496,0.2246141788566166,0.044355113,0.0410273437499999,0.37200594,0.3379847005208333,0.4181958,0.3783063151041667,0.4709165,0.432552734375,0.5284363,0.4858772786458333,0.5203324,0.4800738932291667,0.5095672,0.4729410807291667,0.29719713,0.2747314453125
2026-07-13 20:25:00+00:00,sine:chem:salt:20260715130728,10.251332,0.9842416,0.8536778043846035,0.02382487,0.051301030207862,0.06484404,,0.16538501,0.1791019869900666,0.2967552,0.2990120324267499,0.23058334,0.2252993086014833,0.044384483,0.0411204427083333,0.37225485,0.3386204427083333,0.41849226,0.379099609375,0.47125024,0.4335891927083333,0.5288174,0.4869720052083333,0.5207015,0.4812210286458333,0.5099277,0.4740276692708333,0.29741868,0.2753590494791667
2026-07-13 20:30:00+00:00,sine:chem:salt:20260715130728,10.251332,0.9871687,0.8573024976681636,0.023795374,0.0511621180552,0.06547308,,0.1651802,0.1782601456788,0.29658562,0.2984206682432333,0.23071055,0.2259320827232,0.044412505,0.041208984375,0.37249175,0.3393766276041666,0.41877314,0.380005859375,0.47156754,0.4347360026041666,0.52917844,0.4881419270833333,0.52105385,0.4824889322916667,0.51027095,0.4751686197916667,0.29762855,0.27609765625
2026-07-13 20:35:00+00:00,sine:chem:salt:20260715130728,10.251332,0.9900223,0.8609258459155,0.02376669,0.0508973978285555,0.06608889,,0.16498226,0.1775145648284,0.29642057,0.2980108426233167,0.23083392,0.2266790860840333,0.044439748,0.0413154296875,0.37272167,0.340123046875,0.41904497,0.3809137369791667,0.47187528,0.4358414713541666,0.5295279,0.4895885416666666,0.52139664,0.4836318359375,0.51060444,0.476294921875,0.29783168,0.2767897135416666
2026-07-13 20:40:00+00:00,sine:chem:salt:20260715130728,10.251332,0.9928373,0.8644191932070926,0.023738481,0.0497797158742963,0.06669812,,0.16478887,0.1766529734574666,0.29625815,0.2974184214278,0.23095493,0.2273092136577,0.04446654,0.0414049479166666,0.3729475,0.34088671875,0.41931143,0.3817695312499999,0.47217742,0.4369130859375,0.5298705,0.4907555338541666,0.521734,0.4847747395833333,0.51093245,0.4772347005208333,0.2980309,0.2774088541666666
2026-07-13 20:45:00+00:00,sine:chem:salt:20260715130728,10.251332,0.9956342,0.8674776104701754,0.023710538,0.0475105041870877,0.06730472,,0.16459858,0.1759632338501,0.29609722,0.29680894648155,0.23107454,0.2279872122216833,0.04449308,0.0415022786458333,0.373171,0.3416585286458333,0.4195748,0.3826725260416667,0.47247633,0.4381162109375,0.53020924,0.4922718098958333,0.5220683,0.4861901041666667,0.5112574,0.4786103515625,0.29822788,0.2782451171875
2026-07-13 20:50:00+00:00,sine:chem:salt:20260715130728,10.251332,0.99842614,0.8710237366138772,0.023682728,0.0481520726536842,0.06791139,,0.16441034,0.1750559889256,0.29593697,0.29629261940175,0.23119335,0.2287351039765,0.044519488,0.0415983072916666,0.37339324,0.3424091796875,0.41983655,0.3835989583333333,0.4727736,0.4391725260416666,0.530546,0.4934466145833333,0.5224012,0.4873538411458333,0.511581,0.479671875,0.29842374,0.278890625
2026-07-13 20:55:00+00:00,sine:chem:salt:20260715130728,9.334665,0.95180506,0.8476647633511551,0.024123197,0.049835231269362,0.057489164,,0.16683096,0.1807168505780333,0.29825267,0.30054602641505,0.2294687,0.2242908755466666,0.044092033,0.0408082682291666,0.36994752,0.3358590494791666,0.41524014,0.375611328125,0.46777663,0.430126953125,0.5249543,0.4833307291666667,0.51715016,0.477392578125,0.5064941,0.4701803385416667,0.29516226,0.2730432942708333
2026-07-13 21:00:00+00:00,sine:chem:salt:20260715130728,9.334665,0.96258456,0.8498652275317758,0.024023326,0.051440218089431,0.059512928,,0.16627471,0.1802984883844,0.29770133,0.30058256075525,0.22988555,0.2249864800180666,0.04418697,0.0408776041666666,0.370791,0.3362063802083333,0.41627896,0.3761520182291666,0.46891338,0.4309895833333333,0.5263004,0.4844020182291667,0.5183498,0.478404296875,0.5077715,0.4711354166666667,0.2959579,0.2736311848958334
2026-07-13 21:05:00+00:00,sine:chem:salt:20260715130728,9.334665,0.9679463,0.8543411824807414,0.023973357,0.0562024662258965,0.06056758,,0.16597426,0.1790515525319833,0.29741782,0.2995444090265333,0.23010275,0.2257886727123166,0.044235133,0.0410175781249999,0.37121603,0.3372923177083333,0.41680822,0.3774723307291667,0.4694887,0.432544921875,0.5269896,0.485951171875,0.5189599,0.4798089192708333,0.50841045,0.4725862630208333,0.2963611,0.2745286458333333
2026-07-13 21:10:00+00:00,sine:chem:salt:20260715130728,9.334665,0.97109115,0.8589787313088545,0.02394313,0.0599289098093272,0.061198086,,0.1657792,0.1779593603367666,0.29724622,0.2989264669362333,0.23023531,0.2265771158082,0.04426414,0.0411363932291666,0.3714698,0.33831640625,0.41712368,0.3786845703125,0.46983218,0.4339287109374999,0.52739936,0.4874342447916666,0.51932555,0.4812958984375,0.5087862,0.4739563802083333,0.29659975,0.2753619791666667
2026-07-13 21:15:00+00:00,sine:chem:salt:20260715130728,9.334665,0.97322106,0.862951074492,0.023922091,0.0580124671288965,0.06163331,,0.16563562,0.1770074923584333,0.29712653,0.2980698138549,0.23032787,0.2270852273961,0.044284247,0.0412376302083333,0.37164456,0.3392291666666667,0.4173388,0.3797164713541666,0.47006798,0.43517578125,0.52767783,0.4889085286458333,0.51957786,0.4827347005208333,0.5090411,0.4753134765624999,0.2967616,0.2762089843749999
2026-07-13 21:20:00+00:00,sine:chem:salt:20260715130728,9.334665,0.974849,0.8669310626248794,0.02390574,0.0573212005347413,0.061972573,,0.16552013,0.1762160924068333,0.29703307,0.2975885972031166,0.23039986,0.2281447324969666,0.044299856,0.0413401692708333,0.37177953,0.3399837239583333,0.41750285,0.38068359375,0.4702493,0.436265625,0.52788955,0.490173828125,0.5197732,0.4840348307291666,0.5092358,0.4764580078125,0.29688457,0.2769195963541666
2026-07-13 21:25:00+00:00,sine:chem:salt:20260715130728,9.334665,0.97621197,0.8713278596872778,0.02389194,0.0581997166547037,0.0622612,,0.16542129,0.1751942948437,0.2969539,0.29704160630605,0.23046048,0.22892198739035,0.044313017,0.0414488932291666,0.37189284,0.3408444010416666,0.41763902,0.3816904296875,0.47040105,0.43742578125,0.528065,0.4916263020833333,0.5199379,0.48526953125,0.50939846,0.4777763671875,0.29698643,0.2776774088541666
2026-07-13 21:30:00+00:00,sine:chem:salt:20260715130728,9.334665,0.97742647,0.8752368916791429,0.023879623,0.0567051859273214,0.062521175,,0.16533296,0.1742356889199166,0.296883,0.2962897371953999,0.23051442,0.2296067949088,0.044324767,0.0415322265624999,0.3719936,0.341376953125,0.417759,0.3823395182291666,0.4705356,0.4382600911458333,0.52821946,0.4926139322916666,0.52008486,0.4862955729166666,0.5095429,0.47860546875,0.29707614,0.2782451171875
2026-07-13 21:35:00+00:00,sine:chem:salt:20260715130728,9.334665,0.978553,0.8790097173787857,0.023868207,0.0542713401380178,0.06276376,,0.16525154,0.1733791528029,0.29681718,0.2953714107578333,0.2305642,0.2303309551276499,0.044335645,0.041634765625,0.37208655,0.3422874348958333,0.4178691,0.3834384765624999,0.4706596,0.4395638020833333,0.52836114,0.4938763020833333,0.5202212,0.4874654947916667,0.5096763,0.4798463541666666,0.29715842,0.2789319661458334
2026-07-13 21:40:00+00:00,sine:chem:salt:20260715130728,9.334665,0.97962487,0.8827627580542727,0.023857363,0.0532683077242181,0.06299524,,0.16517484,0.1726292503598666,0.29675466,0.29510883099375,0.23061131,0.23106177488085,0.044345967,0.0417145182291666,0.37217447,0.3429560546875,0.4179728,0.3842913411458333,0.47077683,0.4405452473958333,0.52849466,0.4952203776041666,0.52035064,0.4888177083333333,0.50980276,0.48108984375,0.29723594,0.2797106119791666
2026-07-13 21:45:00+00:00,sine:chem:salt:20260715130728,9.334665,0.98066205,0.8862215214781455,0.02384689,0.0506377520576909,0.0632194,,0.16510141,0.1718331326762333,0.2966943,0.2945466864837167,0.23065662,0.23168760043395,0.04435592,0.0418125,0.37225905,0.3437027994791666,0.41807234,0.3851927083333333,0.47088954,0.4416184895833333,0.5286228,0.4961927083333333,0.5204757,0.4897158203125,0.50992477,0.4818850911458333,0.29731038,0.280181640625
2026-07-13 21:50:00+00:00,sine:chem:salt:20260715130728,9.334665,0.98167694,0.8893507661861,0.023836665,0.0478187436053666,0.063438654,,0.16503027,0.170914660386,0.29663542,0.2939271138157666,0.23070075,0.23226998851105,0.044365633,0.0418951822916666,0.3723414,0.3444733072916666,0.41816908,0.3859899088541667,0.47099927,0.4426383463541666,0.52874744,0.4973264973958333,0.52059776,0.4908873697916666,0.5100438,0.48297265625,0.29738274,0.2808597005208333
2026-07-13 21:55:00+00:00,sine:chem:salt:20260715130728,8.417998,0.93416625,0.8674339000187038,0.024292463,0.044941237712074,0.053003676,,0.16758367,0.1757723505944333,0.2990202,0.2972827793121667,0.22890978,0.22740310768105,0.043927547,0.0410358072916666,0.36879832,0.3377828776041667,0.41347265,0.3778251953125,0.46588576,0.4331002604166666,0.5230175,0.4864492187499999,0.5152097,0.4802132161458333,0.50481665,0.4727623697916667,0.29404587,0.2744788411458333
2026-07-13 22:00:00+00:00,sine:chem:salt:20260715130728,8.417998,0.9430257,0.8663524992908983,0.02421106,0.0419354900882033,0.05458326,,0.1671472,0.1756771390384333,0.29857683,0.2974190563873167,0.22924896,0.2275892382363166,0.044004537,0.0410719401041666,0.369493,0.337890625,0.4143345,0.3780475260416667,0.46682143,0.4334231770833333,0.5241373,0.4869843749999999,0.51618403,0.4807096354166666,0.5058762,0.4731614583333333,0.294709,0.2746949869791666
2026-07-13 22:05:00+00:00,sine:chem:salt:20260715130728,8.417998,0.94650865,0.869558350276807,0.024179606,0.0436555435697368,0.05522333,,0.16697022,0.1747165385893166,0.29840046,0.2965901612669,0.22938743,0.2285036110721,0.044034973,0.041197265625,0.3697698,0.3388053385416666,0.41468862,0.3790546875,0.4671979,0.4346790364583333,0.52460146,0.4885999348958333,0.5165708,0.4821940104166666,0.5062984,0.4745725911458333,0.29498094,0.2755732421875
2026-07-13 22:10:00+00:00,sine:chem:salt:20260715130728,8.417998,0.947796,0.8735370477000176,0.024167936,0.0478607437598245,0.0554533,,0.1669004,0.1737025494927666,0.29833552,0.2959451362750333,0.22944085,0.22912816803625,0.044046365,0.0413017578125,0.36987588,0.3397952473958333,0.4148301,0.3802386067708333,0.46734375,0.4360472005208333,0.5247873,0.489802734375,0.51671433,0.4834114583333333,0.5064583,0.4757757161458333,0.2950893,0.2762874348958333
2026-07-13 22:15:00+00:00,sine:chem:salt:20260715130728,8.417998,0.9480755,0.8773652009269107,0.024165532,0.049579292567,0.055494294,,0.16688335,0.17289264443915,0.29832253,0.2953567112638333,0.22945388,0.2298980799334833,0.04404887,0.0413932291666666,0.36990288,0.340544921875,0.41487142,0.3811468098958333,0.46738207,0.4370836588541666,0.524842,0.4912174479166667,0.5167446,0.4847037760416667,0.5064973,0.4769798177083333,0.29512104,0.2770901692708333
2026-07-13 22:20:00+00:00,sine:chem:salt:20260715130728,8.417998,0.9478509,0.8816878764059334,0.024167914,0.0535563078145,0.055441402,,0.16689563,0.1720162701009333,0.29833618,0.2946313973626833,0.2294458,0.2308443153156666,0.044046827,0.0415192057291666,0.36988956,0.3414703776041666,0.4148612,0.3823170572916667,0.46736538,0.4383968098958333,0.5248293,0.4924801432291666,0.51671714,0.485888671875,0.5064755,0.4781402994791666,0.2951136,0.277810546875
2026-07-13 22:25:00+00:00,sine:chem:salt:20260715130728,8.417998,0.94735277,0.8857848240424333,0.024172988,0.0541387086576166,0.05533752,,0.16692582,0.1710989491520833,0.29836476,0.293875238316,0.22942573,0.2314540046769,0.044042233,0.0415914713541666,0.36985368,0.3421396484375,0.41482216,0.3831901041666666,0.46731797,0.4395,0.5247791,0.4936839192708333,0.51665765,0.4873141276041667,0.5064204,0.4793955078125,0.29508433,0.2786051432291667
2026-07-13 22:30:00+00:00,sine:chem:salt:20260715130728,8.417998,0.94669354,0.8897668786116963,0.024179697,0.0540696241927321,0.05520314,,0.16696781,0.1703401294381333,0.29840246,0.2933687424095834,0.22939827,0.23224254111445,0.04403609,0.0416998697916666,0.36980408,0.3429459635416666,0.41476566,0.3841451822916666,0.46725187,0.4405625,0.5247062,0.4950758463541666,0.5165788,0.4884534505208333,0.5063453,0.4805439453125,0.29504192,0.2793167317708333
2026-07-13 22:35:00+00:00,sine:chem:salt:20260715130728,8.417998,0.94593126,0.8935784544142241,0.024187487,0.0527818910696379,0.055048794,,0.16701803,0.1693522326906166,0.2984462,0.2927374369214167,0.22936589,0.2328669409022833,0.044028927,0.0417825520833333,0.36974537,0.34371875,0.41469774,0.3850081380208333,0.4671735,0.4415465494791666,0.52461857,0.4959095052083333,0.5164873,0.48941015625,0.50625736,0.4814361979166666,0.294991,0.2798352864583334
2026-07-13 22:40:00+00:00,sine:chem:salt:20260715130728,8.417998,0.94509786,0.8968169107802223,0.02419603,0.0489599072445,0.05488026,,0.16707431,0.16868445490975,0.29849425,0.2923483582663166,0.22933003,0.2336247256662166,0.04402104,0.0418665364583333,0.36968026,0.3445930989583333,0.41462183,0.3859778645833333,0.4670865,0.4427919921875,0.5245207,0.4971848958333333,0.51638687,0.490708984375,0.50616044,0.482666015625,0.2949341,0.2805559895833333
2026-07-13 22:45:00+00:00,sine:chem:salt:20260715130728,8.417998,0.9442121,0.9003270725904068,0.02420514,0.0481991255002711,0.05470094,,0.16713528,0.1678650377949,0.2985455,0.2914642661733,0.22929156,0.2340646361593333,0.044012614,0.04195703125,0.3696103,0.345171875,0.41454002,0.3867454427083333,0.46699303,0.4436819661458333,0.52441525,0.4983395182291666,0.51627976,0.49179296875,0.50605685,0.4836510416666666,0.2948728,0.2812005208333333
2026-07-13 22:50:00+00:00,sine:chem:salt:20260715130728,8.417998,0.94328576,0.9032413441456334,0.024214692,0.0446781656891333,0.054513194,,0.16719997,0.1672442921506166,0.29859933,0.2909996980650666,0.22925103,0.2348015367581333,0.044003762,0.0420403645833333,0.36953658,0.3457724609374999,0.41445363,0.3875406901041666,0.46689454,0.4446595052083333,0.5243039,0.49957421875,0.5161674,0.4927838541666666,0.50594807,0.4846995442708333,0.29480812,0.2819111328124999
2026-07-13 22:55:00+00:00,sine:chem:salt:20260715130728,7.501332,0.8955496,0.8842211739118929,0.024689313,0.0440993845598571,0.04446292,,0.16998547,0.1712342087429833,0.30105343,0.2944198101387666,0.22736667,0.2310960676069833,0.043555193,0.0413557942708333,0.3658916,0.340111328125,0.4096564,0.3806927083333333,0.4616645,0.4367415364583333,0.5184355,0.4906800130208333,0.5106435,0.4840475260416667,0.5005831,0.4761712239583333,0.29139972,0.276513671875
2026-07-13 23:00:00+00:00,sine:chem:salt:20260715130728,7.501332,0.9022604,0.8848424398385,0.02462769,0.0399900478914642,0.04551938,,0.16967072,0.1716886589024833,0.30072725,0.29480795461395,0.22762406,0.2308682145754499,0.043612618,0.0412438151041666,0.36642504,0.33934765625,0.41032767,0.3798141276041666,0.46238357,0.4357347005208333,0.51930994,0.4891630859375,0.51137304,0.4825992838541666,0.5014053,0.4749401041666666,0.2919188,0.27569140625
2026-07-13 23:05:00+00:00,sine:chem:salt:20260715130728,7.501332,0.90367645,0.8865101577875091,0.024616992,0.0338352581837818,0.045710936,,0.16963473,0.1706530298823666,0.30066988,0.2937841671363833,0.22767416,0.2312138049625,0.043623313,0.0413307291666666,0.36653703,0.3401044921875,0.4104879,0.380599609375,0.46253994,0.4366660156249999,0.51952434,0.4904462890625,0.51151127,0.4837981770833333,0.50158644,0.4759820963541666,0.29204538,0.2763102213541666
2026-07-13 23:10:00+00:00,sine:chem:salt:20260715130728,7.501332,0.90293497,0.8882959770201525,0.024626533,0.0305119817234067,0.045525864,,0.16971469,0.1697721772086166,0.30072474,0.2932322503126,0.22763625,0.2319020101920333,0.043614887,0.0414228515625,0.3664769,0.340826171875,0.4104342,0.3814580078125,0.4624644,0.4376806640625,0.51945883,0.4915751953125,0.5114049,0.4848444010416666,0.5015038,0.4769212239583333,0.2920079,0.2769251302083333
2026-07-13 23:15:00+00:00,sine:chem:salt:20260715130728,7.501332,0.90120035,0.8919596774714655,0.024645656,0.0375695522016206,0.045167968,,0.16985291,0.16891283590825,0.30083245,0.2923709203113833,0.22755603,0.2328278987975666,0.043597467,0.0415185546875,0.36633644,0.3416315104166667,0.41027907,0.382380859375,0.46227983,0.4388440755208334,0.5192605,0.49274609375,0.5111837,0.4861656901041666,0.501299,0.4781139322916666,0.2918931,0.2776487630208333
2026-07-13 23:20:00+00:00,sine:chem:salt:20260715130728,7.501332,0.89896166,0.8961455719236666,0.024669874,0.04423217647165,0.0447239,,0.17002478,0.1681796831388333,0.3009679,0.2918895583352333,0.2274531,0.2336334717922666,0.043575317,0.0415888671874999,0.36615407,0.3423756510416667,0.41007066,0.3833274739583333,0.46203822,0.4398522135416666,0.5189926,0.49380078125,0.51090246,0.4871871744791666,0.50103134,0.4791471354166666,0.2917379,0.2782877604166666
2026-07-13 23:25:00+00:00,sine:chem:salt:20260715130728,7.501332,0.8964411,0.8998372201056,0.024697097,0.0459549707852545,0.04423225,,0.17021832,0.1673790231156166,0.30111963,0.2912577124899667,0.22733659,0.23395727632365,0.04355041,0.0416904296875,0.36594734,0.3430491536458333,0.40983123,0.3841354166666667,0.46176344,0.4408294270833333,0.51868445,0.4952278645833333,0.5105865,0.4883671874999999,0.5007277,0.4802532552083333,0.29155946,0.27900390625
2026-07-13 23:30:00+00:00,sine:chem:salt:20260715130728,7.501332,0.8937459,0.9031986967089108,0.024726283,0.0456021891633035,0.043711416,,0.1704273,0.1667070106681666,0.30128196,0.2906062975783667,0.22721109,0.2347737226430833,0.043523706,0.0417897135416666,0.36572474,0.3438681640625,0.40957192,0.3851031901041667,0.4614673,0.4419143880208333,0.5183506,0.4963277994791666,0.5102481,0.4895445963541666,0.5004014,0.4813899739583333,0.29136616,0.2796647135416666
2026-07-13 23:35:00+00:00,sine:chem:salt:20260715130728,7.501332,0.890931,0.9069606591388772,0.024756882,0.0469146221849298,0.04317067,,0.17064808,0.1660055796241833,0.30145195,0.2901743864116167,0.22707906,0.2353847584020666,0.04349572,0.0418763020833333,0.36549085,0.3444495442708333,0.40929854,0.385833984375,0.4611559,0.4427958984375,0.5179987,0.4974091796875,0.5098937,0.4904700520833333,0.50005895,0.4823782552083333,0.29116243,0.2802594401041666
2026-07-13 23:40:00+00:00,sine:chem:salt:20260715130728,7.501332,0.8880266,0.9103934287495252,0.02478859,0.0463408596031864,0.04261519,,0.17087854,0.1651311073542999,0.30162787,0.2893547622067833,0.22694188,0.2359894308767833,0.043466732,0.0419599609375,0.36524817,0.3451949869791667,0.4090144,0.3867076822916667,0.46083272,0.4439069010416666,0.51763296,0.49853125,0.50952685,0.4916256510416666,0.49970433,0.4834342447916667,0.29095078,0.2808893229166667
2026-07-13 23:45:00+00:00,sine:chem:salt:20260715130728,7.501332,0.8850502,0.9138026291437544,0.024821222,0.0457365593099298,0.042048156,,0.1711173,0.1644697216176166,0.3018088,0.2888150894786,0.22680038,0.2366983114044666,0.04343691,0.042041015625,0.36499828,0.3457893880208333,0.4087215,0.3874244791666666,0.46049988,0.4447164713541667,0.5172561,0.4995507812499999,0.50914973,0.4925104166666667,0.4993396,0.4842451171875,0.29073268,0.2813818359375
2026-07-13 23:50:00+00:00,sine:chem:salt:20260715130728,7.501332,0.8820128,0.9166684661689656,0.024854662,0.0422858666019655,0.041471645,,0.17136347,0.1638041302920833,0.30199403,0.2884974810437,0.22665511,0.2370212410929666,0.04340637,0.0420960286458333,0.36474213,0.3462932942708333,0.4084211,0.3881227213541666,0.46015874,0.4455244140625,0.5168696,0.5001969401041666,0.5087636,0.4932848307291666,0.49896622,0.4849680989583333,0.29050907,0.281873046875
2026-07-13 23:55:00+00:00,sine:chem:salt:20260715130728,6.5846653,0.83494407,0.8948838461664286,0.025353942,0.0397377499317321,0.032343745,,0.17452307,0.1678711818904333,0.30451834,0.2917380894659167,0.22463864,0.23296501596695,0.042947195,0.0414723307291666,0.3609856,0.3414039713541666,0.4035193,0.3820380859375,0.45481005,0.4381839192708333,0.5108568,0.4920465494791666,0.50310326,0.4851722005208333,0.49346346,0.4772731119791666,0.28703195,0.2771682942708333
2026-07-14 00:00:00+00:00,sine:chem:salt:20260715130728,6.5846653,0.8392468,0.8970703052866842,0.02531527,0.0412984635214035,0.032822274,,0.17435692,0.1671494482850166,0.30432644,0.2913649744161166,0.22480032,0.23332712117325,0.042982057,0.0415319010416666,0.36133477,0.3417893880208333,0.40397286,0.3824964192708334,0.4552824,0.4387809244791666,0.51145065,0.4927610677083333,0.5035512,0.4858720703125,0.49401414,0.4779658203125,0.28738648,0.2775810546875
2026-07-14 00:05:00+00:00,sine:chem:salt:20260715130728,6.5846653,0.838402,0.8991526926191428,0.025329724,0.0348717042289464,0.03257321,,0.17450948,0.1673199553484666,0.30440798,0.29152679842365,0.22474113,0.23336855659115,0.042969584,0.0414694010416666,0.36125395,0.3414140625,0.40390626,0.3820211588541667,0.45518234,0.4381598307291667,0.51137334,0.4921643880208333,0.5033982,0.4853375651041666,0.49391457,0.4773219401041667,0.28734416,0.2771904296875
2026-07-14 00:10:00+00:00,sine:chem:salt:20260715130728,6.5846653,0.835465,0.9002812123252631,0.02536547,0.026911483657421,0.032008946,,0.17479677,0.1667267744186166,0.30460414,0.29085580694755,0.22458756,0.23375149652135,0.042937685,0.0415419921875,0.3609972,0.341845703125,0.4036215,0.382615234375,0.45484576,0.4388600260416667,0.5110109,0.49301171875,0.5029961,0.486080078125,0.49354726,0.4781624348958333,0.2871357,0.2776878255208333
2026-07-14 00:15:00+00:00,sine:chem:salt:20260715130728,6.5846653,0.83156264,0.9023015713926544,0.025411531,0.0269875413900545,0.031303138,,0.17515433,0.16614937349875,0.30485514,0.2905442625041167,0.22438753,0.2342705754923333,0.04289648,0.0416223958333333,0.3606571,0.3425602213541667,0.40323186,0.3834423828125,0.4543964,0.4398997395833333,0.5105114,0.4940742187499999,0.5024751,0.4870426432291667,0.49305415,0.4791393229166666,0.28684786,0.2782828776041667
2026-07-14 00:20:00+00:00,sine:chem:salt:20260715130728,6.5846653,0.8271635,0.9044229277165594,0.02546333,0.0274224562200847,0.030528983,,0.17555489,0.1655661770293833,0.305136,0.2901861136009167,0.22416136,0.2348386490699833,0.042850204,0.0417037760416666,0.36027193,0.343208984375,0.40278524,0.3842161458333333,0.453886,0.44080859375,0.50993776,0.4951334635416666,0.5018898,0.4881012369791666,0.49249423,0.48005859375,0.28651732,0.2788544921874999
2026-07-14 00:25:00+00:00,sine:chem:salt:20260715130728,6.5846653,0.8224782,0.9074285702591052,0.025518762,0.0322055012130877,0.029718773,,0.17598557,0.1648843459518333,0.30543548,0.28949272532205,0.22391841,0.2353942104302833,0.04280078,0.0417897135416666,0.359859,0.3439202473958333,0.40230367,0.3851087239583333,0.45333803,0.4418369140625,0.509319,0.496140625,0.50126487,0.4890852864583334,0.491894,0.4810133463541666,0.28616083,0.27944921875
2026-07-14 00:30:00+00:00,sine:chem:salt:20260715130728,6.5846653,0.81760806,0.910199001416,0.025576789,0.0337101405573684,0.028887933,,0.17643967,0.1643570411433333,0.30574802,0.2891801052943666,0.22366333,0.2358232835337333,0.042749144,0.0418720703124999,0.35942668,0.3444703776041666,0.401798,0.3857526041666667,0.452764,0.4427220052083333,0.50866926,0.4971975911458333,0.5006124,0.4901416015625,0.49126628,0.481955078125,0.2857866,0.2800602213541667
2026-07-14 00:35:00+00:00,sine:chem:salt:20260715130728,6.5846653,0.812605,0.9130632608525424,0.025636874,0.0354088668014237,0.028044483,,0.17691353,0.163712506704,0.30607072,0.2885000330432333,0.22339857,0.2364503649227666,0.04269579,0.0419508463541666,0.35897934,0.3450960286458333,0.4012739,0.3865442708333333,0.45216995,0.4435533854166666,0.50799596,0.4980794270833333,0.49993843,0.4909241536458333,0.49061763,0.4827571614583333,0.28539893,0.2805520833333333
2026-07-14 00:40:00+00:00,sine:chem:salt:20260715130728,6.5846653,0.8074976,0.916041680153862,0.025698725,0.0364508427705689,0.027193217,,0.17740503,0.1631926045014499,0.30640203,0.2880449804595166,0.22312543,0.2367850154092333,0.042640984,0.0420052083333333,0.3585195,0.3456526692708334,0.40073454,0.3871715494791666,0.4515592,0.4443792317708333,0.5073033,0.4989573567708333,0.4992465,0.49184765625,0.48995158,0.4835865885416667,0.28500023,0.2810429687499999
2026-07-14 00:45:00+00:00,sine:chem:salt:20260715130728,6.5846653,0.802303,0.9183482038081964,0.02576217,0.0342116835584642,0.026337339,,0.17791295,0.1626814740552833,0.3067409,0.2877300772982333,0.22284473,0.2373136549708,0.04258489,0.0420774739583333,0.35804856,0.3461705729166667,0.40018177,0.3879280598958333,0.4509337,0.4452164713541666,0.50659364,0.49995703125,0.4985386,0.4927727864583333,0.48927027,0.4845602213541667,0.2845919,0.2816744791666666
2026-07-14 00:50:00+00:00,sine:chem:salt:20260715130728,6.5846653,0.797032,0.9209412732105358,0.025827115,0.034072831635,0.025479173,,0.17843658,0.1621710815187166,0.30708686,0.2871080719977333,0.22255692,0.2378829872610166,0.0425276,0.0421341145833333,0.35756743,0.34670703125,0.3996168,0.38857421875,0.45029476,0.4460052083333333,0.5058685,0.5006663411458333,0.49781597,0.4935735677083333,0.48857495,0.4853779296875,0.28417486,0.2821477864583333
2026-07-14 00:55:00+00:00,sine:chem:salt:20260715130728,5.667999,0.75202,0.9002144863652456,0.026361197,0.0350959897408245,0.018089226,,0.18218958,0.1667326657146,0.30967847,0.29117883846105,0.22035061,0.2339594711014333,0.042057827,0.0413489583333333,0.35368523,0.340361328125,0.39460793,0.3808590494791666,0.44482926,0.4372262369791667,0.49970356,0.4906923828125,0.4920247,0.4837727864583333,0.48293766,0.4759026692708333,0.2806341,0.2762395833333333
2026-07-14 01:00:00+00:00,sine:chem:salt:20260715130728,5.667999,0.7536677,0.9012744436175848,0.026351845,0.034885368648566,0.01800106,,0.18224403,0.1665994333977,0.30964887,0.2909838621809666,0.22038634,0.234160276684,0.042065132,0.0413811848958333,0.35381162,0.3406311848958333,0.39479703,0.3811705729166667,0.44500417,0.4375882161458334,0.49995717,0.4910791015625,0.4921298,0.4840856119791666,0.48316175,0.4761800130208333,0.28079057,0.2763981119791667
2026-07-14 01:05:00+00:00,sine:chem:salt:20260715130728,5.667999,0.75044584,0.9036066158423334,0.026399639,0.0337678016211228,0.017424801,,0.18268807,0.1660464197519333,0.30989972,0.2906616526114,0.22017807,0.2345873767009666,0.0420241,0.0414524739583333,0.35349396,0.3412109375,0.39445093,0.3818209635416666,0.44459084,0.43835546875,0.49952158,0.4921018880208334,0.49161917,0.484994140625,0.48272172,0.4770146484374999,0.28054327,0.2769345703125
2026-07-14 01:10:00+00:00,sine:chem:salt:20260715130728,5.667999,0.7452609,0.9053464872272584,0.026470708,0.0287230645294655,0.016643735,,0.18330151,0.1657179610451333,0.3102688,0.2903625736806167,0.21986409,0.2348566440772833,0.041963093,0.0415263671875,0.35299376,0.3417669270833333,0.39387935,0.3825393880208333,0.4439333,0.4391272786458333,0.49879187,0.4927737630208333,0.49085212,0.485705078125,0.48200732,0.4777535807291667,0.2801261,0.277392578125
2026-07-14 01:15:00+00:00,sine:chem:salt:20260715130728,5.667999,0.73917836,0.9071807588857368,0.026553482,0.0271033582405789,0.015782936,,0.1840081,0.1652499115718166,0.31069565,0.2899314661864333,0.21949616,0.2353685518329333,0.041892286,0.0415791015625,0.35240513,0.3421927083333333,0.39319712,0.383048828125,0.44315693,0.4396858723958333,0.49791804,0.4935761718749999,0.48996007,0.4864912109375,0.48116168,0.4784879557291666,0.27962628,0.2778040364583333
2026-07-14 01:20:00+00:00,sine:chem:salt:20260715130728,5.667999,0.732638,0.9092764696343276,0.026643189,0.0274412043763965,0.014895065,,0.18477622,0.1649198125312333,0.31115535,0.2896737064855499,0.21909596,0.2357268420095666,0.041815884,0.041638671875,0.35176662,0.342734375,0.39245233,0.383677734375,0.4423135,0.4404381510416666,0.49696317,0.4944873046874999,0.48899743,0.4874518229166666,0.48024368,0.4792919921875,0.2790802,0.2783196614583333
2026-07-14 01:25:00+00:00,sine:chem:salt:20260715130728,5.667999,0.7258369,0.9106500438194576,0.026737668,0.0235060425813898,0.014003901,,0.18559116,0.1646212146736833,0.3116367,0.2894614881766333,0.2186733,0.23574899550185,0.041735783,0.0416940104166666,0.35109544,0.3432613932291666,0.3916669,0.3842522786458333,0.44142646,0.4410608723958333,0.495956,0.495033203125,0.48798856,0.48803515625,0.47927955,0.4797900390625,0.27850452,0.2786106770833333
2026-07-14 01:30:00+00:00,sine:chem:salt:20260715130728,5.667999,0.7188711,0.9115314728108772,0.026835864,0.0191798003240877,0.013121577,,0.18644562,0.1643432570140833,0.3121341,0.2891026091975167,0.21823303,0.2360584369034666,0.041652903,0.0417298177083333,0.35039997,0.3434908854166666,0.3908516,0.3845556640624999,0.44050726,0.4414479166666666,0.49491075,0.4954342447916666,0.48694536,0.4884182942708334,0.47828192,0.480146484375,0.27790734,0.2788629557291667
2026-07-14 01:35:00+00:00,sine:chem:salt:20260715130728,5.667999,0.7117914,0.9126554104836728,0.026937246,0.0171509493031818,0.012255503,,0.18733576,0.1641473425700833,0.31264472,0.28893730092935,0.21777762,0.2361319929441333,0.041567735,0.0417623697916666,0.3496847,0.3437171223958333,0.39001212,0.3848785807291666,0.43956196,0.4417639973958333,0.49383476,0.4958274739583333,0.48587403,0.4888499348958333,0.47725737,0.4805693359375,0.27729297,0.2791236979166667
2026-07-14 01:40:00+00:00,sine:chem:salt:20260715130728,5.667999,0.704628,0.9124317015183036,0.027041525,0.0096200884015178,0.011411024,,0.18825954,0.16403574084505,0.31316686,0.2888630927562,0.21730842,0.2357997561092833,0.041480552,0.041771484375,0.34895203,0.3438828125,0.3891517,0.3849788411458333,0.43859395,0.4420305989583333,0.49273226,0.4960634765625,0.48477805,0.4890442708333333,0.47620955,0.480765625,0.27666378,0.2792216796875
2026-07-14 01:45:00+00:00,sine:chem:salt:20260715130728,5.667999,0.69740045,0.9118375373078546,0.027148541,0.0034297171730909,0.010592582,,0.189216,0.1639299127905833,0.31369945,0.2888697072823,0.21682617,0.23604888729405,0.041391525,0.0418095703125,0.3482036,0.344111328125,0.3882723,0.3852854817708333,0.4376054,0.4424215494791667,0.4916058,0.4965719401041666,0.48365957,0.4893733723958333,0.47514072,0.4812555338541667,0.27602133,0.2795266927083333
2026-07-14 01:50:00+00:00,sine:chem:salt:20260715130728,5.667999,0.69012314,0.91214943216293,0.027258214,0.0035557507948245,0.009804128,,0.19020468,0.1639295517010333,0.3142418,0.2888981971384,0.2163313,0.2360604839091333,0.041300762,0.0418033854166666,0.34744036,0.3440862630208333,0.3873752,0.3852014973958333,0.4365977,0.4423697916666667,0.490457,0.4964801432291666,0.48252,0.4894651692708333,0.47405237,0.4811585286458333,0.27536654,0.2795250651041667
2026-07-14 01:55:00+00:00,sine:chem:salt:20260715130728,4.7513323,0.6496521,0.883213785835707,0.027843887,0.0005761701126379,0.005510574,,0.19489832,0.1696203270126166,0.31687564,0.2931808834879833,0.21385308,0.2303571463586666,0.04082277,0.0409042968749999,0.34342703,0.3369921875,0.38228053,0.376548828125,0.4310492,0.4320432942708334,0.4841554,0.4848020833333333,0.47664294,0.4778922526041667,0.46831542,0.4703001302083333,0.27178544,0.2727718098958333
2026-07-14 02:00:00+00:00,sine:chem:salt:20260715130728,4.7513323,0.648715,0.8818424335350344,0.027874779,0.0017615142334827,0.0050758254,,0.19532306,0.1702314342246833,0.31704134,0.29402568497985,0.21371035,0.2303857566143166,0.040796097,0.0408505859375,0.34328195,0.3364391276041666,0.38214478,0.375943359375,0.43086436,0.4313658854166666,0.4839919,0.4840563151041666,0.47632924,0.477259765625,0.46814764,0.4697161458333333,0.27170286,0.2724375
2026-07-14 02:05:00+00:00,sine:chem:salt:20260715130728,4.7513323,0.6434693,0.8821229557607142,0.027969608,0.0026558257896964,0.004573958,,0.19625697,0.1702704254489166,0.31749344,0.29407841779365,0.21328755,0.2303857767138999,0.040720068,0.0408551432291666,0.3426746,0.3364869791666666,0.38145602,0.37596875,0.43007332,0.4314365234375,0.48311788,0.4841015625,0.47538567,0.477322265625,0.46730208,0.4697307942708333,0.2712095,0.272482421875
2026-07-14 02:10:00+00:00,sine:chem:salt:20260715130728,4.7513323,0.636547,0.8819274120939828,0.028091045,0.0002677492196379,0.004071662,,0.19741994,0.1703129750441166,0.3180662,0.2940849497631667,0.21274146,0.2302762664296666,0.04062358,0.0408603515625,0.341877,0.3364755859375,0.38053402,0.3758932291666667,0.4290306,0.4314241536458333,0.48194015,0.4841116536458333,0.4741801,0.4773583984375,0.46617714,0.46981640625,0.27054313,0.272515625
2026-07-14 02:15:00+00:00,sine:chem:salt:20260715130728,4.7513323,0.62891304,0.881809995031421,0.02822644,-0.0004324901923508,0.0036148857,,0.19871596,0.1702996362626333,0.3186983,0.2940965769803166,0.2121301,0.2303516582357333,0.040516898,0.040837890625,0.34098604,0.3364303385416666,0.3794963,0.3758704427083333,0.4278642,0.43140625,0.48061195,0.4840738932291666,0.4728457,0.4774160156249999,0.4649178,0.4698876953125,0.2697917,0.272580078125
2026-07-14 02:20:00+00:00,sine:chem:salt:20260715130728,4.7513323,0.62096536,0.8819009693632679,0.028370624,0.0003357013170714,0.0032252613,,0.20010552,0.1703267595391166,0.3193644,0.2941960221183,0.21147752,0.2304088938126666,0.04040425,0.0408535156249999,0.34004113,0.3364088541666666,0.37839177,0.3758746744791666,0.42662683,0.4314267578125,0.4791974,0.4840514322916666,0.47143716,0.4772731119791666,0.46358338,0.4697233072916666,0.26899186,0.2725192057291667
2026-07-14 02:25:00+00:00,sine:chem:salt:20260715130728,4.7513323,0.612886,0.8818854351862182,0.028521251,4.563761505454545e-05,0.0029144045,,0.20157056,0.1704198520367166,0.320053,0.2943794995759333,0.21079464,0.2304308418469666,0.040287554,0.0408544921875,0.33906007,0.33644921875,0.37724292,0.3759013671875,0.4253426,0.4313525390625,0.47772607,0.4839827473958333,0.46997938,0.4773134765625,0.46220055,0.4697506510416666,0.26816043,0.2725055338541667
2026-07-14 02:30:00+00:00,sine:chem:salt:20260715130728,4.7513323,0.6047685,0.8818671130717894,0.028677171,-0.0001337089421929,0.0026906747,,0.20310202,0.1703935667376333,0.32075816,0.2942024746437333,0.21008694,0.2303370825315833,0.040167797,0.0408401692708333,0.33805186,0.3364143880208333,0.37606123,0.3758580729166667,0.4240236,0.4313984375,0.47621277,0.4838294270833333,0.46848494,0.4773753255208333,0.46078265,0.4697018229166667,0.26730594,0.2725188802083333
2026-07-14 02:35:00+00:00,sine:chem:salt:20260715130728,4.7513323,0.59666723,0.8816559698749827,0.028837772,-0.001114962314862,0.0025612526,,0.20469512,0.1703785133366666,0.32147652,0.2940477056689333,0.20935735,0.23028776654675,0.040045522,0.0408391927083333,0.33702153,0.3363841145833333,0.37485304,0.3757779947916667,0.4226768,0.4313606770833333,0.47466588,0.4839928385416667,0.46696088,0.4773603515625,0.45933703,0.4697789713541667,0.26643315,0.2726061197916666
2026-07-14 02:40:00+00:00,sine:chem:salt:20260715130728,4.7513323,0.58861876,0.8817167693170527,0.029002706,-0.0002697527543157,0.002532851,,0.20634724,0.1705174617437,0.32220584,0.2943320768418,0.2086076,0.2304421183934333,0.039921086,0.0408483072916666,0.33597228,0.3362877604166667,0.37362242,0.3757275390625,0.4213065,0.4313115234374999,0.4730905,0.4839055989583333,0.46541166,0.477267578125,0.4578683,0.4695768229166666,0.265545,0.2725107421875
2026-07-14 02:45:00+00:00,sine:chem:salt:20260715130728,4.7513323,0.5806508,0.8817929583394106,0.029171756,0.0001115773400892,0.0026120562,,0.20805688,0.1704810692422333,0.32294455,0.2941393370411333,0.20783879,0.23033427597865,0.039794736,0.0408587239583333,0.3349063,0.3363115234375,0.37237215,0.3758261718749999,0.4199157,0.4313766276041667,0.47149026,0.4839768880208333,0.46384045,0.4771949869791667,0.45637974,0.4696722005208333,0.2646436,0.2725299479166667
2026-07-14 02:50:00+00:00,sine:chem:salt:20260715130728,4.7513323,0.5727862,0.8812482248712983,0.029344775,-0.0028789988276842,0.0028051306,,0.20982319,0.1706060459729833,0.32369134,0.2941610239242166,0.20705171,0.2301165197794333,0.039666668,0.0408541666666666,0.33382535,0.3362268880208333,0.37110433,0.3758209635416666,0.4185068,0.4312952473958333,0.4698678,0.4839586588541666,0.46224976,0.4771445312499999,0.45487383,0.4697405598958333,0.2637305,0.2724967447916667
2026-07-14 02:55:00+00:00,sine:chem:salt:20260715130728,3.8346655,0.5413177,0.8578501136694545,0.030003339,-0.0038585424402545,0.0037919302,,0.21593615,0.1760400785126833,0.32626787,0.29881507332445,0.20421712,0.2258898883498333,0.03919222,0.0400498046874999,0.32973713,0.3297929687499999,0.3660415,0.3679384765625,0.41302148,0.422298828125,0.46355787,0.4737708333333333,0.45646578,0.4672008463541666,0.44919,0.460134765625,0.26019794,0.2664251302083333
2026-07-14 03:00:00+00:00,sine:chem:salt:20260715130728,3.8346655,0.53897905,0.8556015199711071,0.030087553,-0.0054010575172321,0.003707787,,0.2169639,0.1765884947178166,0.32662877,0.2991491530710333,0.20383592,0.2254047617576333,0.039129093,0.0399710286458333,0.3293066,0.3291826171874999,0.3655609,0.3671809895833333,0.4124657,0.4214931640625,0.4629497,0.4728808593749999,0.45571518,0.4664511718749999,0.44862446,0.4594241536458333,0.2598667,0.2660055338541666
2026-07-14 03:05:00+00:00,sine:chem:salt:20260715130728,3.8346655,0.5334196,0.8546113817821964,0.03024615,-0.0089413378978214,0.004269628,,0.21868794,0.1767524818613,0.32727152,0.29923634352485,0.20312484,0.2251922262474166,0.03901677,0.0399843749999999,0.32839832,0.3293460286458333,0.3645178,0.367287109375,0.4112961,0.4216051432291666,0.46162045,0.4729645182291666,0.45433828,0.4664378255208333,0.4473824,0.4594306640625,0.25912544,0.2659788411458333
2026-07-14 03:10:00+00:00,sine:chem:salt:20260715130728,3.8346655,0.5267707,0.853784529540069,0.030435886,-0.0097729816639137,0.0051808637,,0.22072951,0.17684968593275,0.3280288,0.2993508412439499,0.20226888,0.2252212777315666,0.038884547,0.039978515625,0.3272981,0.3293424479166666,0.3632434,0.3672805989583333,0.40987846,0.4216188151041666,0.45998985,0.4729498697916667,0.45270923,0.4664964192708333,0.44586992,0.4594583333333333,0.25821525,0.2659840494791666
2026-07-14 03:15:00+00:00,sine:chem:salt:20260715130728,3.8346655,0.51981723,0.8533597197513334,0.030642087,-0.0083336901164561,0.0063542593,,0.22295767,0.1768185678925166,0.32883853,0.2992948589486833,0.20133628,0.2249439772124,0.03874283,0.0399941406249999,0.3261072,0.32934375,0.36185881,0.3674261067708333,0.40834436,0.4215963541666667,0.4582158,0.4729166666666666,0.45096278,0.4663805338541666,0.4442342,0.4594443359374999,0.25722528,0.2659925130208333
2026-07-14 03:20:00+00:00,sine:chem:salt:20260715130728,3.8346655,0.5128833,0.8528328355826611,0.030858694,-0.0078855483941864,0.0077572446,,0.22531767,0.17693714058205,0.32967484,0.2994176048540666,0.2003556,0.22493182795775,0.03859593,0.0399915364583333,0.32486713,0.3292639973958333,0.3604149,0.3673880208333333,0.4067484,0.4215592447916666,0.456365,0.4729374999999999,0.44915473,0.466322265625,0.44253576,0.4594801432291666,0.256193,0.2659951171875
2026-07-14 03:25:00+00:00,sine:chem:salt:20260715130728,3.8346655,0.50611943,0.8523930914849824,0.031082852,-0.0073071878018771,0.009377366,,0.22778301,0.1769540185632833,0.33052546,0.2994363986220833,0.1993404,0.2249098408221666,0.038445905,0.0399944661458333,0.3235974,0.32928515625,0.35893583,0.3674596354166667,0.40511638,0.4215569661458333,0.454469,0.4729912109375,0.44731146,0.4663974609375,0.44080266,0.4594954427083333,0.25513616,0.2660136718749999
2026-07-14 03:30:00+00:00,sine:chem:salt:20260715130728,3.8346655,0.49960414,0.8523277436566316,0.03131305,-0.0048315500601929,0.011210484,,0.23033918,0.1771437716844166,0.3313836,0.2995949252584,0.19829789,0.2248355631401833,0.038293872,0.03998046875,0.32230842,0.3293001302083333,0.35743457,0.3673203125,0.403462,0.4213811848958333,0.4525447,0.4727386067708333,0.44544703,0.4662932942708334,0.43904975,0.4593193359374999,0.2540642,0.2658776041666666
2026-07-14 03:35:00+00:00,sine:chem:salt:20260715130728,3.8346655,0.49338442,0.851872015919614,0.031548373,-0.0054607244037192,0.013255989,,0.23297718,0.1771490294382666,0.33224505,0.2996536288232667,0.19723244,0.2246877073448666,0.03814052,0.039953125,0.32100654,0.3291708984374999,0.35591903,0.3671826171875,0.4017936,0.4211969401041667,0.45060223,0.4724807942708333,0.44357008,0.4661933593749999,0.43728587,0.4592122395833333,0.25298285,0.2658069661458333
2026-07-14 03:40:00+00:00,sine:chem:salt:20260715130728,3.8346655,0.48749077,0.8513174261900001,0.031788208,-0.0061896995067068,0.015514387,,0.2356907,0.177297926808,0.33310694,0.29978601575645,0.19614705,0.2247442918016333,0.03798633,0.0399645182291666,0.31969616,0.3291959635416666,0.35439456,0.3672890625,0.40011692,0.4213203124999999,0.4486486,0.4725432942708333,0.44168657,0.4661917317708333,0.43551704,0.4592620442708333,0.251896,0.2659007161458333
2026-07-14 03:45:00+00:00,sine:chem:salt:20260715130728,3.8346655,0.48194498,0.8515135127171579,0.032032084,-0.0028641567107017,0.017986266,,0.23847489,0.1772535900141833,0.3339669,0.29967008176105,0.19504398,0.2246620754667166,0.03783167,0.03997265625,0.31838056,0.3292347005208333,0.35286507,0.3672565104166667,0.39843604,0.421400390625,0.44668886,0.4727809244791666,0.43980107,0.4663518880208333,0.4337477,0.4593629557291666,0.25080642,0.2659475911458333
2026-07-14 03:50:00+00:00,sine:chem:salt:20260715130728,3.8346655,0.47676277,0.8517084810289124,0.03227962,-0.0002589108829824,0.02067181,,0.2413257,0.1773661609058666,0.33482322,0.2995258452106834,0.19392507,0.2249394850774166,0.03767684,0.0399873046875,0.31706235,0.3292887369791666,0.35133377,0.3673440755208333,0.39675435,0.421412109375,0.44472718,0.472697265625,0.43791717,0.4662324218749999,0.43198144,0.4592584635416666,0.24971642,0.2658561197916667
2026-07-14 03:55:00+00:00,sine:chem:salt:20260715130728,2.9179988,0.45984268,0.8228755560787544,0.033014458,0.0021281813455614,0.029249685,,0.24917865,0.1843863336259833,0.3371146,0.30461753783205,0.19074835,0.2191672047235333,0.037235733,0.0391754557291666,0.31310198,0.3227965494791666,0.34660926,0.3594768880208333,0.39166802,0.4120999348958333,0.43878794,0.4623186848958333,0.43263066,0.4560341796875,0.42671955,0.4496630859375,0.2464428,0.2599622395833333
2026-07-14 04:00:00+00:00,sine:chem:salt:20260715130728,2.9179988,0.45869988,0.8206493021422908,0.033152454,0.0008547307688727,0.0305919,,0.25095624,0.18520959289815,0.3375737,0.3055137338983166,0.19013155,0.2188644487309833,0.037148044,0.0391217447916666,0.3124939,0.3223173828125,0.34590775,0.3589173177083333,0.3908872,0.4115377604166667,0.4378897,0.4616344401041666,0.43161216,0.4555478515625,0.42592758,0.4492421875,0.24595521,0.2597106119791667
